"ID Luminaria","Sin Luz","Tipo Luminaria","Dirección","Barrio","Estado de la base","Created by","Last Updated on","Observación mantenimiento","Fecha mantenimiento","Mantenimientos","Tipo de Cableado","Created on","Mantenimientos/Descripción del mantenimiento"
"LedSantaFe1480","","LED 150W","Santa Fe 1480","San Clemente","Con base en buenas condiciones","Alejandro Saposnik","2026-08-07 09:14:14","","","","Aéreo","2026-03-18 18:42:34",""
"LedPabloStampa3325","","LED 150W","Pablo Stampa 3325","San Clemente","Con base en buenas condiciones","Ana Celina Pozzi","2026-03-31 09:24:57","","","","Aéreo","2026-03-19 15:47:18",""
"LedCordoba1670","","LED 150W","Cordoba 1670","San Clemente","Con base en buenas condiciones","Emanuel Noriega Sosa","2026-03-27 15:27:29","","","","Aéreo","2026-03-19 15:48:57",""
"LedPabloStampa3396","","LED 150W","Pablo Stampa 3396","San Clemente","Con base en buenas condiciones","Ana Celina Pozzi","2026-03-20 13:08:54","","","","Aéreo","2026-03-19 15:50:48",""
"LedCordoba1615","","LED 150W","Cordoba 1615","San Clemente","Con base en buenas condiciones","Emanuel Noriega Sosa","2026-06-18 08:56:09","","","","Aéreo","2026-03-19 15:51:28",""
"LedCordoba1570","","LED 150W","Cordoba 1570","San Clemente","Con base en buenas condiciones","Emanuel Noriega Sosa","2026-03-20 13:14:46","","","","Aéreo","2026-03-19 15:53:41",""
"LedPabloStampa3425","","LED 150W","Pablo Stampa 3425","San Clemente","Con base en buenas condiciones","Ana Celina Pozzi","2026-03-26 11:17:41","","","","Aéreo","2026-03-19 15:54:25",""
"LedCordoba1525","","LED 150W","Cordoba 1525","San Clemente","Sin base","Emanuel Noriega Sosa","2026-04-17 08:39:24","","","","Aéreo","2026-03-19 15:56:51",""
"LedPabloStampa3480","","LED 150W","Pablo Stampa 3480","San Clemente","Con base en buenas condiciones","Ana Celina Pozzi","2026-03-26 11:18:03","","","","Aéreo","2026-03-19 15:59:15",""
"LedCordoba1490","","LED 150W","Cordoba 1490","San Clemente","Con base en buenas condiciones","Emanuel Noriega Sosa","2026-03-20 13:19:49","","","","Aéreo","2026-03-19 15:59:37",""
"LedPabloStampa3515","","LED 150W","Pablo Stampa 3515","San Clemente","Con base en buenas condiciones","Ana Celina Pozzi","2026-05-13 08:20:13","","","","Aéreo","2026-03-19 16:03:02",""
"LedCordoba1419","","LED 150W","Cordoba 1419","San Clemente","Con base en buenas condiciones","Emanuel Noriega Sosa","2026-03-20 15:13:32","","","","Aéreo","2026-03-19 16:03:32",""
"LedPabloStampa3580","","LED 150W","Pablo Stampa 3580","San Clemente","Con base en buenas condiciones","Ana Celina Pozzi","2026-04-10 17:11:00","","","","Aéreo","2026-03-19 16:05:23",""
"LedCordoba1390","","LED 150W","Cordoba 1390","San Clemente","Con base en buenas condiciones","Emanuel Noriega Sosa","2026-03-19 16:05:31","","","","Aéreo","2026-03-19 16:05:31",""
"LedPabloStampa3635","","LED 150W","Pablo Stampa 3635","San Clemente","Con base en buenas condiciones","Ana Celina Pozzi","2026-03-20 15:13:59","","","","Aéreo","2026-03-19 16:07:27",""
"LedCordoba1355","","LED 150W","Cordoba 1355","San Clemente","Con base en buenas condiciones","Emanuel Noriega Sosa","2026-03-20 15:14:12","","","","Aéreo","2026-03-19 16:08:26",""
"LedCordoba1290","","LED 150W","Cordoba 1290","San Clemente","Con base en buenas condiciones","Emanuel Noriega Sosa","2026-03-19 16:10:47","","","","Aéreo","2026-03-19 16:10:47",""
"LedPabloStampa3698","","LED 150W","Pablo Stampa 3698","San Clemente","Con base en buenas condiciones","Ana Celina Pozzi","2026-04-10 17:11:44","","","","Aéreo","2026-03-19 16:10:58",""
"LedPabloStampa3715","","LED 150W","Pablo Stampa 3715","San Clemente","Con base en buenas condiciones","Ana Celina Pozzi","2026-03-26 11:19:11","","","","Aéreo","2026-03-19 16:13:28",""
"LedCordoba1210","","LED 150W","Cordoba 1210","San Clemente","Sin base","Emanuel Noriega Sosa","2026-03-20 18:04:21","","","","Aéreo","2026-03-19 16:13:57",""
"LedPabloStampa3790","","LED 150W","Pablo Stampa 3790","San Clemente","Con base en buenas condiciones","Ana Celina Pozzi","2026-04-10 17:12:46","","","","Aéreo","2026-03-19 16:15:29",""
"LedCordoba1180","","LED 150W","Cordoba 1180","San Clemente","Con base en buenas condiciones","Emanuel Noriega Sosa","2026-03-20 18:12:39","","","","Aéreo","2026-03-19 16:15:33",""
"LedCordoba1125","","LED 150W","Cordoba 1125","San Clemente","Con base en malas condiciones","Emanuel Noriega Sosa","2026-03-20 18:16:48","","","","Aéreo","2026-03-19 16:18:51",""
"LedPabloStampa3815","","LED 150W","Pablo Stampa 3815","San Clemente","Con base en buenas condiciones","Ana Celina Pozzi","2026-03-20 18:08:13","","","","Aéreo","2026-03-19 16:19:26",""
"LedCordoba1080","","LED 150W","Cordoba 1080","San Clemente","Con base en buenas condiciones","Emanuel Noriega Sosa","2026-03-20 18:11:16","","","","","2026-03-19 16:20:48",""
"LedPabloStampa3890","","LED 150W","Pablo Stampa 3890","San Clemente","Con base en buenas condiciones","Ana Celina Pozzi","2026-04-10 17:13:29","","","","Aéreo","2026-03-19 16:21:38",""
"LedCordoba1025","","LED 150W","Cordoba 1025","San Clemente","Con base en buenas condiciones","Emanuel Noriega Sosa","2026-03-20 18:17:00","","","","Aéreo","2026-03-19 16:22:18",""
"LedPabloStampa3945","","LED 150W","Pablo Stampa 3945","San Clemente","Con base en buenas condiciones","Ana Celina Pozzi","2026-03-20 18:13:01","","","","Aéreo","2026-03-19 16:24:11",""
"LedPabloStampa3993","","LED 150W","Pablo Stampa 3993","San Clemente","Con base en buenas condiciones","Ana Celina Pozzi","2026-03-26 11:20:33","","","","Aéreo","2026-03-19 16:27:18",""
"LedAntartida1015","","LED 150W","Antártida 1015","San Clemente","Con base en buenas condiciones","Emanuel Noriega Sosa","2026-03-20 18:14:58","","","","Aéreo","2026-03-19 16:28:46",""
"LedAntartida1090","","LED 150W","Antártida 1090","San Clemente","Sin base","Emanuel Noriega Sosa","2026-03-20 12:36:54","","","","Aéreo","2026-03-19 16:31:05",""
"LedRivadavia3980","","LED 150W","Rivadavia 3980","San Clemente","Con base en buenas condiciones","Ana Celina Pozzi","2026-04-10 17:14:07","","","","Aéreo","2026-03-19 16:31:26",""
"LedAntartida1125","","LED 150W","Antártida 1125","San Clemente","Con base en buenas condiciones","Emanuel Noriega Sosa","2026-03-20 18:15:05","","","","Aéreo","2026-03-19 16:32:51",""
"LedRivadavia3925","","LED 150W","Rivadavia 3925","San Clemente","Con base en buenas condiciones","Ana Celina Pozzi","2026-03-26 11:21:28","","","","Aéreo","2026-03-19 16:33:10",""
"LedRivadavia3870","","LED 150W","Rivadavia 3870","San Clemente","Con base en buenas condiciones","Ana Celina Pozzi","2026-03-20 18:20:01","","","","Aéreo","2026-03-19 16:35:58",""
"LedAntartida1178","","LED 150W","Antártida 1178","San Clemente","Con base en buenas condiciones","Emanuel Noriega Sosa","2026-03-20 18:15:46","","","","Aéreo","2026-03-19 16:36:43",""
"LedRivadavia3825","","LED 150W","Rivadavia 3825","San Clemente","Con base en buenas condiciones","Ana Celina Pozzi","2026-03-20 18:19:43","","","","Aéreo","2026-03-19 16:37:30",""
"LedAntartida1215","","LED 150W","Antártida 1215","San Clemente","Con base en buenas condiciones","Emanuel Noriega Sosa","2026-03-20 18:16:18","","","","Aéreo","2026-03-19 16:39:38",""
"LedRivadavia3776","","LED 150W","Rivadavia 3776","San Clemente","Con base en buenas condiciones","Ana Celina Pozzi","2026-03-20 18:19:50","","","","Aéreo","2026-03-19 16:40:30",""
"LedAntartida1290","","LED 150W","Antártida 1290","San Clemente","Con base en buenas condiciones","Emanuel Noriega Sosa","2026-03-20 18:20:10","","","","Aéreo","2026-03-19 16:41:49",""
"LedRivadavia3725","True","LED 150W","Rivadavia 3725","San Clemente","Con base en buenas condiciones","Ana Celina Pozzi","2026-08-05 20:36:05","","","","Aéreo","2026-03-19 16:43:15",""
"LedRivadavia3680","","LED 150W","Rivadavia 3680","San Clemente","Con base en buenas condiciones","Ana Celina Pozzi","2026-04-10 17:17:32","","","","Aéreo","2026-03-19 16:44:40",""
"LedAntartida1333","","LED 150W","Antártida 1333","San Clemente","Con base en buenas condiciones","Emanuel Noriega Sosa","2026-03-20 18:20:30","","","","Aéreo","2026-03-19 16:46:00",""
"LedRivadavia3615","","LED 150W","Rivadavia 3615","San Clemente","Con base en buenas condiciones","Ana Celina Pozzi","2026-03-20 18:18:32","","","","Aéreo","2026-03-19 16:48:36",""
"LedAntartida1390","","LED 150W","Antártida 1390","San Clemente","Con base en buenas condiciones","Emanuel Noriega Sosa","2026-03-20 18:31:49","","","","Aéreo","2026-03-19 16:48:50",""
"LedRivadavia3590","","LED 150W","Rivadavia 3590","San Clemente","Con base en malas condiciones","Ana Celina Pozzi","2026-04-10 17:18:01","","","","Aéreo","2026-03-19 16:52:47",""
"LedAntartida1465","","LED 150W","Antártida 1465","San Clemente","Con base en buenas condiciones","Emanuel Noriega Sosa","2026-03-20 18:17:40","","","","Aéreo","2026-03-19 16:53:28",""
"LedRivadavia3525","","LED 150W","Rivadavia 3525","San Clemente","Con base en buenas condiciones","Ana Celina Pozzi","2026-03-20 18:18:21","","","","Aéreo","2026-03-19 16:55:34",""
"LedAntartida1450","","LED 150W","Antártida 1450","San Clemente","Con base en buenas condiciones","Emanuel Noriega Sosa","2026-03-20 18:20:40","","","","Aéreo","2026-03-19 16:55:49",""
"LedRivadavia3470","","LED 150W","Rivadavia 3470","San Clemente","Con base en buenas condiciones","Ana Celina Pozzi","2026-04-10 17:19:48","","","","Aéreo","2026-03-19 17:06:19",""
"LedRivadavia3440","","LED 150W","Rivadavia 3440","San Clemente","Con base en buenas condiciones","Ana Celina Pozzi","2026-04-10 17:20:08","","","","Aéreo","2026-03-19 17:07:36",""
"LedAntartida1535","","LED 150W","Antártida 1535","San Clemente","Con base en buenas condiciones","Emanuel Noriega Sosa","2026-03-26 09:49:00","","","","Aéreo","2026-03-19 17:09:01",""
"LedAntartida1520","","LED 150W","Antártida 1520","San Clemente","Con base en buenas condiciones","Emanuel Noriega Sosa","2026-03-26 09:49:37","","","","Aéreo","2026-03-19 17:10:27",""
"LedRivadavia3390","","LED 150W","Rivadavia 3390","San Clemente","Con base en buenas condiciones","Ana Celina Pozzi","2026-04-10 17:20:37","","","","Aéreo","2026-03-19 17:11:14",""
"LedRivadavia3323","","LED 150W","Rivadavia 3323","San Clemente","Con base en buenas condiciones","Ana Celina Pozzi","2026-03-25 14:39:47","","","","Aéreo","2026-03-19 17:12:50",""
"LedAntartida1625","","LED 150W","Antártida 1625","San Clemente","Con base en buenas condiciones","Emanuel Noriega Sosa","2026-03-20 13:39:58","","","","Aéreo","2026-03-19 17:14:39",""
"Led3DeFebrero3315","","LED 150W","3 de Febrero 3315","San Clemente","Con base en malas condiciones","Ana Celina Pozzi","2026-04-01 17:22:45","","","","Aéreo","2026-03-19 17:17:08",""
"Led3DeFebrero3373","","LED 150W","3 de Febrero 3373","San Clemente","Con base en buenas condiciones","Ana Celina Pozzi","2026-04-10 17:52:32","","","","Aéreo","2026-03-19 17:17:42",""
"LedAntartida1680","","LED 150W","Antártida 1680","San Clemente","Con base en buenas condiciones","Emanuel Noriega Sosa","2026-03-20 18:21:04","","","","Aéreo","2026-03-19 17:18:02",""
"Led3DeFebrero3433","","LED 150W","3 de Febrero 3433","San Clemente","Con base en buenas condiciones","Ana Celina Pozzi","2026-04-10 17:42:46","","","","Aéreo","2026-03-19 17:20:04",""
"Led3DeFebrero3490","","LED 150W","3 de Febrero 3490","San Clemente","Con base en buenas condiciones","Ana Celina Pozzi","2026-04-10 17:42:25","","","","Aéreo","2026-03-19 17:23:27",""
"LedSanLuis1675","","LED 150W","San Luis 1675","San Clemente","Con base en buenas condiciones","Emanuel Noriega Sosa","2026-03-19 17:24:32","","","","Aéreo","2026-03-19 17:24:32",""
"Led3DeFebrero3555","","LED 150W","3 de Febrero 3555","San Clemente","Con base en buenas condiciones","Ana Celina Pozzi","2026-04-10 17:41:39","","","","Aéreo","2026-03-19 17:25:37",""
"LedSanLuis1640","","LED 150W","San Luis 1640","San Clemente","Con base en buenas condiciones","Emanuel Noriega Sosa","2026-03-19 17:26:02","","","","Aéreo","2026-03-19 17:26:02",""
"Led3DeFebrero3585","","LED 150W","3 de Febrero 3585","San Clemente","Con base en buenas condiciones","Ana Celina Pozzi","2026-03-20 18:11:01","","","","Aéreo","2026-03-19 17:28:00",""
"LedSanLuis1565","","LED 150W","San Luis 1565","San Clemente","Con base en buenas condiciones","Emanuel Noriega Sosa","2026-03-19 17:28:39","","","","Aéreo","2026-03-19 17:28:39",""
"Led3DeFebrero3625","","LED 150W","3 de Febrero 3625","San Clemente","Con base en buenas condiciones","Ana Celina Pozzi","2026-03-25 14:38:24","","","","Aéreo","2026-03-19 17:29:59",""
"LedSanLuis1510","","LED 150W","San Luis 1510","San Clemente","Con base en buenas condiciones","Emanuel Noriega Sosa","2026-03-20 18:14:00","","","","Aéreo","2026-03-19 17:31:50",""
"LedSanLuis1465","","LED 150W","San Luis 1465","San Clemente","Con base en malas condiciones","Emanuel Noriega Sosa","2026-03-20 18:11:49","","","","Aéreo","2026-03-19 17:34:56",""
"Led3DeFebrero3690","","LED 150W","3 de Febrero 3690","San Clemente","Con base en buenas condiciones","Ana Celina Pozzi","2026-03-20 18:06:32","","","","Aéreo","2026-03-19 17:35:11",""
"Led3DeFebrero3715","","LED 150W","3 de Febrero 3715","San Clemente","Con base en buenas condiciones","Ana Celina Pozzi","2026-06-12 18:35:42","","","R/065170","Aéreo","2026-03-19 17:37:35",""
"LedSanLuis1420","","LED 150W","San Luis 1420","San Clemente","Sin base","Emanuel Noriega Sosa","2026-03-20 18:22:14","","","","Aéreo","2026-03-19 17:37:38",""
"LedSanLuis1380","","LED 150W","San Luis 1380","San Clemente","Con base en buenas condiciones","Emanuel Noriega Sosa","2026-03-20 18:22:03","","","","Aéreo","2026-03-19 17:40:03",""
"Led3DeFebrero3785","","LED 150W","3 de Febrero 3785","San Clemente","Con base en buenas condiciones","Ana Celina Pozzi","2026-04-10 17:40:57","","","","Aéreo","2026-03-19 17:41:05",""
"LedSanLuis1355","","LED 150W","San Luis 1355","San Clemente","Sin base","Emanuel Noriega Sosa","2026-03-20 18:14:09","","","","Aéreo","2026-03-19 17:42:28",""
"LedSanLuis1260","","LED 150W","San Luis 1260","San Clemente","Sin base","Emanuel Noriega Sosa","2026-03-25 14:52:28","","","","Aéreo","2026-03-19 17:44:51",""
"Led3DeFebrero3805","","LED 150W","3 de Febrero 3805","San Clemente","Con base en buenas condiciones","Ana Celina Pozzi","2026-03-20 18:06:03","","","","Aéreo","2026-03-19 17:46:48",""
"Led3DeFebrero3875","","LED 150W","3 de Febrero 3875","San Clemente","Con base en buenas condiciones","Ana Celina Pozzi","2026-03-25 10:26:58","","","","Aéreo","2026-03-19 17:49:19",""
"LedSanLuis1215","","LED 150W","San Luis 1215","San Clemente","Con base en buenas condiciones","Emanuel Noriega Sosa","2026-03-20 18:05:11","","","","Aéreo","2026-03-19 17:49:27",""
"Led3DeFebrero3905","","LED 150W","3 de Febrero 3905","San Clemente","Con base en buenas condiciones","Ana Celina Pozzi","2026-04-10 17:39:38","","","","Aéreo","2026-03-19 17:50:44",""
"LedSanLuis1160","","LED 150W","San Luis 1160","San Clemente","Sin base","Emanuel Noriega Sosa","2026-03-20 18:38:14","","","","Aéreo","2026-03-19 17:51:30",""
"LedSanLuis1117","","LED 150W","San Luis 1117","San Clemente","Sin base","Emanuel Noriega Sosa","2026-03-20 18:40:44","","","","Aéreo","2026-03-19 17:52:55",""
"Led3DeFebrero3985","","LED 150W","3 de Febrero 3985","San Clemente","Con base en buenas condiciones","Ana Celina Pozzi","2026-03-20 18:34:04","","","","Aéreo","2026-03-19 17:53:46",""
"LedSanLuis1070","","LED 150W","San Luis 1070","San Clemente","Sin base","Emanuel Noriega Sosa","2026-03-20 18:42:20","","","","Aéreo","2026-03-19 17:55:46",""
"LedEntreRíos3980","","LED 150W","Entre Ríos 3980","San Clemente","Con base en buenas condiciones","Ana Celina Pozzi","2026-03-20 18:34:36","","","","Aéreo","2026-03-19 17:56:30",""
"LedSanLuis1015","","LED 150W","San Luis 1015","San Clemente","Sin base","Emanuel Noriega Sosa","2026-03-20 18:35:02","","","","Aéreo","2026-03-19 17:56:53",""
"LedEntreRíos3925","","LED 150W","3 de Febrero 3925","San Clemente","Con base en buenas condiciones","Ana Celina Pozzi","2026-03-20 18:34:51","","","","Aéreo","2026-03-19 17:59:46",""
"LedEntreRíos3880","","LED 150W","Entre Ríos 3880","San Clemente","Con base en buenas condiciones","Ana Celina Pozzi","2026-03-26 10:49:33","","","","Aéreo","2026-03-19 18:02:25",""
"LedSantaFe1015","","LED 150W","Santa Fe 1015","San Clemente","Sin base","Emanuel Noriega Sosa","2026-03-20 18:40:58","","","","Aéreo","2026-03-19 18:03:04",""
"LedEntreRíos3819","","LED 150W","Entre Ríos 3819","San Clemente","Con base en buenas condiciones","Ana Celina Pozzi","2026-03-30 09:26:03","","","","Aéreo","2026-03-19 18:06:28",""
"LedSantaFe1090","","LED 150W","Santa Fe 1090","San Clemente","Sin base","Emanuel Noriega Sosa","2026-03-20 18:39:07","","","","Aéreo","2026-03-19 18:06:30",""
"LedSantaFe1145","","LED 150W","Santa Fe 1145","San Clemente","Sin base","Emanuel Noriega Sosa","2026-03-20 18:42:05","","","","Aéreo","2026-03-19 18:09:13",""
"LedEntreRíos3780","","LED 150W","Entre Ríos 3780","San Clemente","Con base en buenas condiciones","Ana Celina Pozzi","2026-03-20 18:35:21","","","","Aéreo","2026-03-19 18:09:26",""
"LedSantaFe1190","","LED 150W","Santa  Fe 1190","San Clemente","Sin base","Emanuel Noriega Sosa","2026-03-20 18:38:58","","","","Aéreo","2026-03-19 18:12:16",""
"LedSantaFe1204","","LED 150W","Santa Fe 1204","San Clemente","Sin base","Emanuel Noriega Sosa","2026-03-20 18:41:54","","","","Aéreo","2026-03-19 18:14:38",""
"LedEntreRíos3660","","LED 150W","Entre Rios 3660","San Clemente","Con base en buenas condiciones","Ana Celina Pozzi","2026-03-23 20:52:34","","","","Aéreo","2026-03-19 18:15:16",""
"LedSantaFe1280","","LED 150W","Santa Fe 1280","San Clemente","Sin base","Emanuel Noriega Sosa","2026-03-20 18:43:02","","","","Aéreo","2026-03-19 18:17:55",""
"LedSantaFe1390","","LED 150W","Santa Fe 1390","San Clemente","Con base en buenas condiciones","Emanuel Noriega Sosa","2026-03-20 18:31:56","","","","Aéreo","2026-03-19 18:21:31",""
"LedEntreRíos3584","","LED 150W","Entre Rios 3584","San Clemente","Con base en buenas condiciones","Ana Celina Pozzi","2026-03-20 18:35:38","","","","Aéreo","2026-03-19 18:22:05",""
"LedEntreRíos3605","","LED 150W","Entre Rios 3605","San Clemente","Sin base","Ana Celina Pozzi","2026-04-01 17:45:01","","","","Aéreo","2026-03-19 18:23:57",""
"LedSantaFe 1370","","LED 150W","Santa Fe 1370","San Clemente","Con base en buenas condiciones","Emanuel Noriega Sosa","2026-03-19 18:24:27","","","","Aéreo","2026-03-19 18:24:27",""
"LedEntreRíos3470","","LED 150W","Entre Ríos 3470","San Clemente","Con base en buenas condiciones","Ana Celina Pozzi","2026-03-20 18:42:31","","","","Aéreo","2026-03-19 18:26:36",""
"LedEntreRíos3405","","LED 150W","Entre Rios 3405","San Clemente","Sin base","Ana Celina Pozzi","2026-03-20 18:42:40","","","","Aéreo","2026-03-19 18:28:26",""
"LedEntreRíos3380","","LED 150W","Entre Rios 3380","San Clemente","Con base en buenas condiciones","Ana Celina Pozzi","2026-03-20 18:43:19","","","","Aéreo","2026-03-19 18:30:02",""
"LedEntreRíos3325","","LED 150W","Entre Ríos 3325","San Clemente","Con base en buenas condiciones","Ana Celina Pozzi","2026-03-20 18:43:27","","","","Aéreo","2026-03-19 18:31:30",""
"LedSantaFe1525","","LED 150W","Santa Fe 1525","San Clemente","Con base en buenas condiciones","Emanuel Noriega Sosa","2026-03-20 18:43:47","","","","Aéreo","2026-03-19 18:32:41",""
"LedSantaFe1590","","LED 150W","Santa Fe 1590","San Clemente","Con base en buenas condiciones","Emanuel Noriega Sosa","2026-03-20 18:44:01","","","","Aéreo","2026-03-19 18:34:47",""
"LedSantaFe1645","","LED 150W","Santa Fe 1645","San Clemente","Sin base","Emanuel Noriega Sosa","2026-03-20 18:44:07","","","","Aéreo","2026-03-19 18:37:45",""
"LedSantaFe1685","","LED 150W","Santa Fe 1685","San Clemente","Sin base","Emanuel Noriega Sosa","2026-03-20 18:09:40","","","","Aéreo","2026-03-19 18:40:09",""
"LedChaco1680","","LED 150W","Chaco 1680","San Clemente","Con base en buenas condiciones","Emanuel Noriega Sosa","2026-03-20 16:42:01","","","","Aéreo","2026-03-20 16:42:01",""
"LedChaco1645","","LED 150W","Chaco 1645","San Clemente","Sin base","Emanuel Noriega Sosa","2026-03-20 16:44:07","","","","Aéreo","2026-03-20 16:44:07",""
"LedAlberdi3925","","LED 150W","Alberdi 3925","San Clemente","Con base en buenas condiciones","Ana Celina Pozzi","2026-03-20 16:46:26","","","","Aéreo","2026-03-20 16:46:26",""
"LedChaco1580","","LED 150W","Chaco 1580","San Clemente","Con base en buenas condiciones","Emanuel Noriega Sosa","2026-03-20 16:46:53","","","","Aéreo","2026-03-20 16:46:53",""
"LedChaco1545","","LED 150W","Chaco 1545","San Clemente","Con base en buenas condiciones","Emanuel Noriega Sosa","2026-03-20 16:48:14","","","","Aéreo","2026-03-20 16:48:14",""
"LedAlberdi3980","","LED 150W","Alberdi 3980","San Clemente","Con base en buenas condiciones","Ana Celina Pozzi","2026-03-20 16:48:22","","","","Aéreo","2026-03-20 16:48:22",""
"LedChaco1480","","LED 150W","Chaco 1480","San Clemente","Sin base","Emanuel Noriega Sosa","2026-03-20 16:49:59","","","","Aéreo","2026-03-20 16:49:59",""
"LedChaco1435","","LED 150W","Chaco 1435","San Clemente","Con base en buenas condiciones","Emanuel Noriega Sosa","2026-03-20 16:51:21","","","","Aéreo","2026-03-20 16:51:21",""
"LedAlberdi3880","","LED 150W","Alberdi 3880","San Clemente","Con base en buenas condiciones","Ana Celina Pozzi","2026-03-20 16:51:37","","","","Aéreo","2026-03-20 16:51:37",""
"LedChaco1376","","LED 150W","Chaco 1376","San Clemente","Sin base","Emanuel Noriega Sosa","2026-03-20 16:53:49","","","","Aéreo","2026-03-20 16:53:49",""
"LedAlberdi3825","","LED 150W","Alberdi 3825","San Clemente","Con base en buenas condiciones","Ana Celina Pozzi","2026-03-25 14:37:23","","","","Aéreo","2026-03-20 16:53:54",""
"LedChaco1345","","LED 150W","Chaco 1345","San Clemente","Con base en malas condiciones","Emanuel Noriega Sosa","2026-03-20 16:55:33","","","","Aéreo","2026-03-20 16:55:33",""
"LedAlberdi3790","","LED 150W","Alberdi 3790","San Clemente","Con base en buenas condiciones","Ana Celina Pozzi","2026-03-20 16:55:44","","","","Aéreo","2026-03-20 16:55:44",""
"LedAlberdi3715","","LED 150W","Alberdi 3715","San Clemente","Con base en buenas condiciones","Ana Celina Pozzi","2026-03-25 14:37:54","","","","Aéreo","2026-03-20 16:58:09",""
"LedChaco1280","","LED 150W","Chaco 1280","San Clemente","Sin base","Emanuel Noriega Sosa","2026-03-20 18:24:37","","","","Aéreo","2026-03-20 16:59:40",""
"LedAlberdi3680","","LED 150W","Alberdi 3680","San Clemente","Con base en buenas condiciones","Ana Celina Pozzi","2026-03-20 16:59:57","","","","Aéreo","2026-03-20 16:59:57",""
"LedChaco1225","","LED 150W","Chaco 1225","San Clemente","Sin base","Emanuel Noriega Sosa","2026-03-20 17:01:01","","","","Aéreo","2026-03-20 17:01:01",""
"LedAlberdi3615","","LED 150W","Alberdi 3615","San Clemente","Con base en buenas condiciones","Ana Celina Pozzi","2026-03-26 09:57:13","","","","Aéreo","2026-03-20 17:02:25",""
"LedChaco1190","","LED 150W","Chaco 1190","San Clemente","Con base en buenas condiciones","Emanuel Noriega Sosa","2026-03-25 14:56:23","","","","Aéreo","2026-03-20 17:04:10",""
"LedAlberdi3590","","LED 150W","Alberdi 3590","San Clemente","Con base en buenas condiciones","Ana Celina Pozzi","2026-03-20 17:04:47","","","","Aéreo","2026-03-20 17:04:47",""
"LedChaco1115","","LED 150W","Chaco 1115","San Clemente","Con base en buenas condiciones","Emanuel Noriega Sosa","2026-03-20 17:06:03","","","","Aéreo","2026-03-20 17:06:03",""
"LedAlberdi3625","","LED 150W","Alberdi 3625","San Clemente","Con base en buenas condiciones","Ana Celina Pozzi","2026-03-25 14:35:51","","","","Aéreo","2026-03-20 17:06:47",""
"LedChaco1080","","LED 150W","Chaco 1080","San Clemente","Sin base","Emanuel Noriega Sosa","2026-03-20 17:06:57","","","","Aéreo","2026-03-20 17:06:57",""
"LedChaco1031","","LED 150W","Chaco 1031","San Clemente","Sin base","Emanuel Noriega Sosa","2026-03-20 17:09:37","","","","Aéreo","2026-03-20 17:09:37",""
"LedAlberdi3490","","LED 150W","Alberdi 3490","San Clemente","Con base en buenas condiciones","Ana Celina Pozzi","2026-03-20 17:10:05","","","","Aéreo","2026-03-20 17:10:05",""
"LedAlberdi3425","","LED 150W","Alberdi 3425","San Clemente","Con base en buenas condiciones","Ana Celina Pozzi","2026-03-20 17:12:06","","","","Aéreo","2026-03-20 17:10:55",""
"LedMendoza1020","","LED 150W","Mendoza 1020","San Clemente","Sin base","Emanuel Noriega Sosa","2026-03-20 17:14:05","","","","Aéreo","2026-03-20 17:11:34",""
"LedAlberdi3380","","LED 150W","Alberdi 3380","San Clemente","Con base en buenas condiciones","Ana Celina Pozzi","2026-03-20 17:13:45","","","","Aéreo","2026-03-20 17:13:45",""
"LedMendoza1085","","LED 150W","Mendoza 1085","San Clemente","Sin base","Emanuel Noriega Sosa","2026-03-26 10:11:11","","","","Aéreo","2026-03-20 17:15:23",""
"LedAlberdi3315","","LED 150W","Alberdi 3315","San Clemente","Con base en buenas condiciones","Ana Celina Pozzi","2026-03-20 17:15:42","","","","Aéreo","2026-03-20 17:15:42",""
"LedMendonza1120","","LED 150W","Mendoza 1120","San Clemente","Sin base","Emanuel Noriega Sosa","2026-03-20 17:18:20","","","","Aéreo","2026-03-20 17:18:20",""
"LedSaenzPeña3325","","LED 150W","Saen Peña 3315","San Clemente","Con base en buenas condiciones","Ana Celina Pozzi","2026-03-25 14:33:21","","","","Aéreo","2026-03-20 17:18:46",""
"LedMendonza1186","","LED 150W","Mendoza 1186","San Clemente","Sin base","Emanuel Noriega Sosa","2026-03-20 17:22:16","","","","Aéreo","2026-03-20 17:22:16",""
"LedMendonza1210","","LED 150W","Mendoza 1210","San Clemente","Sin base","Emanuel Noriega Sosa","2026-03-20 17:26:34","","","","Aéreo","2026-03-20 17:23:45",""
"LedSaenzPeña3390","","LED 150W","Saenz Peña 3390","San Clemente","Con base en buenas condiciones","Ana Celina Pozzi","2026-03-25 14:34:59","","","","Aéreo","2026-03-20 17:25:11",""
"LedSaenzPeña3425","","LED 150W","Saenz Peña 3425","San Clemente","Con base en buenas condiciones","Ana Celina Pozzi","2026-03-25 14:31:34","","","","Aéreo","2026-03-20 17:27:02",""
"LedMendoza1220","","LED 150W","Mendoza 1220","San Clemente","Sin base","Emanuel Noriega Sosa","2026-03-26 10:53:09","","","","Aéreo","2026-03-20 17:27:51",""
"LedSaenzPeña3480","","LED 150W","Saenz Peña 3480","San Clemente","Con base en buenas condiciones","Ana Celina Pozzi","2026-03-25 14:34:44","","","","Aéreo","2026-03-20 17:28:24",""
"LedMendonza1320","","LED 150W","Mendoza 1320","San Clemente","Sin base","Emanuel Noriega Sosa","2026-03-20 17:29:36","","","","Aéreo","2026-03-20 17:29:36",""
"LedSaenPeña3515","","LED 150W","Saenz Peña 3515","San Clemente","Con base en buenas condiciones","Ana Celina Pozzi","2026-03-20 17:30:26","","","","Aéreo","2026-03-20 17:30:26",""
"LedMendonza1380","","LED 150W","Mendoza 1380","San Clemente","Sin base","Emanuel Noriega Sosa","2026-03-20 17:31:42","","","","Aéreo","2026-03-20 17:31:42",""
"LedSaenzPeña3580","","LED 150W","Saenz Peña 3580","San Clemente","Con base en buenas condiciones","Ana Celina Pozzi","2026-03-20 17:32:29","","","","Aéreo","2026-03-20 17:32:29",""
"LedMendoza1416","","LED 150W","Mendoza 1416","San Clemente","Con base en malas condiciones","Emanuel Noriega Sosa","2026-03-20 17:45:57","","","","Aéreo","2026-03-20 17:33:34",""
"LedSaenzPeña3630","","LED 150W","Saenz Peña 3630","San Clemente","Con base en buenas condiciones","Ana Celina Pozzi","2026-03-20 17:34:14","","","","Aéreo","2026-03-20 17:34:14",""
"LedMendoza1496","","LED 150W","Mendoza 1496","San Clemente","Sin base","Emanuel Noriega Sosa","2026-03-20 17:36:01","","","","Aéreo","2026-03-20 17:36:01",""
"LedSaenzPeña3690","","LED 150W","Saenz Peña 3690","San Clemente","Con base en buenas condiciones","Ana Celina Pozzi","2026-03-20 17:36:06","","","","Aéreo","2026-03-20 17:36:06",""
"LedSaenzPeña3715","","LED 150W","Saenz Peña 3715","San Clemente","Con base en buenas condiciones","Ana Celina Pozzi","2026-03-25 14:30:29","","","","Aéreo","2026-03-20 17:37:14",""
"LedMendoza1535","","LED 150W","Mendoza 1535","San Clemente","Sin base","Emanuel Noriega Sosa","2026-03-20 17:46:40","","","","Aéreo","2026-03-20 17:38:35",""
"LedMendoza1590","","LED 150W","Mendoza 1590","San Clemente","Sin base","Emanuel Noriega Sosa","2026-03-20 17:46:54","","","","Aéreo","2026-03-20 17:40:39",""
"LedSaenzPeña3780","","LED 150W","Saenz Peña 3780","San Clemente","Con base en buenas condiciones","Ana Celina Pozzi","2026-03-20 17:40:40","","","","Aéreo","2026-03-20 17:40:40",""
"LedSaenzPeña3825","","LED 150W","Saenz Peña 3825","San Clemente","Con base en buenas condiciones","Ana Celina Pozzi","2026-03-25 14:29:50","","","","Aéreo","2026-03-20 17:42:36",""
"LedMendoza1662","","LED 150W","Mendoza 1662","San Clemente","Sin base","Emanuel Noriega Sosa","2026-03-20 17:42:49","","","","Aéreo","2026-03-20 17:42:49",""
"LedSaenzPeña3890","","LED 150W","Saenz Peña 3890","San Clemente","Con base en buenas condiciones","Ana Celina Pozzi","2026-03-20 17:43:59","","","","Aéreo","2026-03-20 17:43:59",""
"LedMendonza1670","","LED 150W","Mendoza 1670","San Clemente","Con base en buenas condiciones","Emanuel Noriega Sosa","2026-03-20 17:47:22","","","","Aéreo","2026-03-20 17:45:09",""
"LedSaenzPeña3925","","LED 150W","Saenz Peña 3925","San Clemente","Con base en buenas condiciones","Ana Celina Pozzi","2026-03-26 10:11:46","","","","Aéreo","2026-03-20 17:45:34",""
"LedSaenzPeña3980","","LED 150W","Saenz Peña 3980","San Clemente","Con base en buenas condiciones","Ana Celina Pozzi","2026-04-15 11:09:22","","","","Aéreo","2026-03-20 17:47:01",""
"LedAvSiburu1685","","LED 150W","Av Siburu 1685","San Clemente","Con base en buenas condiciones","Ana Celina Pozzi","2026-04-15 09:50:29","","","","Aéreo","2026-03-25 15:47:52",""
"LedAvSiburu1665","","LED 150W","Av Siburu 1665","San Clemente","Con base en buenas condiciones","Ana Celina Pozzi","2026-04-15 09:51:04","","","","Aéreo","2026-03-25 15:50:00",""
"LedAvSiburu1605","","LED 150W","Av Siburu 1605","San Clemente","Sin base","Ana Celina Pozzi","2026-04-15 09:51:21","","","","Aéreo","2026-03-25 15:52:09",""
"LedAv9DeJulio3305","","LED 150W","Av 9 de Julio 3305","San Clemente","Con base en buenas condiciones","Emanuel Noriega Sosa","2026-04-08 09:46:31","","","","Aéreo","2026-03-25 15:52:51",""
"LedAv9DeJulio3375","","LED 150W","Av 9 de Julio 3375","San Clemente","Con base en malas condiciones","Emanuel Noriega Sosa","2026-04-08 09:46:25","","","","Aéreo","2026-03-25 15:55:10",""
"LedAv9DeJulio3401","","LED 150W","Av 9 de Julio 3401","San Clemente","Sin base","Emanuel Noriega Sosa","2026-04-08 09:46:09","","","","Aéreo","2026-03-25 15:56:40",""
"LedAvSiburu1505","","LED 150W","Av Siburu 1505","San Clemente","Con base en buenas condiciones","Ana Celina Pozzi","2026-04-15 09:51:33","","","","Aéreo","2026-03-25 15:57:18",""
"LedAvSiburu1575","","LED 150W","Av Siburu 1575","San Clemente","Sin base","Ana Celina Pozzi","2026-04-15 09:53:16","","","","Aéreo","2026-03-25 15:58:18",""
"LedAv9DeJulio3455","","LED 150W","Av 9 de Julio 3455","San Clemente","Con base en buenas condiciones","Emanuel Noriega Sosa","2026-04-08 09:46:00","","","","Aéreo","2026-03-25 16:00:04",""
"LedAvSiburu1509","","LED 150W","Av Siburu 1509","San Clemente","Con base en buenas condiciones","Ana Celina Pozzi","2026-04-15 09:53:43","","","","Aéreo","2026-03-25 16:00:07",""
"LedAvSiburu1485","","LED 150W","Av Siburu 1485","San Clemente","Con base en buenas condiciones","Ana Celina Pozzi","2026-04-15 09:54:02","","","","Aéreo","2026-03-25 16:01:42",""
"LedAvSiburu1475","","LED 150W","Av Siburu 1475","San Clemente","Con base en buenas condiciones","Ana Celina Pozzi","2026-04-15 09:54:17","","","","Aéreo","2026-03-25 16:02:57",""
"LedAvSiburu1405","","LED 150W","Av Siburu 1405","San Clemente","Con base en malas condiciones","Ana Celina Pozzi","2026-04-15 09:54:29","","","","Aéreo","2026-03-25 16:03:48",""
"LedAvSiburu1385","","LED 150W","Av Siburu 1385","San Clemente","Con base en buenas condiciones","Ana Celina Pozzi","2026-04-15 09:54:39","","","","Aéreo","2026-03-25 16:06:20",""
"LedAvSiburu1365","","LED 150W","Av Siburu 1365","San Clemente","Con base en buenas condiciones","Ana Celina Pozzi","2026-04-15 09:54:53","","","","Aéreo","2026-03-25 16:07:41",""
"LedAvSiburu1305","","LED 150W","Av Siburu 1305","San Clemente","Sin base","Ana Celina Pozzi","2026-04-15 09:55:11","","","","Aéreo","2026-03-25 16:09:22",""
"LedAvSiburu1295","","LED 150W","Av Siburu 1295","San Clemente","Con base en buenas condiciones","Ana Celina Pozzi","2026-04-15 09:55:28","","","","Aéreo","2026-03-25 16:12:20",""
"LedAvSiburu1265","","LED 150W","Av Siburu 1265","San Clemente","Con base en buenas condiciones","Ana Celina Pozzi","2026-04-15 09:59:59","","","","Aéreo","2026-03-25 16:13:22",""
"LedAvSiburu1215","","LED 150W","Av Siburu 1215","San Clemente","Con base en buenas condiciones","Ana Celina Pozzi","2026-04-15 10:00:10","","","","Aéreo","2026-03-25 16:15:24",""
"LedAvSiburu1195","","LED 150W","Av Siburu 1195","San Clemente","Con base en buenas condiciones","Ana Celina Pozzi","2026-04-15 10:01:16","","","","Aéreo","2026-03-25 16:17:28",""
"LedAv9DeJulio3515","","LED 150W","Av 9 de Julio 3515","San Clemente","Sin base","Emanuel Noriega Sosa","2026-04-08 09:45:53","","","","Aéreo","2026-03-25 16:18:40",""
"LedAvSiburu1185","","LED 150W","Av Siburu 1185","San Clemente","Con base en buenas condiciones","Ana Celina Pozzi","2026-04-15 10:23:36","","","","Aéreo","2026-03-25 16:18:54",""
"LedAv9DeJulio3575","","LED 150W","Av 9 de Julio 3575","San Clemente","Con base en buenas condiciones","Emanuel Noriega Sosa","2026-04-08 09:45:42","","","","Aéreo","2026-03-25 16:20:37",""
"LedAvSiburu1105","","LED 150W","Av Siburu 1105","San Clemente","Con base en buenas condiciones","Ana Celina Pozzi","2026-04-15 10:23:52","","","","Aéreo","2026-03-25 16:22:18",""
"LedAv9DeJulio3611","","LED 150W","Av 9 de Julio 3611","San Clemente","Con base en buenas condiciones","Emanuel Noriega Sosa","2026-04-08 09:45:02","","","","Aéreo","2026-03-25 16:22:35",""
"LedAvSiburu1085","","LED 150W","Av Siburu 1085","San Clemente","Con base en buenas condiciones","Ana Celina Pozzi","2026-04-15 10:24:19","","","","Aéreo","2026-03-25 16:23:42",""
"LedAv9DeJulio3665","","LED 150W","Av 9 de Julio 3665","San Clemente","Con base en buenas condiciones","Emanuel Noriega Sosa","2026-04-08 09:30:13","","","","Aéreo","2026-03-25 16:24:21",""
"LedAvSiburu1065","","LED 150W","Av Siburu 1065","San Clemente","Con base en buenas condiciones","Ana Celina Pozzi","2026-04-15 10:24:29","","","","Aéreo","2026-03-25 16:25:01",""
"LedAv9DeJulio3715","","LED 150W","Av 9 de Julio 3715","San Clemente","Con base en buenas condiciones","Emanuel Noriega Sosa","2026-04-08 09:30:06","","","","Aéreo","2026-03-25 16:25:18",""
"LedAvSiburu1015","","LED 150W","Av Siburu 1015","San Clemente","Con base en buenas condiciones","Ana Celina Pozzi","2026-04-15 10:24:40","","","","Aéreo","2026-03-25 16:26:39",""
"LedAv9DeJulio3765","","LED 150W","Av 9 de Julio 3765","San Clemente","Con base en buenas condiciones","Emanuel Noriega Sosa","2026-04-08 09:29:58","","","","Aéreo","2026-03-25 16:28:05",""
"LedAvYrigoyen3310","","LED 150W","Av Yrigoyen 3310","San Clemente","Con base en buenas condiciones","Ana Celina Pozzi","2026-04-14 17:12:37","","","","Subterráneo","2026-03-25 16:28:56",""
"LedAv9DeJulio3815","","LED 150W","Av 9 de Julio 3815","San Clemente","Con base en buenas condiciones","Emanuel Noriega Sosa","2026-04-08 09:29:51","","","","Aéreo","2026-03-25 16:30:04",""
"LedAvYrigoyen3350","","LED 150W","Av Yrigoyen 3350","San Clemente","Con base en buenas condiciones","Ana Celina Pozzi","2026-04-14 17:12:46","","","","Subterráneo","2026-03-25 16:31:58",""
"LedAv9DeJulio3865","","LED 150W","Av 9 de Julio 3865","San Clemente","Con base en buenas condiciones","Emanuel Noriega Sosa","2026-04-08 09:29:36","","","","Aéreo","2026-03-25 16:32:01",""
"LedAvYrigoyen3390","","LED 150W","Av Yrigoyen 3390","San Clemente","Sin base","Ana Celina Pozzi","2026-04-14 17:13:00","","","","Subterráneo","2026-03-25 16:33:45",""
"LedAv9DeJulio3895","","LED 150W","Av 9 de Julio 3895","San Clemente","Sin base","Emanuel Noriega Sosa","2026-04-08 09:28:18","","","","Aéreo","2026-03-25 16:33:54",""
"LedAvYrigoyen3410","","LED 150W","Av Yrigoyen 3410","San Clemente","Con base en buenas condiciones","Ana Celina Pozzi","2026-04-14 17:18:08","","","","Subterráneo","2026-03-25 16:35:16",""
"LedAv9DeJulio3915","","LED 150W","Av 9 de Julio 3915","San Clemente","Con base en buenas condiciones","Emanuel Noriega Sosa","2026-04-08 09:27:20","","","","Aéreo","2026-03-25 16:35:55",""
"LedAvYrigoyen3450","","LED 150W","Av Yrigoyen 3450","San Clemente","Con base en buenas condiciones","Ana Celina Pozzi","2026-04-14 17:13:08","","","","Subterráneo","2026-03-25 16:36:47",""
"LedAv9DeJulio3995","","LED 150W","Av 9 de Julio 3995","San Clemente","Con base en buenas condiciones","Emanuel Noriega Sosa","2026-04-08 09:27:12","","","","Aéreo","2026-03-25 16:37:14",""
"LedAvYrigoyen3490","","LED 150W","Av Yrigoyen 3490","San Clemente","Con base en buenas condiciones","Ana Celina Pozzi","2026-04-14 17:13:15","","","","Subterráneo","2026-03-25 16:38:23",""
"LedAvAlem1650","","LED 150W","Av Alem 1650","San Clemente","Con base en buenas condiciones","Emanuel Noriega Sosa","2026-03-25 16:39:35","","","","Aéreo","2026-03-25 16:39:35",""
"LedAvYrigoyen3510","","LED 150W","Av Yrigoyen 3510","San Clemente","Con base en buenas condiciones","Ana Celina Pozzi","2026-04-14 17:13:22","","","","Subterráneo","2026-03-25 16:40:15",""
"LedAvAlem1610","","LED 150W","Av Alem 1610","San Clemente","Con base en buenas condiciones","Emanuel Noriega Sosa","2026-03-25 16:40:56","","","","Aéreo","2026-03-25 16:40:56",""
"LedAvYrigoyen3550","","LED 150W","Av Yrigoyen 3550","San Clemente","Con base en buenas condiciones","Ana Celina Pozzi","2026-04-14 17:17:25","","","","Subterráneo","2026-03-25 16:41:37",""
"LedAvYrigoyen3590","","LED 150W","Av Yrigoyen 3590","San Clemente","Con base en buenas condiciones","Ana Celina Pozzi","2026-04-14 17:13:28","","","","Subterráneo","2026-03-25 16:42:53",""
"LedAvAlem1580","","LED 150W","Av Alem 1580","San Clemente","Con base en buenas condiciones","Emanuel Noriega Sosa","2026-03-25 16:43:12","","","","Aéreo","2026-03-25 16:43:12",""
"LedAvYrigoyen3610","","LED 150W","Av Yrigoyen 3610","San Clemente","Con base en buenas condiciones","Ana Celina Pozzi","2026-04-09 09:36:57","","","","Subterráneo","2026-03-25 16:44:20",""
"LedAvAlem1510","","LED 150W","Av Alem 1510","San Clemente","Con base en buenas condiciones","Emanuel Noriega Sosa","2026-03-25 16:44:31","","","","Aéreo","2026-03-25 16:44:31",""
"LedAvYrigoyen3650","","LED 150W","Av Yrigoyen 3650","San Clemente","Con base en buenas condiciones","Ana Celina Pozzi","2026-04-14 17:13:52","","","","Subterráneo","2026-03-25 16:45:39",""
"LedAvAlem1456","","LED 150W","Av Alem 1456","San Clemente","Con base en buenas condiciones","Emanuel Noriega Sosa","2026-03-25 16:46:32","","","","Aéreo","2026-03-25 16:46:32",""
"LedAvYrigoyen3690","","LED 150W","Av Yrigoyen 3690","San Clemente","Con base en buenas condiciones","Ana Celina Pozzi","2026-04-14 17:14:10","","","","Subterráneo","2026-03-25 16:46:48",""
"LedAvAlem1410","","LED 150W","Av Alem 1410","San Clemente","Con base en buenas condiciones","Emanuel Noriega Sosa","2026-03-25 16:47:50","","","","Aéreo","2026-03-25 16:47:50",""
"LedAvYrigoyen3710","","LED 150W","Av Yrigoyen 3710","San Clemente","Con base en buenas condiciones","Ana Celina Pozzi","2026-04-14 17:14:04","","","","Subterráneo","2026-03-25 16:48:03",""
"LedAvAlem1380","","LED 150W","Av Alem 1380","San Clemente","Con base en buenas condiciones","Emanuel Noriega Sosa","2026-03-25 16:49:36","","","","Aéreo","2026-03-25 16:49:36",""
"LedAvYrigoyen3750","","LED 150W","Av Yrigoyen 3750","San Clemente","Con base en buenas condiciones","Ana Celina Pozzi","2026-04-14 17:17:11","","","","Subterráneo","2026-03-25 16:49:37",""
"LedAvYrigoyen3790","","LED 150W","Av Yrigoyen 3790","San Clemente","Con base en buenas condiciones","Ana Celina Pozzi","2026-04-14 17:14:24","","","","Subterráneo","2026-03-25 16:50:51",""
"LedAvAlem1340","","LED 150W","Av Alem 1340","San Clemente","Con base en buenas condiciones","Emanuel Noriega Sosa","2026-03-25 16:51:53","","","","Aéreo","2026-03-25 16:51:53",""
"LedAvYrigoyen3810","","LED 150W","Av Yrigoyen 3810","San Clemente","Con base en buenas condiciones","Ana Celina Pozzi","2026-04-14 17:14:45","","","","Subterráneo","2026-03-25 16:52:21",""
"LedAvYrigoyen3850","","LED 150W","Av Yrigoyen 3850","San Clemente","Con base en buenas condiciones","Ana Celina Pozzi","2026-04-14 17:14:59","","","","Subterráneo","2026-03-25 16:53:55",""
"LedAvAlem1298","","LED 150W","Av Alem 1298","San Clemente","Con base en buenas condiciones","Emanuel Noriega Sosa","2026-03-25 16:54:16","","","","Aéreo","2026-03-25 16:54:16",""
"LedAvYrigoyen3890","","LED 150W","Av Yrigoyen 3890","San Clemente","Con base en buenas condiciones","Ana Celina Pozzi","2026-04-14 17:15:06","","","","Subterráneo","2026-03-25 16:55:08",""
"LedAvYrigoyen3910","","LED 150W","Av Yrigoyen 3910","San Clemente","Con base en buenas condiciones","Ana Celina Pozzi","2026-04-14 17:15:59","","","","Subterráneo","2026-03-25 16:56:30",""
"LedAvAlem1220","","LED 150W","Av Alem 1220","San Clemente","Con base en buenas condiciones","Emanuel Noriega Sosa","2026-03-25 16:56:56","","","","Aéreo","2026-03-25 16:56:56",""
"LedAvYrigoyen3950","","LED 150W","Av Yrigoyen 3950","San Clemente","Con base en buenas condiciones","Ana Celina Pozzi","2026-04-14 17:15:50","","","","Subterráneo","2026-03-25 16:57:44",""
"LedAvAlem1190","","LED 150W","Av Alem 1190","San Clemente","Con base en buenas condiciones","Emanuel Noriega Sosa","2026-03-25 16:58:29","","","","Aéreo","2026-03-25 16:58:29",""
"LedAvYrigoyen3990","","LED 150W","Av Yrigoyen 3990","San Clemente","Sin base","Ana Celina Pozzi","2026-04-14 17:15:38","","","","Subterráneo","2026-03-25 16:58:47",""
"LedAvAlem1130","","LED 150W","Av Alem 1130","San Clemente","Con base en buenas condiciones","Emanuel Noriega Sosa","2026-03-25 16:59:36","","","","Aéreo","2026-03-25 16:59:36",""
"LedAvAlem1090","","LED 150W","Av Alem 1090","San Clemente","Con base en buenas condiciones","Emanuel Noriega Sosa","2026-03-25 17:00:54","","","","Aéreo","2026-03-25 17:00:54",""
"LedAvAlem1020","","LED 150W","Av Alem 1020","San Clemente","Con base en buenas condiciones","Emanuel Noriega Sosa","2026-03-26 09:24:54","","","","Aéreo","2026-03-25 17:02:26",""
"LedPabloStampa3290","","LED 150W","Pablo Stampa 3290","Centro","Con base en buenas condiciones","Ana Celina Pozzi","2026-03-26 15:49:13","","","","Aéreo","2026-03-26 15:49:13",""
"LedAvSiburu1690","","LED 150W","Av Siburu 1690","Centro","Con base en buenas condiciones","Emanuel Noriega Sosa","2026-03-26 15:50:14","","","","Aéreo","2026-03-26 15:50:14",""
"LedPabloStampa3225","","LED 150W","Pablo Stampa 3225","Centro","Con base en buenas condiciones","Ana Celina Pozzi","2026-03-26 15:50:42","","","","Aéreo","2026-03-26 15:50:42",""
"LedAvSiburu1650","","LED 150W","Av Siburu 1650","Centro","Sin base","Emanuel Noriega Sosa","2026-03-26 15:51:56","","","","Aéreo","2026-03-26 15:51:56",""
"LedPabloStampa3180","","LED 150W","Pablo Stampa 3180","Centro","Con base en buenas condiciones","Ana Celina Pozzi","2026-03-26 15:52:05","","","","Aéreo","2026-03-26 15:52:05",""
"LedAvSiburu1610","","LED 150W","Av Siburu 1610","Centro","Sin base","Emanuel Noriega Sosa","2026-03-26 15:53:06","","","","Aéreo","2026-03-26 15:53:06",""
"LedPabloStampa3125","","LED 150W","Pablo Stampa 3125","Centro","Sin base","Ana Celina Pozzi","2026-04-10 17:09:12","","","","Aéreo","2026-03-26 15:54:33",""
"LedAvSiburu1590","","LED 150W","Av Siburu 1590","Centro","Con base en buenas condiciones","Emanuel Noriega Sosa","2026-03-26 15:54:37","","","","Aéreo","2026-03-26 15:54:37",""
"LedAvSiburu1520","","LED 150W","Av Siburu 1520","Centro","Con base en buenas condiciones","Emanuel Noriega Sosa","2026-03-26 15:56:04","","","","Aéreo","2026-03-26 15:56:04",""
"LedPabloStampa3080","","LED 150W","Pablo Stampa 3080","Centro","Con base en buenas condiciones","Ana Celina Pozzi","2026-03-26 15:56:34","","","","Aéreo","2026-03-26 15:56:34",""
"LedAvSiburu1510","","LED 150W","Av Siburu 1510","Centro","Con base en malas condiciones","Emanuel Noriega Sosa","2026-04-01 17:19:27","","","","Aéreo","2026-03-26 15:58:40",""
"LedPabloStampa3035","","LED 150W","Pablo Stampa 3035","Centro","Sin base","Ana Celina Pozzi","2026-04-10 16:57:52","","","","Aéreo","2026-03-26 15:59:37",""
"LedAvSiburu1490","","LED 150W","Av Siburu 1490","Centro","Sin base","Emanuel Noriega Sosa","2026-03-26 16:00:12","","","","Aéreo","2026-03-26 16:00:12",""
"LedAvSiburu1440","","LED 150W","Av Siburu 1440","Centro","Con base en buenas condiciones","Emanuel Noriega Sosa","2026-03-26 16:03:04","","","","Aéreo","2026-03-26 16:01:02",""
"LedPabloStampa2990","","LED 150W","Pablo Stampa 2990","Centro","Con base en buenas condiciones","Ana Celina Pozzi","2026-03-26 22:41:25","","","","Aéreo","2026-03-26 16:02:34",""
"LedPabloStampa2925","","LED 150W","Pablo Stampa 2926","Centro","Con base en malas condiciones","Ana Celina Pozzi","2026-03-26 16:04:36","","","","Aéreo","2026-03-26 16:03:16",""
"LedAvSiburu1410","","LED 150W","Av Siburu 1410","Centro","Sin base","Emanuel Noriega Sosa","2026-03-26 16:03:58","","","","Aéreo","2026-03-26 16:03:58",""
"LedAvSiburu1390","","LED 150W","Av Siburu 1390","Centro","Sin base","Emanuel Noriega Sosa","2026-03-26 16:05:30","","","","Aéreo","2026-03-26 16:05:30",""
"LedPabloStampa2880","","LED 150W","Pablo Stampa 2880","Centro","Sin base","Ana Celina Pozzi","2026-03-26 16:06:17","","","","Aéreo","2026-03-26 16:06:17",""
"LedAvSiburu1370","","LED 150W","Av Siburu 1370","Centro","Con base en buenas condiciones","Emanuel Noriega Sosa","2026-03-26 16:07:02","","","","Aéreo","2026-03-26 16:07:02",""
"LedPabloStampa2825","","LED 150W","Pablo Stampa 2825","Centro","Sin base","Ana Celina Pozzi","2026-04-16 09:45:40","","","","Aéreo","2026-03-26 16:08:24",""
"LedAvSiburu1330","","LED 150W","Av Siburu 1330","Centro","Con base en buenas condiciones","Emanuel Noriega Sosa","2026-03-26 16:08:38","","","","Aéreo","2026-03-26 16:08:38",""
"LedAvSiburu1310","","LED 150W","Av Siburu 1310","Centro","Sin base","Emanuel Noriega Sosa","2026-03-26 16:10:17","","","","Aéreo","2026-03-26 16:10:17",""
"LedPabloStampa2770","","LED 150W","Pablo Stampa 2770","Centro","Con base en buenas condiciones","Ana Celina Pozzi","2026-03-26 16:11:36","","","","Aéreo","2026-03-26 16:10:46",""
"LedAvSiburu1260","","LED 150W","Av Siburu 1260","Centro","Con base en buenas condiciones","Emanuel Noriega Sosa","2026-03-26 16:11:48","","","","Aéreo","2026-03-26 16:11:48",""
"LedAvSiburu1230","","LED 150W","Av Siburu 1230","Centro","Con base en buenas condiciones","Emanuel Noriega Sosa","2026-03-26 16:13:06","","","","Aéreo","2026-03-26 16:13:06",""
"LedPabloStampa2735","","LED 150W","Pablo Stampa 2735","Centro","Con base en buenas condiciones","Ana Celina Pozzi","2026-04-10 16:56:38","","","","Aéreo","2026-03-26 16:13:23",""
"LedAvSiburu1210","","LED 150W","Av Siburu 1210","Centro","Sin base","Emanuel Noriega Sosa","2026-03-26 16:14:17","","","","Aéreo","2026-03-26 16:14:17",""
"LedAvSiburu1190","","LED 150W","Av Siburu 1190","Centro","Con base en buenas condiciones","Emanuel Noriega Sosa","2026-03-26 16:15:57","","","","Aéreo","2026-03-26 16:15:57",""
"LedPabloStampa2680","","LED 150W","Pablo Stampa 2680","Centro","Sin base","Ana Celina Pozzi","2026-03-26 16:16:03","","","","Aéreo","2026-03-26 16:16:03",""
"LedAvSiburu1140","","LED 150W","Av Siburu 1140","Centro","Con base en buenas condiciones","Emanuel Noriega Sosa","2026-03-26 16:17:08","","","","Aéreo","2026-03-26 16:17:08",""
"LedPabloStampa2615","","LED 150W","Pablo Stampa 2515","Centro","Sin base","Ana Celina Pozzi","2026-03-26 16:18:31","","","","Aéreo","2026-03-26 16:18:31",""
"LedAvSiburu1110","","LED 150W","Av Siburu 1110","Centro","Sin base","Emanuel Noriega Sosa","2026-03-26 16:18:37","","","","Aéreo","2026-03-26 16:18:37",""
"LedAvSiburu1090","","LED 150W","Av Siburu 1090","Centro","Con base en buenas condiciones","Emanuel Noriega Sosa","2026-03-26 16:21:16","","","","Aéreo","2026-03-26 16:19:51",""
"LedPabloStampa2590","","LED 150W","Pablo Stampa 2590","Centro","Sin base","Ana Celina Pozzi","2026-03-26 16:20:29","","","","Aéreo","2026-03-26 16:20:29",""
"LedPabloStampa2525","","LED 150W","Pablo Stampa 2525","Centro","Sin base","Ana Celina Pozzi","2026-03-26 16:21:58","","","","Aéreo","2026-03-26 16:21:58",""
"LedAvSiburu1020","","LED 150W","Av Siburu 1020","Centro","Con base en buenas condiciones","Emanuel Noriega Sosa","2026-03-26 16:22:21","","","","Aéreo","2026-03-26 16:22:21",""
"LedAvSiburu1010","","LED 150W","Av Siburu 1010","Centro","Con base en buenas condiciones","Emanuel Noriega Sosa","2026-03-26 22:40:07","","","","Aéreo","2026-03-26 16:23:44",""
"LedPabloStampa2480","","LED 150W","Pablo Stampa 2480","Centro","Sin base","Ana Celina Pozzi","2026-03-26 16:23:53","","","","Aéreo","2026-03-26 16:23:53",""
"LedAvYrigoyen3280","","LED 150W","Av Yrigoyen 3280","Centro","Con base en buenas condiciones","Emanuel Noriega Sosa","2026-03-26 16:28:02","","","","Aéreo","2026-03-26 16:25:43",""
"LedPabloStampa2435","","LED 150W","Pablo Stampa 2435","Centro","Sin base","Ana Celina Pozzi","2026-03-26 16:26:18","","","","Aéreo","2026-03-26 16:26:18",""
"LedAvYrigoyen3210","","LED 150W","Av Yrigoyen 3210","Centro","Con base en buenas condiciones","Emanuel Noriega Sosa","2026-03-26 16:29:57","","","","Aéreo","2026-03-26 16:29:57",""
"LedSarmiento2365","","LED 150W","Sarmiento 2365","Centro","Sin base","Ana Celina Pozzi","2026-03-26 16:33:16","","","","Aéreo","2026-03-26 16:33:16",""
"LedAvYrigoyen3156","","LED 150W","Av Yrigoyen 3156","Centro","Con base en buenas condiciones","Emanuel Noriega Sosa","2026-03-26 16:33:23","","","","Aéreo","2026-03-26 16:33:23",""
"LedSarmiento2335","","LED 150W","Sarmiento 2335","Centro","Sin base","Ana Celina Pozzi","2026-03-26 16:35:04","","","","Aéreo","2026-03-26 16:35:04",""
"LedAvYrigoyen3110","","LED 150W","Av Yrigoyen 3110","Centro","Con base en buenas condiciones","Emanuel Noriega Sosa","2026-03-26 16:36:01","","","","Aéreo","2026-03-26 16:36:01",""
"LedSarmiento2301","","LED 150W","Sarmiento 2301","Centro","Sin base","Ana Celina Pozzi","2026-03-26 16:36:15","","","","Aéreo","2026-03-26 16:36:15",""
"LedPabloStampa2280","","LED 150W","Pablo Stampa 2280","Centro","Sin base","Ana Celina Pozzi","2026-03-26 16:38:52","","","","Aéreo","2026-03-26 16:38:52",""
"LedAvYrigoyen3030","","LED 150W","Av Yrigoyen 3030","Centro","Con base en buenas condiciones","Emanuel Noriega Sosa","2026-03-26 16:38:54","","","","Aéreo","2026-03-26 16:38:54",""
"LedPabloStampa2225","","LED 150W","Pablo Stampa 2225","Centro","Sin base","Ana Celina Pozzi","2026-03-26 16:40:31","","","","Aéreo","2026-03-26 16:40:31",""
"LedAvYrigoyen2984","","LED 150W","Av Yrigoyen 2984","Centro","Sin base","Emanuel Noriega Sosa","2026-03-26 16:40:57","","","","Aéreo","2026-03-26 16:40:57",""
"LedAvYrigoyen2900","","LED 150W","Av Yrigoyen 2900","Centro","Sin base","Emanuel Noriega Sosa","2026-03-26 16:42:55","","","","Aéreo","2026-03-26 16:42:55",""
"LedSarmiento2295","","LED 150W","Sarmiento 2295","Centro","Sin base","Ana Celina Pozzi","2026-03-26 16:44:45","","","","Aéreo","2026-03-26 16:43:56",""
"LedSarmiento2275","","LED 150W","Sarmiento 2275","Centro","Con base en buenas condiciones","Ana Celina Pozzi","2026-03-26 16:45:37","","","","Aéreo","2026-03-26 16:45:37",""
"LedSanMartin1005","","LED 150W","San Martin 1005","Centro","Con base en buenas condiciones","Emanuel Noriega Sosa","2026-03-26 16:46:47","","","","Aéreo","2026-03-26 16:46:47",""
"LedSarmiento2245","","LED 150W","Sarmiento 2245","Centro","Sin base","Ana Celina Pozzi","2026-03-26 16:49:37","","","","Aéreo","2026-03-26 16:48:10",""
"LedSanMartin1039","","LED 150W","San Martin 1039","Centro","Con base en buenas condiciones","Emanuel Noriega Sosa","2026-03-26 16:50:44","","","","Aéreo","2026-03-26 16:50:44",""
"LedSanMartin1095","","LED 150W","San Martin 1095","Centro","Con base en buenas condiciones","Emanuel Noriega Sosa","2026-03-26 16:52:02","","","","Aéreo","2026-03-26 16:52:02",""
"LedAlvarezCondarco1585","","LED 150W","Alvarez Condarco 1585","Centro","Con base en buenas condiciones","Ana Celina Pozzi","2026-03-26 16:52:26","","","","Aéreo","2026-03-26 16:52:26",""
"LedSanMartin1105","","LED 150W","San Martin 1105","Centro","Con base en buenas condiciones","Emanuel Noriega Sosa","2026-03-26 16:56:37","","","","Aéreo","2026-03-26 16:53:32",""
"LedAlvarezCondarco1528","","LED 150W","Alvarez Condarco 1528","Centro","Con base en buenas condiciones","Ana Celina Pozzi","2026-03-26 16:55:02","","","","Aéreo","2026-03-26 16:54:00",""
"LedRivadavia2405","","LED 150W","Rivadavia 2405","Centro","Con base en buenas condiciones","Ana Celina Pozzi","2026-03-26 17:03:37","","","","Aéreo","2026-03-26 17:00:17",""
"LedSanMartin1145","","LED 150W","San Martin 1145","Centro","Con base en buenas condiciones","Emanuel Noriega Sosa","2026-03-26 17:02:46","","","","Aéreo","2026-03-26 17:00:53",""
"LedSanMartin1195","","LED 150W","San Martin 1195","Centro","Con base en buenas condiciones","Emanuel Noriega Sosa","2026-03-26 17:04:12","","","","Aéreo","2026-03-26 17:04:12",""
"LedRivadavia2425","","LED 150W","Rivadavia 2425","Centro","Sin base","Ana Celina Pozzi","2026-03-26 17:05:08","","","","Aéreo","2026-03-26 17:05:08",""
"LedSanMartin1201","","LED 150W","San Martin 1201","Centro","Con base en buenas condiciones","Emanuel Noriega Sosa","2026-03-26 17:05:40","","","","Aéreo","2026-03-26 17:05:40",""
"LedSanMartin1265","","LED 150W","San Martin 1265","Centro","Con base en buenas condiciones","Emanuel Noriega Sosa","2026-03-26 17:07:29","","","","Aéreo","2026-03-26 17:07:29",""
"LedSanMartin1295","","LED 150W","San Martin 1295","Centro","Con base en buenas condiciones","Emanuel Noriega Sosa","2026-03-26 22:41:40","","","","Aéreo","2026-03-26 17:09:54",""
"LedRivadavia2480","","LED 150W","Rivadavia 2480","Centro","Sin base","Ana Celina Pozzi","2026-04-10 17:38:39","","","","Aéreo","2026-03-26 17:10:44",""
"LedFalucho2475","","LED 150W","Falucho 2475","Centro","Sin base","Ana Celina Pozzi","2026-03-26 17:15:04","","","","Aéreo","2026-03-26 17:11:09",""
"LedSanMartin1301","","LED 150W","San Martin 1301","Centro","Con base en buenas condiciones","Emanuel Noriega Sosa","2026-03-26 17:11:57","","","","Aéreo","2026-03-26 17:11:57",""
"LedSanMartin1325","","LED 150W","San Martin 1325","Centro","Con base en buenas condiciones","Emanuel Noriega Sosa","2026-03-26 17:13:38","","","","Aéreo","2026-03-26 17:13:38",""
"LedSanMartin1395","","LED 150W","San Martin 1395","Centro","Con base en buenas condiciones","Emanuel Noriega Sosa","2026-03-26 17:15:15","","","","Aéreo","2026-03-26 17:15:15",""
"LedFalucho2410","","LED 150W","Falucho 2410","Centro","Sin base","Ana Celina Pozzi","2026-03-26 17:16:45","","","","Aéreo","2026-03-26 17:15:41",""
"LedSanMartin1415","","LED 150W","San Martin 1415","Centro","Con base en buenas condiciones","Emanuel Noriega Sosa","2026-03-26 17:19:21","","","","Aéreo","2026-03-26 17:19:21",""
"LedSanMartin1445","","LED 150W","San Martin 1445","Centro","Con base en buenas condiciones","Emanuel Noriega Sosa","2026-03-26 17:20:23","","","","Aéreo","2026-03-26 17:20:23",""
"LedSanMartin1495","","LED 150W","San Martin 1495","Centro","Con base en buenas condiciones","Emanuel Noriega Sosa","2026-03-26 17:22:18","","","","Aéreo","2026-03-26 17:22:18",""
"LedRivadavia2525","","LED 150W","Rivadavia 2525","Centro","Sin base","Ana Celina Pozzi","2026-03-26 17:23:10","","","","Aéreo","2026-03-26 17:23:10",""
"LedSanMartin1515","","LED 150W","San Martin 1515","Centro","Con base en buenas condiciones","Emanuel Noriega Sosa","2026-03-26 17:23:13","","","","Aéreo","2026-03-26 17:23:13",""
"LedRivadavia2580","","LED 150W","Rivadavia 2580","Centro","Sin base","Ana Celina Pozzi","2026-03-26 17:24:42","","","","Aéreo","2026-03-26 17:23:49",""
"LedSanMartin1545","","LED 150W","San Martin 1545","Centro","Con base en buenas condiciones","Emanuel Noriega Sosa","2026-03-26 17:25:36","","","","Aéreo","2026-03-26 17:25:36",""
"LedSanMartin1595","","LED 150W","San Martin 1595","Centro","Con base en buenas condiciones","Emanuel Noriega Sosa","2026-03-26 17:26:32","","","","Aéreo","2026-03-26 17:26:32",""
"LedRivadavia2635","","LED 150W","Rivadavia 2635","Centro","Sin base","Ana Celina Pozzi","2026-03-26 17:26:47","","","","Aéreo","2026-03-26 17:26:47",""
"LedRivadavia2670","","LED 150W","Rivadavia 2670","Centro","Con base en buenas condiciones","Ana Celina Pozzi","2026-04-10 17:36:24","","","","Aéreo","2026-03-26 17:28:31",""
"LedSanMartin1601","","LED 150W","San Martin 1601","Centro","Con base en buenas condiciones","Emanuel Noriega Sosa","2026-03-26 17:29:20","","","","Aéreo","2026-03-26 17:29:20",""
"LedRivadavia2725","","LED 150W","Rivadavia 2725","Centro","Sin base","Ana Celina Pozzi","2026-03-26 17:30:38","","","","Aéreo","2026-03-26 17:30:38",""
"LedSanMartin1645","","LED 150W","San Martin 1645","Centro","Con base en buenas condiciones","Emanuel Noriega Sosa","2026-03-26 17:31:02","","","","Aéreo","2026-03-26 17:31:02",""
"LedSanMartin1685","","LED 150W","San Martin 1685","Centro","Con base en buenas condiciones","Emanuel Noriega Sosa","2026-03-26 17:32:16","","","","Aéreo","2026-03-26 17:32:16",""
"LedRivadavia2780","","LED 150W","Rivadavia 2780","Centro","Con base en buenas condiciones","Ana Celina Pozzi","2026-03-31 08:56:01","","","","Aéreo","2026-03-26 17:32:30",""
"LedRivadavia2625","","LED 150W","Rivadavia 2625","Centro","Sin base","Ana Celina Pozzi","2026-03-26 17:34:23","","","","Aéreo","2026-03-26 17:34:23",""
"LedRivadavia2680","","LED 150W","Rivadavia 2680","Centro","Sin base","Ana Celina Pozzi","2026-04-10 17:30:53","","","","Aéreo","2026-03-26 17:36:06",""
"LedUrquiza1690","","LED 150W","Urquiza 1690","Centro","Con base en buenas condiciones","Emanuel Noriega Sosa","2026-03-26 17:36:08","","","","Aéreo","2026-03-26 17:36:08",""
"LedRivadavia2915","","LED 150W","Rivadavia 2915","Centro","Sin base","Ana Celina Pozzi","2026-03-26 17:37:52","","","","Aéreo","2026-03-26 17:37:52",""
"LedUrquiza1687","","LED 150W","Urquiza 1687","Centro","Con base en buenas condiciones","Emanuel Noriega Sosa","2026-03-26 17:38:45","","","","Aéreo","2026-03-26 17:38:45",""
"LedRivadavia2980","","LED 150W","Rivadavia 2980","Centro","Sin base","Ana Celina Pozzi","2026-04-10 17:27:30","","","","Aéreo","2026-03-26 17:40:01",""
"LedUrquiza1670","","LED 150W","Urquiza 1670","Centro","Con base en buenas condiciones","Emanuel Noriega Sosa","2026-03-26 17:41:43","","","","Aéreo","2026-03-26 17:41:43",""
"LedRivadavia3015","","LED 150W","Rivadavia 3015","Centro","Con base en buenas condiciones","Ana Celina Pozzi","2026-03-26 17:41:48","","","","Aéreo","2026-03-26 17:41:48",""
"LedUrquiza1655","","LED 150W","Urquiza 1655","Centro","Con base en buenas condiciones","Emanuel Noriega Sosa","2026-03-26 17:43:06","","","","Aéreo","2026-03-26 17:43:06",""
"LedRivadavia3080","","LED 150W","Rivadavia 3080","Centro","Con base en buenas condiciones","Ana Celina Pozzi","2026-03-26 17:43:26","","","","Aéreo","2026-03-26 17:43:26",""
"LedUrquiza1620","","LED 150W","Urquiza 1620","Centro","Con base en buenas condiciones","Emanuel Noriega Sosa","2026-03-26 17:44:49","","","","Aéreo","2026-03-26 17:44:49",""
"LedRivadavia3115","","LED 150W","Rivadavia 3115","Centro","Con base en buenas condiciones","Ana Celina Pozzi","2026-03-26 17:45:43","","","","Aéreo","2026-03-26 17:45:19",""
"LedUrquiza1615","","LED 150W","Urquiza 1615","Centro","Con base en buenas condiciones","Emanuel Noriega Sosa","2026-03-26 17:46:38","","","","Aéreo","2026-03-26 17:46:38",""
"LedRivadavia3175","","LED 150W","Rivadavia 3175","Centro","Con base en buenas condiciones","Ana Celina Pozzi","2026-03-27 16:34:02","","","","Aéreo","2026-03-26 17:47:42",""
"LedRivadavia3243","","LED 150W","Rivadavia 3243","Centro","Con base en buenas condiciones","Ana Celina Pozzi","2026-04-10 17:26:40","","","","Aéreo","2026-03-26 17:49:39",""
"LedRivadavia3290","","LED 150W","Rivadavia 3290","Centro","Con base en buenas condiciones","Ana Celina Pozzi","2026-04-10 17:21:26","","","","Aéreo","2026-03-26 17:51:11",""
"LedUrquiza1590","","LED 150W","Urquiza 1590","Centro","Con base en buenas condiciones","Emanuel Noriega Sosa","2026-03-26 17:54:09","","","","Aéreo","2026-03-26 17:54:09",""
"Led3DeFebrero3250","","LED 150W","3 de Febrero 3250","Centro","Con base en buenas condiciones","Ana Celina Pozzi","2026-03-30 09:21:04","","","","Aéreo","2026-03-26 17:55:01",""
"LedUrquiza1587","","LED 150W","Urquiza 1587","Centro","Con base en buenas condiciones","Emanuel Noriega Sosa","2026-03-26 17:55:20","","","","Aéreo","2026-03-26 17:55:20",""
"LedUrquiza1570","","LED 150W","Urquiza 1570","Centro","Con base en buenas condiciones","Emanuel Noriega Sosa","2026-03-27 17:04:35","","","","Aéreo","2026-03-26 17:57:00",""
"Led3DeFebrero3285","","LED 150W","3 de Febrero 3285","Centro","Sin base","Ana Celina Pozzi","2026-03-30 09:20:44","","","","Aéreo","2026-03-26 17:57:10",""
"LedUrquiza1555","","LED 150W","Urquiza 1555","Centro","Con base en buenas condiciones","Emanuel Noriega Sosa","2026-03-27 17:02:54","","","","Aéreo","2026-03-26 17:58:43",""
"LedUrquiza1540","","LED 150W","Urquiza 1540","Centro","Con base en buenas condiciones","Emanuel Noriega Sosa","2026-03-26 18:01:18","","","","Aéreo","2026-03-26 17:59:51",""
"Led3DeFebrero3180","","LED 150W","3 de Febrero 3180","Centro","Con base en buenas condiciones","Ana Celina Pozzi","2026-03-30 09:21:15","","","","Aéreo","2026-03-26 18:01:55",""
"LedUrquiza1515","","LED 150W","Urquiza 1515","Centro","Con base en buenas condiciones","Emanuel Noriega Sosa","2026-03-26 18:03:04","","","","Aéreo","2026-03-26 18:03:04",""
"Led3DeFebrero3120","","LED 150W","3 de Febrero 3120","Centro","Con base en buenas condiciones","Ana Celina Pozzi","2026-03-30 09:24:06","","","","Aéreo","2026-03-26 18:03:09",""
"Led3DeFebrero3088","","LED 150W","3 de Febrero 3088","Centro","Con base en buenas condiciones","Ana Celina Pozzi","2026-03-30 09:23:58","","","","Aéreo","2026-03-26 18:04:54",""
"LedUrquiza1490","","LED 150W","Urquiza 1490","Centro","Con base en buenas condiciones","Emanuel Noriega Sosa","2026-03-26 18:05:32","","","","Aéreo","2026-03-26 18:05:32",""
"Led3DeFebrero3065","","LED 150W","3 de Febrero 3065","Centro","Con base en buenas condiciones","Ana Celina Pozzi","2026-04-08 18:13:49","","","","Aéreo","2026-03-26 18:06:27",""
"LedUrquiza1475","","LED 150W","Urquiza 1475","Centro","Con base en buenas condiciones","Emanuel Noriega Sosa","2026-03-26 18:07:25","","","","Aéreo","2026-03-26 18:07:25",""
"LedUrquiza1476","","LED 150W","Urquiza 1476","Centro","Con base en buenas condiciones","Emanuel Noriega Sosa","2026-03-26 18:09:12","","","","Aéreo","2026-03-26 18:09:12",""
"LedUrquiza1445","","LED 150W","Urquiza 1445","Centro","Con base en buenas condiciones","Emanuel Noriega Sosa","2026-03-26 18:10:53","","","","Aéreo","2026-03-26 18:10:53",""
"LedUrquiza1430","","LED 150W","Urquiza 1430","Centro","Con base en buenas condiciones","Emanuel Noriega Sosa","2026-03-26 18:12:21","","","","Aéreo","2026-03-26 18:12:21",""
"LedUrquiza1411","","LED 150W","Urquiza 1411","Centro","Con base en buenas condiciones","Emanuel Noriega Sosa","2026-03-26 18:13:53","","","","Aéreo","2026-03-26 18:13:53",""
"LedUrquiza1550","","LED 150W","Urquiza 1550","Centro","Sin base","Alejandro Saposnik","2026-03-28 10:31:04","","","","Aéreo","2026-03-27 10:26:43",""
"Led3DeFebrero3225","","LED 150W","3 de Febrero 3225","Centro","Con base en buenas condiciones","Alejandro Saposnik","2026-03-30 09:17:16","","","","Aéreo","2026-03-30 09:17:16",""
"LedAv9DeJulio3285","","LED 150W","Av 9 de Julio 3285","Centro","Con base en buenas condiciones","Hernan Santiago Silva","2026-03-30 11:21:29","","","","Aéreo","2026-03-30 09:31:33",""
"LedAv9DeJulio3225","","LED 150W","Av 9 de Julio 3225","Centro","Con base en buenas condiciones","Hernan Santiago Silva","2026-03-30 11:24:31","","","","Aéreo","2026-03-30 09:33:26",""
"LedAv9DeJulio3185","","LED 150W","Av 9 de Julio 3185","Centro","Con base en buenas condiciones","Hernan Santiago Silva","2026-03-30 11:26:40","","","","Aéreo","2026-03-30 09:36:23",""
"LedAv9DeJulio3135","","LED 150W","Av 9 de Julio 3135","Centro","Con base en malas condiciones","Hernan Santiago Silva","2026-03-30 11:27:13","","","","Aéreo","2026-03-30 09:41:49",""
"LedAv9DeJulio3085","","LED 150W","Av 9 de Julio 3085","Centro","Sin base","Hernan Santiago Silva","2026-03-30 11:28:00","","","","Aéreo","2026-03-30 09:44:19",""
"LedAv9DeJulio3013","","LED 150W","Av 9 de Julio 3013","Centro","Sin base","Hernan Santiago Silva","2026-03-30 11:28:59","","","","Aéreo","2026-03-30 09:46:33",""
"LedAv9DeJulio2985","","LED 150W","Av 9 de Julio 2985","Centro","Sin base","Hernan Santiago Silva","2026-03-30 13:28:07","","","","Aéreo","2026-03-30 09:50:46",""
"LedAv9DeJulio2895","","LED 150W","Av 9 de Julio 2895","Centro","Con base en malas condiciones","Hernan Santiago Silva","2026-03-30 13:32:23","","","","Aéreo","2026-03-30 09:58:51",""
"LedAv9DeJulio2935","","LED 150W","Av 9 de Julio 2935","Centro","Sin base","Hernan Santiago Silva","2026-03-30 13:30:14","","","","Aéreo","2026-03-30 10:01:12",""
"LedAv9DeJulio2795","","LED 150W","Av 9 de Julio 2795","Centro","Con base en buenas condiciones","Hernan Santiago Silva","2026-03-30 15:01:19","","","","Aéreo","2026-03-30 10:04:03",""
"LedAv9DeJulio2755","","LED 150W","Av 9 de Julio 2755","Centro","Sin base","Hernan Santiago Silva","2026-03-30 15:02:35","","","","Aéreo","2026-03-30 10:07:00",""
"Led9AvDeJulio2655","","LED 150W","Av 9 de Julio 2655","Centro","Con base en malas condiciones","Hernan Santiago Silva","2026-03-30 15:05:27","","","","Aéreo","2026-03-30 10:12:18",""
"LedAv9DeJulio2595","","LED 150W","Av 9 de Julio 2595","Centro","Con base en buenas condiciones","Hernan Santiago Silva","2026-03-30 17:25:42","","","","Aéreo","2026-03-30 10:22:26",""
"LedAv9DeJulio2545","","LED 150W","Av 9 de Julio 2545","Centro","Con base en buenas condiciones","Hernan Santiago Silva","2026-03-30 17:26:26","","","","Aéreo","2026-03-30 10:23:38",""
"LedAv9DeJulio2495","","LED 150W","Av 9 de Julio 2495","Centro","Con base en buenas condiciones","Hernan Santiago Silva","2026-03-30 10:49:59","","","","Aéreo","2026-03-30 10:30:52",""
"LedAv9DeJulio2485","","LED 150W","Av 9 de Julio 2485","Centro","Con base en buenas condiciones","Hernan Santiago Silva","2026-03-30 18:07:43","","","","Aéreo","2026-03-30 11:13:21",""
"LedAv9DeJulio2435","","LED 150W","Av 9 de Julio 2435","Centro","Con base en malas condiciones","Hernan Santiago Silva","2026-03-30 18:07:50","","","","Aéreo","2026-03-30 11:19:32",""
"LedAv9DeJulio2395","","LED 150W","Av 9 de Julio 2395","Centro","Con base en buenas condiciones","Hernan Santiago Silva","2026-03-30 18:07:56","","","","Aéreo","2026-03-30 11:22:27",""
"LedAv9DeJulio2375","","LED 150W","Av 9 de Julio 2375","Centro","Con base en buenas condiciones","Hernan Santiago Silva","2026-03-30 18:08:03","","","","Aéreo","2026-03-30 11:25:55",""
"LedAv9DeJulio2341","","LED 150W","Av 9 de Julio 2341","Centro","Con base en buenas condiciones","Hernan Santiago Silva","2026-03-30 18:08:28","","","","Aéreo","2026-03-30 11:30:49",""
"LedAv9DeJulio2315","","LED 150W","Av 9 de Julio 2315","Centro","Con base en buenas condiciones","Hernan Santiago Silva","2026-03-30 18:08:11","","","","Aéreo","2026-03-30 11:34:46",""
"LedAv9DeJulio2271","","LED 150W","Av 9 de Julio 2271","Centro","Con base en buenas condiciones","Hernan Santiago Silva","2026-03-30 18:08:17","","","","Aéreo","2026-03-30 11:37:47",""
"LedAv9DeJulio2191","","LED 150W","Av 9 de Julio 2191","Centro","Con base en buenas condiciones","Hernan Santiago Silva","2026-03-30 18:08:22","","","","Aéreo","2026-03-30 11:40:36",""
"LedAv9DeJulio2155","","LED 150W","Av 9 de Julio 2155","Centro","Con base en buenas condiciones","Hernan Santiago Silva","2026-03-30 18:08:39","","","","Aéreo","2026-03-30 11:43:47",""
"LedAv9DeJulio2835","","LED 150W","Av 9 de Julio 2835","Centro","Sin base","Alejandro Saposnik","2026-03-30 18:07:30","","","","Aéreo","2026-03-30 13:34:05",""
"LedUrquiza1390","","LED 150W","Urquiza1390","Centro","Con base en buenas condiciones","Emanuel Noriega Sosa","2026-03-30 17:33:31","","","","Aéreo","2026-03-30 17:30:40",""
"Led3deFebrero2995","","LED 150W","3 de Febrero 2995","Centro","Sin base","Ana Celina Pozzi","2026-04-13 09:22:51","","","","Aéreo","2026-03-30 17:32:22",""
"LedUquiza1387","","LED 150W","Urquiza 1387","Centro","Con base en buenas condiciones","Emanuel Noriega Sosa","2026-03-30 17:34:33","","","","Aéreo","2026-03-30 17:34:33",""
"Led3deFebrero2905","","LED 150W","3 de Febrero 2905","Centro","Sin base","Ana Celina Pozzi","2026-04-13 09:10:12","","","","Aéreo","2026-03-30 17:34:35",""
"LedUquiza1350","","LED 150W","Urquiza 1350","Centro","Con base en buenas condiciones","Emanuel Noriega Sosa","2026-03-30 17:36:39","","","","Aéreo","2026-03-30 17:36:39",""
"Led3deFebrero2890","","LED 150W","3 de Febrero 2890","Centro","Sin base","Ana Celina Pozzi","2026-04-13 09:20:01","","","","Aéreo","2026-03-30 17:37:36",""
"LedUrquiza1355","","LED 150W","Urquiza 1355","Centro","Con base en buenas condiciones","Emanuel Noriega Sosa","2026-03-30 17:38:26","","","","Aéreo","2026-03-30 17:38:26",""
"LedUrquiza1315","","LED 150W","Urquiza 1315","Centro","Con base en buenas condiciones","Emanuel Noriega Sosa","2026-03-30 17:40:49","","","","Aéreo","2026-03-30 17:40:49",""
"Led3deFebrero2795","","LED 150W","3 de Febrero 2795","Centro","Sin base","Ana Celina Pozzi","2026-04-08 18:35:47","","","","Aéreo","2026-03-30 17:42:25",""
"LedUrquiza1300","","LED 150W","Urquiza 1300","Centro","Con base en buenas condiciones","Emanuel Noriega Sosa","2026-03-30 17:43:27","","","","Aéreo","2026-03-30 17:43:27",""
"Led3deFebrero2750","","LED 150W","3 de Febrero 2750","Centro","Sin base","Ana Celina Pozzi","2026-03-30 17:44:51","","","","Aéreo","2026-03-30 17:44:51",""
"LedUrquiza1298","","LED 150W","Urquiza 1298","Centro","Con base en buenas condiciones","Emanuel Noriega Sosa","2026-03-30 17:45:18","","","","Aéreo","2026-03-30 17:45:18",""
"Led3deFebrero2690","","LED 150W","3 de Febrero 2690","Centro","Sin base","Ana Celina Pozzi","2026-04-10 18:31:47","","","","Aéreo","2026-03-30 17:46:49",""
"LedUrquiza1285","","LED 150W","Urquiza 1285","Centro","Con base en buenas condiciones","Emanuel Noriega Sosa","2026-03-30 17:47:43","","","","Aéreo","2026-03-30 17:47:03",""
"Led3deFebrero2665","","LED 150W","3 de Febrero 2665","Centro","Sin base","Ana Celina Pozzi","2026-03-30 17:48:49","","","","Aéreo","2026-03-30 17:48:49",""
"LedUrquiza1260","","LED 150W","Urquiza 1260","Centro","Con base en buenas condiciones","Emanuel Noriega Sosa","2026-03-30 17:48:57","","","","Aéreo","2026-03-30 17:48:57",""
"Led3deFebrero2610","","LED 150W","3 de Febrero 2610","Centro","Sin base","Ana Celina Pozzi","2026-03-30 17:50:26","","","","Aéreo","2026-03-30 17:50:26",""
"LedUrquiza1245","","LED 150W","Urquiza 1230","Centro","Con base en buenas condiciones","Emanuel Noriega Sosa","2026-03-30 17:51:53","","","","Aéreo","2026-03-30 17:51:53",""
"Led3deFebrero2595","","LED 150W","3 de Febrero 2595","Centro","Sin base","Ana Celina Pozzi","2026-03-30 17:52:49","","","","Aéreo","2026-03-30 17:52:49",""
"LedUrquiza1230","","LED 150W","Urquiza 1230","Centro","Con base en buenas condiciones","Emanuel Noriega Sosa","2026-03-30 17:54:21","","","","Aéreo","2026-03-30 17:54:21",""
"LedUrquiza1205","","LED 150W","Urquiza 1205","Centro","Con base en buenas condiciones","Emanuel Noriega Sosa","2026-03-30 17:55:31","","","","Aéreo","2026-03-30 17:55:31",""
"LedUrquiza1198","","LED 150W","Urquiza 1198","Centro","Con base en buenas condiciones","Emanuel Noriega Sosa","2026-03-30 18:01:02","","","","Aéreo","2026-03-30 17:57:53",""
"LedSarmiento2505","","LED 150W","Sarmiento 2505","Centro","Sin base","Ana Celina Pozzi","2026-03-30 17:59:43","","","","Aéreo","2026-03-30 17:59:24",""
"LedUrquiza1197","","LED 150W","Urquiza 1197","Centro","Con base en buenas condiciones","Emanuel Noriega Sosa","2026-03-30 18:02:19","","","","Aéreo","2026-03-30 18:02:19",""
"LedSarmiento2495","","LED 150W","Sarmiento 2495","Centro","Con base en buenas condiciones","Ana Celina Pozzi","2026-03-30 18:02:19","","","","Aéreo","2026-03-30 18:02:19",""
"LedSarmiento2450","","LED 150W","Sarmiento 2450","Centro","Con base en buenas condiciones","Ana Celina Pozzi","2026-03-30 18:04:17","","","","Aéreo","2026-03-30 18:04:17",""
"LedUrquiza1150","","LED 150W","Urquiza 1150","Centro","Con base en buenas condiciones","Emanuel Noriega Sosa","2026-03-30 18:05:29","","","","Aéreo","2026-03-30 18:05:29",""
"LedSarmiento2430","","LED 150W","Sarmiento 2430","Centro","Con base en buenas condiciones","Ana Celina Pozzi","2026-03-30 18:05:43","","","","Aéreo","2026-03-30 18:05:43",""
"LedUrquiza1155","","LED 150W","Urquiza 1155","Centro","Con base en buenas condiciones","Emanuel Noriega Sosa","2026-03-30 18:06:28","","","","Aéreo","2026-03-30 18:06:28",""
"LedSarmiento2400","","LED 150W","Sarmiento 2400","Centro","Con base en buenas condiciones","Ana Celina Pozzi","2026-03-30 18:07:12","","","","Aéreo","2026-03-30 18:07:12",""
"LedUrquiza1130","","LED 150W","Urquiza 1130","Centro","Con base en buenas condiciones","Emanuel Noriega Sosa","2026-03-30 18:08:31","","","","Aéreo","2026-03-30 18:08:31",""
"LedSarmiento2399","","LED 150W","Sarmiento 2399","Centro","Con base en buenas condiciones","Ana Celina Pozzi","2026-03-30 18:10:01","","","","Aéreo","2026-03-30 18:09:26",""
"LedSarmiento2389","","LED 150W","Sarmiento 2389","Centro","Sin base","Ana Celina Pozzi","2026-03-30 18:11:04","","","","Aéreo","2026-03-30 18:11:04",""
"LedUrquiza1115","","LED 150W","Urquiza 1115","Centro","Con base en buenas condiciones","Emanuel Noriega Sosa","2026-03-30 18:11:33","","","","Aéreo","2026-03-30 18:11:33",""
"LedSarmiento2395","","LED 150W","Sarmiento 2395","Centro","Sin base","Ana Celina Pozzi","2026-03-30 18:12:43","","","","Aéreo","2026-03-30 18:12:43",""
"LedUrquiza1098","","LED 150W","Urquiza 1098","Centro","Con base en buenas condiciones","Emanuel Noriega Sosa","2026-03-30 18:13:08","","","","Aéreo","2026-03-30 18:13:08",""
"LedUrquiza1065","","LED 150W","Urquiza 1065","Centro","Sin base","Emanuel Noriega Sosa","2026-03-30 18:15:26","","","","Aéreo","2026-03-30 18:15:26",""
"LedUrquiza1060","","LED 150W","Urquiza 1060","Centro","Sin base","Emanuel Noriega Sosa","2026-03-30 18:17:00","","","","Aéreo","2026-03-30 18:17:00",""
"LedUrquiza1037","","LED 150W","Urquiza 1037","Centro","Con base en buenas condiciones","Emanuel Noriega Sosa","2026-03-30 18:18:45","","","","Aéreo","2026-03-30 18:18:45",""
"LedFalucho2390","","LED 150W","Falucho 2380","Centro","Sin base","Ana Celina Pozzi","2026-03-30 18:19:39","","","","Aéreo","2026-03-30 18:19:39",""
"LedUrquiza1030","","LED 150W","Urquiza 1030","Centro","Con base en buenas condiciones","Emanuel Noriega Sosa","2026-03-30 18:20:05","","","","Aéreo","2026-03-30 18:20:05",""
"LedUrquiza1001","","LED 150W","Urquiza 1001","Centro","Con base en buenas condiciones","Emanuel Noriega Sosa","2026-03-30 18:21:07","","","","Aéreo","2026-03-30 18:21:07",""
"LedFalucho2345","","LED 150W","Falucho 2345","Centro","Con base en buenas condiciones","Ana Celina Pozzi","2026-03-30 18:31:51","","","","Aéreo","2026-03-30 18:21:08",""
"LedUrquiza998","","LED 150W","Urquiza 998","Centro","Con base en buenas condiciones","Emanuel Noriega Sosa","2026-03-30 18:23:08","","","","Aéreo","2026-03-30 18:23:08",""
"LedPanchoRamirez2485","","LED 150W","Pancho Ramirez 2485","Centro","Sin base","Ana Celina Pozzi","2026-03-30 18:25:23","","","","Aéreo","2026-03-30 18:25:23",""
"LedUrquiza955","","LED 150W","Urquiza 955","Centro","Con base en buenas condiciones","Emanuel Noriega Sosa","2026-03-30 18:26:07","","","","Aéreo","2026-03-30 18:26:07",""
"LedPanchoRamire2445","","LED 150W","Pancho Ramirez 2445","Centro","Con base en malas condiciones","Ana Celina Pozzi","2026-03-30 18:27:26","","","","Aéreo","2026-03-30 18:27:26",""
"LedUrquiza920","","LED 150W","Urquiza 920","Centro","Con base en buenas condiciones","Emanuel Noriega Sosa","2026-04-21 18:31:45","","","","Aéreo","2026-03-30 18:27:40",""
"LedPanchoRamirez2425","","LED 150W","Pancho Ramirez 2525","Centro","Sin base","Ana Celina Pozzi","2026-03-30 18:29:02","","","","Aéreo","2026-03-30 18:29:02",""
"LedUrquiza915","","LED 150W","Urquiza 915","Centro","Con base en buenas condiciones","Emanuel Noriega Sosa","2026-03-30 18:29:43","","","","Aéreo","2026-03-30 18:29:43",""
"LedEntreRios2545","","LED 150W","Entre Rios 2545","Centro","Sin base","Ana Celina Pozzi","2026-03-30 18:35:39","","","","Aéreo","2026-03-30 18:35:39",""
"LedEntreRios2610","","LED 150W","Entre Rios 2610","Centro","Sin base","Ana Celina Pozzi","2026-03-30 18:37:28","","","","Aéreo","2026-03-30 18:37:28",""
"LedEntreRios2645","","LED 150W","Entre Rios 2645","Centro","Sin base","Ana Celina Pozzi","2026-04-06 10:11:41","","","","Aéreo","2026-03-30 18:39:18",""
"LedEntreRios2690","","LED 150W","Entre Rios 2690","Centro","Sin base","Ana Celina Pozzi","2026-03-30 18:41:10","","","","Aéreo","2026-03-30 18:41:10",""
"LedEntreRios2725","","LED 150W","Entre Rios 2725","Centro","Sin base","Ana Celina Pozzi","2026-03-30 18:44:20","","","","Aéreo","2026-03-30 18:44:20",""
"LedEntreRios2780","","LED 150W","Entre Rios 2780","Centro","Sin base","Ana Celina Pozzi","2026-03-30 18:45:48","","","","Aéreo","2026-03-30 18:45:48",""
"LedEntreRios2835","","LED 150W","Entre Rios 2835","Centro","Sin base","Ana Celina Pozzi","2026-03-30 18:48:34","","","","Aéreo","2026-03-30 18:48:14",""
"LedEntreRios2880","","LED 150W","Entre Rios 2880","Centro","Sin base","Ana Celina Pozzi","2026-03-30 18:49:55","","","","Aéreo","2026-03-30 18:49:55",""
"LedSarmientoEstacion1","","LED 150W","Sarmiento 2995","Centro","Sin base","Emanuel Noriega Sosa","2026-03-30 19:01:21","","","","Aéreo","2026-03-30 18:51:07",""
"LedEntreRios2915","","LED 150W","Entre Rios 2915","Centro","Sin base","Ana Celina Pozzi","2026-03-30 18:52:25","","","","Aéreo","2026-03-30 18:52:25",""
"LedEntreRios2970","","LED 150W","Entre Rios 2970","Centro","Sin base","Ana Celina Pozzi","2026-04-10 18:32:35","","","","Aéreo","2026-03-30 18:56:47",""
"LedEntreRios3015","","LED 150W","Entre Rios 3015","Centro","Con base en buenas condiciones","Ana Celina Pozzi","2026-03-30 19:02:09","","","","Aéreo","2026-03-30 19:02:09",""
"LedEntreRios3090","","LED 150W","Entre Rios 3090","Centro","Con base en buenas condiciones","Ana Celina Pozzi","2026-04-10 18:33:05","","","","Aéreo","2026-03-30 19:03:56",""
"LedSarmientoEstacion2","","LED 150W","Sarmiento 2985","Centro","Sin base","Emanuel Noriega Sosa","2026-03-30 19:04:05","","","","Aéreo","2026-03-30 19:04:05",""
"LedEntreRios3125","","LED 150W","Entre Rios 3125","Centro","Con base en buenas condiciones","Ana Celina Pozzi","2026-06-12 18:09:39","","","R/065144","Aéreo","2026-03-30 19:05:19",""
"LedEntreRios3185","","LED 150W","Entre Rios 3185","Centro","Con base en buenas condiciones","Ana Celina Pozzi","2026-03-30 19:08:29","","","","Aéreo","2026-03-30 19:08:29",""
"LedSarmientoEstacion3","","LED 150W","Sarmiento 2935","Centro","Sin base","Emanuel Noriega Sosa","2026-03-30 19:09:02","","","","Aéreo","2026-03-30 19:09:02",""
"LedEntreRios3235","","LED 150W","Entre Rios 3235","Centro","Con base en buenas condiciones","Ana Celina Pozzi","2026-03-30 19:09:41","","","","Aéreo","2026-03-30 19:09:41",""
"LedEntreRios3290","","LED 150W","Entre Rios 3290","Centro","Sin base","Ana Celina Pozzi","2026-04-10 18:36:22","","","","Aéreo","2026-03-30 19:11:25",""
"LedSarmientoEstacion4","","LED 150W","Sarmiento 2908","Centro","Sin base","Emanuel Noriega Sosa","2026-03-30 19:12:00","","","","Aéreo","2026-03-30 19:12:00",""
"LedAv9DeJulio2695","","LED 150W","Av 9 de Julio 2695","Centro","Sin base","Alejandro Saposnik","2026-03-31 08:28:49","","","","Aéreo","2026-03-31 08:26:21",""
"LedSarmiento2375","","LED 150W","Sarmiento 2375","Centro","Sin base","Ana Celina Pozzi","2026-03-31 08:59:42","","","","Aéreo","2026-03-31 08:59:42",""
"LedAvBelgrano1102","","LED 150W","Av Belgrano 1102","Centro","Con base en buenas condiciones","Hernan Santiago Silva","2026-03-31 09:52:01","","","","Aéreo","2026-03-31 09:52:01",""
"LedAvBelgrano1180","","LED 150W","Av Belgrano 1180","Centro","Con base en buenas condiciones","Hernan Santiago Silva","2026-03-31 10:00:49","","","","Aéreo","2026-03-31 10:00:49",""
"LedAvBelgrano1202","","LED 150W","Av Belgrano 1202","Centro","Con base en buenas condiciones","Hernan Santiago Silva","2026-03-31 10:17:58","","","","Aéreo","2026-03-31 10:07:26",""
"LedAvBelgrano1228","","LED 150W","Av Belgrano 1228","Centro","Con base en buenas condiciones","Hernan Santiago Silva","2026-03-31 10:20:46","","","","Aéreo","2026-03-31 10:11:25",""
"LedAvBelgrano1270","","LED 150W","Av Belgrano 1270","Centro","Con base en buenas condiciones","Hernan Santiago Silva","2026-03-31 10:20:16","","","","Aéreo","2026-03-31 10:15:34",""
"LedAvBelgrano1296","","LED 150W","Av Belgrano 1296","Centro","Con base en buenas condiciones","Hernan Santiago Silva","2026-04-01 10:35:13","","","","Aéreo","2026-03-31 10:23:50",""
"LedAvBelgrano1320","","LED 150W","Av Belgrano 1320","Centro","Con base en buenas condiciones","Hernan Santiago Silva","2026-03-31 10:30:22","","","","Aéreo","2026-03-31 10:30:22",""
"LedAvBelgrano1340","","LED 150W","Av Belgrano 1340","Centro","Con base en buenas condiciones","Hernan Santiago Silva","2026-03-31 10:35:03","","","","Aéreo","2026-03-31 10:35:03",""
"LedAvBelgrano1380","","LED 150W","Av Belgrano 1380","Centro","Con base en buenas condiciones","Hernan Santiago Silva","2026-06-12 16:07:40","","","R/065168","Aéreo","2026-03-31 10:41:41",""
"LedAvBelgrano1402","","LED 150W","Av Belgrano 1402","Centro","Con base en buenas condiciones","Hernan Santiago Silva","2026-03-31 10:46:53","","","","Aéreo","2026-03-31 10:46:53",""
"LedAvBelgrano1450","","LED 150W","Av Belgrano1450","Centro","Con base en buenas condiciones","Hernan Santiago Silva","2026-03-31 10:53:53","","","","Aéreo","2026-03-31 10:49:29",""
"LedAvBelgrano1480","","LED 150W","Av Belgrano 1480","Centro","Con base en buenas condiciones","Hernan Santiago Silva","2026-03-31 10:56:34","","","","Aéreo","2026-03-31 10:56:34",""
"LedAvBelgrano1520","","LED 150W","Av Belgrano 1520","Centro","Con base en buenas condiciones","Hernan Santiago Silva","2026-03-31 10:58:53","","","","Aéreo","2026-03-31 10:57:13",""
"LedAvBelgrano1550","","LED 150W","Av Belgrano 1550","Centro","Con base en buenas condiciones","Hernan Santiago Silva","2026-03-31 11:02:00","","","","Aéreo","2026-03-31 11:02:00",""
"LedAvBelgrano1590","","LED 150W","Av Belgrano 1580","Centro","Con base en buenas condiciones","Hernan Santiago Silva","2026-03-31 11:05:16","","","","Aéreo","2026-03-31 11:05:16",""
"LedAvBelgrano1630","","LED 150W","Av Belgrano 1630","Centro","Con base en buenas condiciones","Hernan Santiago Silva","2026-04-01 10:33:04","","","","Aéreo","2026-03-31 11:09:55",""
"LedAvBelgran540","","LED 150W","Av Belgrano 1660","Centro","Con base en buenas condiciones","Hernan Santiago Silva","2026-04-01 10:32:54","","","","Aéreo","2026-03-31 11:17:09",""
"LedAvBelgrano1145","","LED 150W","Av Belgrano 1145","Centro","Con base en buenas condiciones","Hernan Santiago Silva","2026-04-01 09:36:35","","","","Aéreo","2026-04-01 09:36:35",""
"LedAvBelgrano1195","","LED 150W","Av Belgrano 1195","Centro","Con base en buenas condiciones","Hernan Santiago Silva","2026-04-01 09:40:44","","","","Aéreo","2026-04-01 09:40:44",""
"LedAvBelgrano1205","","LED 150W","Av Belgrano 1205","Centro","Con base en buenas condiciones","Hernan Santiago Silva","2026-04-01 10:29:39","","","","Aéreo","2026-04-01 09:43:41",""
"LedAvBelgrano1235","","LED 150W","Av Belgrano 1235","Centro","Con base en buenas condiciones","Hernan Santiago Silva","2026-04-01 09:48:20","","","","Aéreo","2026-04-01 09:47:57",""
"LedAvBelgrano1249","","LED 150W","Av Belgrano 1249","Centro","Con base en buenas condiciones","Hernan Santiago Silva","2026-04-01 09:50:15","","","","Aéreo","2026-04-01 09:50:15",""
"LedAvBelgrano1289","","LED 150W","Av Belgrano 1289","Centro","Con base en buenas condiciones","Hernan Santiago Silva","2026-04-01 09:53:30","","","","Aéreo","2026-04-01 09:53:30",""
"LedAvBelgrano1315","","LED 150W","Av Belgrano 1315","Centro","Con base en buenas condiciones","Hernan Santiago Silva","2026-04-01 10:33:36","","","","Aéreo","2026-04-01 09:54:17",""
"LedAvBelgrano1385","","LED 150W","Av Belgrano 1385","Centro","Con base en buenas condiciones","Hernan Santiago Silva","2026-04-01 15:05:35","","","","Aéreo","2026-04-01 10:02:41",""
"LedAvBelgrano1405","","LED 150W","Av Belgrano 1405","Centro","Con base en buenas condiciones","Hernan Santiago Silva","2026-04-01 10:06:28","","","","Aéreo","2026-04-01 10:06:28",""
"LedAvBelgrano1435","","LED 150W","Av Belgrano 1435","Centro","Con base en buenas condiciones","Hernan Santiago Silva","2026-04-09 09:57:16","","","","Aéreo","2026-04-01 10:10:59",""
"LedAvBelgrano1509","","LED 150W","Av Belgrano 1509","Centro","Con base en buenas condiciones","Hernan Santiago Silva","2026-04-01 10:13:40","","","","Aéreo","2026-04-01 10:13:40",""
"LedAvBelgrano1525","","LED 150W","Av Belgrano 1525","Centro","Con base en buenas condiciones","Hernan Santiago Silva","2026-04-01 10:15:54","","","","Aéreo","2026-04-01 10:15:54",""
"LedAvBelgrano1545","","LED 150W","Av Belgrano 1545","Centro","Con base en buenas condiciones","Hernan Santiago Silva","2026-04-01 10:20:29","","","","Aéreo","2026-04-01 10:20:29",""
"LedAvBelgrano1601","","LED 150W","Av Belgrano 1601","Centro","Con base en buenas condiciones","Hernan Santiago Silva","2026-04-01 10:22:22","","","","Aéreo","2026-04-01 10:22:22",""
"LedAvBelgrano1655","","LED 150W","Av Belgrano 1655","Centro","Con base en buenas condiciones","Hernan Santiago Silva","2026-04-01 10:25:17","","","","Aéreo","2026-04-01 10:25:17",""
"LedAvBelgrano1689","","LED 150W","Av Belgrano 1689","Centro","Con base en buenas condiciones","Hernan Santiago Silva","2026-04-01 10:28:25","","","","Aéreo","2026-04-01 10:28:25",""
"LedAv9DeJulio3997","","LED 150W","Av 9 de Julio 3997","San Clemente","Con base en buenas condiciones","Alejandro Saposnik","2026-04-08 09:58:13","","","","Aéreo","2026-04-08 09:20:51",""
"LedAv9DeJulio3303","","LED 150W","Av 9 de Julio 3303","San Clemente","Sin base","Alejandro Saposnik","2026-04-08 09:54:00","","","","Aéreo","2026-04-08 09:47:11",""
"LedAv9DeJulio3295","","LED 150W","Av 9 de Julio 3295","Centro","Sin base","Alejandro Saposnik","2026-04-08 09:59:37","","","","Aéreo","2026-04-08 09:54:48",""
"LedAvSiburu680","","LED 150W","Av Siburu 680","Centro","Con base en buenas condiciones","Hernan Santiago Silva","2026-04-09 08:17:37","","","","Aéreo","2026-04-08 10:21:15",""
"LedAvSiburu660","","LED 150W","Av Siburu 660","Centro","Con base en buenas condiciones","Hernan Santiago Silva","2026-04-09 09:54:02","","","","Aéreo","2026-04-08 10:27:39",""
"LedAvSiburu661","","LED 150W","Av Siburu 661","El Naranjal","Con base en buenas condiciones","Hernan Santiago Silva","2026-04-09 09:47:46","","","","Aéreo","2026-04-08 10:46:24",""
"LedAvSiburu750","","LED 150W","Av Siburu 750","Centro","Sin base","Hernan Santiago Silva","2026-04-09 08:19:15","","","","Aéreo","2026-04-08 10:52:07",""
"LedAvSiburu715","","LED 150W","Av Siburu 715","El Naranjal","Con base en buenas condiciones","Hernan Santiago Silva","2026-04-09 08:01:49","","","","Aéreo","2026-04-08 10:55:18",""
"LedAvSiburu780","","LED 150W","Av Siburu 780","Centro","Sin base","Hernan Santiago Silva","2026-04-08 10:58:54","","","","Aéreo","2026-04-08 10:58:54",""
"LedAvSiburu795","","LED 150W","Av Siburu 795","El Naranjal","Con base en buenas condiciones","Hernan Santiago Silva","2026-04-09 08:01:25","","","","Aéreo","2026-04-08 11:04:57",""
"LedAvSiburu802","","LED 150W","Av Siburu 802","Centro","Sin base","Hernan Santiago Silva","2026-04-08 11:10:57","","","","Aéreo","2026-04-08 11:10:57",""
"LedAvSiburu853","","LED 150W","Av Siburu 853","El Naranjal","Sin base","Hernan Santiago Silva","2026-04-09 08:00:59","","","","Aéreo","2026-04-08 11:14:01",""
"LedAvSiburu885","","LED 150W","Av Siburu 885","El Naranjal","Con base en malas condiciones","Hernan Santiago Silva","2026-04-09 08:00:35","","","","Aéreo","2026-04-08 11:19:46",""
"LedAvSiburu870","","LED 150W","Av Siburu 870","Centro","Sin base","Hernan Santiago Silva","2026-04-08 11:22:28","","","","Aéreo","2026-04-08 11:22:28",""
"LedUruguay3220","","LED 150W","Uruguay 3220","Centro","Sin base","Hernan Santiago Silva","2026-04-08 11:27:49","","","","Aéreo","2026-04-08 11:27:49",""
"LedUruguay3199","","LED 150W","Uruguay 3199","Centro","Sin base","Hernan Santiago Silva","2026-04-08 11:29:46","","","","Aéreo","2026-04-08 11:29:46",""
"LedUruguay3130","","LED 150W","Uruguay 3130","Centro","Sin base","Hernan Santiago Silva","2026-04-08 11:34:00","","","","Aéreo","2026-04-08 11:34:00",""
"LedAlberdi3280","","LED 150W","Alberdi 3280","Centro","Con base en buenas condiciones","Ana Celina Pozzi","2026-04-08 16:40:19","","","","Aéreo","2026-04-08 16:36:40",""
"LedAlberdi3025","","LED 150W","Alberdi 3025","Centro","Con base en buenas condiciones","Ana Celina Pozzi","2026-04-10 09:21:55","","","","Aéreo","2026-04-08 16:38:15",""
"LedSarmiento2899","","LED 150W","Sarmiento 2899","Centro","Sin base","Emanuel Noriega Sosa","2026-04-08 16:45:32","","","","Aéreo","2026-04-08 16:42:24",""
"LedAlberdi3176","","LED 150W","Alberdi 3176","Centro","Con base en buenas condiciones","Ana Celina Pozzi","2026-04-08 16:44:19","","","","Aéreo","2026-04-08 16:43:33",""
"LedAlberdi3125","","LED 150W","Alberdi 3125","Centro","Con base en buenas condiciones","Ana Celina Pozzi","2026-04-08 16:46:07","","","","Aéreo","2026-04-08 16:46:07",""
"LedSarmiento2891","","LED 150W","Sarmiento 2891","Centro","Sin base","Emanuel Noriega Sosa","2026-04-08 16:47:40","","","","Aéreo","2026-04-08 16:47:40",""
"LedAlberdi3080","","LED 150W","Alberdi 3080","Centro","Con base en buenas condiciones","Ana Celina Pozzi","2026-04-08 16:47:56","","","","Aéreo","2026-04-08 16:47:56",""
"LedSarmiento2885","","LED 150W","Sarmiento 2855","Centro","Sin base","Emanuel Noriega Sosa","2026-04-08 16:49:18","","","","Aéreo","2026-04-08 16:49:18",""
"LedSarmiento2881","","LED 150W","Sarmiento 2881","Centro","Sin base","Emanuel Noriega Sosa","2026-04-08 16:51:31","","","","Aéreo","2026-04-08 16:51:31",""
"LedAlberdi2980","","LED 150W","Alberdi 2980","Centro","Sin base","Ana Celina Pozzi","2026-04-08 16:51:45","","","","Aéreo","2026-04-08 16:51:45",""
"LedSarmiento2855","","LED 150W","Sarmiento 2855","Centro","Sin base","Emanuel Noriega Sosa","2026-04-08 16:52:25","","","","Aéreo","2026-04-08 16:52:25",""
"LedAlberdi2921","","LED 150W","Alberdi 2921","Centro","Sin base","Ana Celina Pozzi","2026-04-08 16:53:47","","","","Aéreo","2026-04-08 16:53:47",""
"LedSarmiento2841","","LED 150W","Sarmiento 2841","Centro","Sin base","Emanuel Noriega Sosa","2026-04-08 16:53:59","","","","Aéreo","2026-04-08 16:53:59",""
"LedAlberdi2890","","LED 150W","Alberdi 2890","Centro","Sin base","Ana Celina Pozzi","2026-04-13 09:04:35","","","","Aéreo","2026-04-08 16:55:14",""
"LedSarmiento2815","","LED 150W","Sarmiento 2815","Centro","Sin base","Emanuel Noriega Sosa","2026-04-09 09:57:37","","","","Aéreo","2026-04-08 16:56:37",""
"LedAlberdi2855","","LED 150W","Alberdi 2855","Centro","Sin base","Ana Celina Pozzi","2026-04-08 16:57:34","","","","Aéreo","2026-04-08 16:57:34",""
"LedSarmiento2801","","LED 150W","Sarmiento 2801","Centro","Sin base","Emanuel Noriega Sosa","2026-04-08 16:58:36","","","","Aéreo","2026-04-08 16:58:36",""
"LedSarmiento2785","","LED 150W","Sarmiento 2785","Centro","Sin base","Emanuel Noriega Sosa","2026-04-08 17:07:35","","","","Aéreo","2026-04-08 17:07:35",""
"LedSarmiento2745","","LED 150W","Sarmiento 2745","Centro","Sin base","Emanuel Noriega Sosa","2026-04-08 17:09:52","","","","Aéreo","2026-04-08 17:09:52",""
"LedSarmiento2725","","LED 150W","Sarmiento 2725","Centro","Sin base","Emanuel Noriega Sosa","2026-04-08 17:12:07","","","","Aéreo","2026-04-08 17:12:07",""
"LedSarmiento2695","","LED 150W","Sarmiento 2695","Centro","Sin base","Emanuel Noriega Sosa","2026-04-08 17:14:46","","","","Aéreo","2026-04-08 17:14:46",""
"LedSarmiento2685","","LED 150W","Sarmiento 2685","Centro","Sin base","Emanuel Noriega Sosa","2026-04-08 17:18:21","","","","Aéreo","2026-04-08 17:18:21",""
"LedSamiento2655","","LED 150W","Sarmiento 2655","Centro","Sin base","Emanuel Noriega Sosa","2026-04-08 17:20:26","","","","Aéreo","2026-04-08 17:20:26",""
"LedSarmiento2645","","LED 150W","Sarmiento 2645","Centro","Sin base","Emanuel Noriega Sosa","2026-04-08 17:21:45","","","","Aéreo","2026-04-08 17:21:45",""
"LedSarmiento2635","","LED 150W","Sarmiento 2635","Centro","Sin base","Emanuel Noriega Sosa","2026-04-08 17:24:08","","","","Aéreo","2026-04-08 17:24:08",""
"LedSarmiento2605","","LED 150W","Sarmiento 2605","Centro","Con base en buenas condiciones","Emanuel Noriega Sosa","2026-04-08 17:26:20","","","","Aéreo","2026-04-08 17:26:20",""
"LedSarmiento2585","","LED 150W","Sarmiento 2585","Centro","Sin base","Emanuel Noriega Sosa","2026-04-08 17:27:27","","","","Aéreo","2026-04-08 17:27:27",""
"LedSarmiento2567","","LED 150W","Sarmiento 2567","Centro","Sin base","Emanuel Noriega Sosa","2026-04-08 17:31:50","","","","Aéreo","2026-04-08 17:30:16",""
"LedAvYrigoyen3215","","LED 150W","Av Yrigoyen 3215","Centro","Con base en buenas condiciones","Ana Celina Pozzi","2026-04-09 08:46:56","","","","Aéreo","2026-04-08 17:32:11",""
"LedSarmiento2541","","LED 150W","Sarmiento 2541","Centro","Con base en buenas condiciones","Emanuel Noriega Sosa","2026-04-08 17:33:16","","","","Aéreo","2026-04-08 17:33:16",""
"LedSarmiento2529","","LED 150W","Sarmiento 2529","Centro","Sin base","Emanuel Noriega Sosa","2026-04-13 10:10:49","","","","Aéreo","2026-04-08 17:35:13",""
"LedSalvarredy1323","","LED 150W","Salvarredy 1323","Centro","Sin base","Emanuel Noriega Sosa","2026-04-08 17:46:15","","","","Aéreo","2026-04-08 17:46:15",""
"LedSalvarredy1379","","LED 150W","Salvarredy 1379","Centro","Sin base","Emanuel Noriega Sosa","2026-04-08 17:48:44","","","","Aéreo","2026-04-08 17:47:28",""
"LedSalvarredy1435","","LED 150W","Salvarredy 1435","Centro","Sin base","Emanuel Noriega Sosa","2026-04-08 17:51:47","","","","Aéreo","2026-04-08 17:50:33",""
"LedSalvarredy1460","","LED 150W","Salvarredy 1460","Centro","Sin base","Emanuel Noriega Sosa","2026-04-08 17:53:22","","","","Aéreo","2026-04-08 17:53:22",""
"LedSalvarredy1491","","LED 150W","Salvarredy 1491","Centro","Sin base","Emanuel Noriega Sosa","2026-04-08 17:57:31","","","","Aéreo","2026-04-08 17:57:31",""
"LedSalvarredy1590","","LED 150W","Salvarredy 1590","Centro","Sin base","Emanuel Noriega Sosa","2026-04-08 17:59:04","","","","Aéreo","2026-04-08 17:59:04",""
"LedSalvarredy1640","","LED 150W","Salvarredy 1640","Centro","Sin base","Emanuel Noriega Sosa","2026-04-08 18:02:13","","","","Aéreo","2026-04-08 18:02:13",""
"LedSalvarredy1690","","LED 150W","Salvarredy 1690","Centro","Sin base","Emanuel Noriega Sosa","2026-04-08 18:05:11","","","","Aéreo","2026-04-08 18:05:11",""
"Led3deFebrero3010","","LED 150W","3 de Febrero 3010","Centro","Con base en buenas condiciones","Ana Celina Pozzi","2026-04-08 18:12:16","","","","Aéreo","2026-04-08 18:08:45",""
"LedTabeni1690","","LED 150W","Jaime Tabeni 1690","Centro","Sin base","Emanuel Noriega Sosa","2026-04-08 18:10:48","","","","Aéreo","2026-04-08 18:10:48",""
"LedTabeni1625","","LED 150W","Jaime Tabeni 1625","Centro","Sin base","Emanuel Noriega Sosa","2026-06-12 17:29:22","","","R/065166","Aéreo","2026-04-08 18:12:23",""
"LedTabeni1598","","LED 150W","Jaime Tabeni 1598","Centro","Con base en buenas condiciones","Emanuel Noriega Sosa","2026-04-08 18:19:58","","","","Aéreo","2026-04-08 18:16:23",""
"LedTabeni1515","","LED 150W","Jaime Tabeni 1515","Centro","Con base en buenas condiciones","Emanuel Noriega Sosa","2026-04-08 18:22:31","","","","Aéreo","2026-04-08 18:20:04",""
"3deFebrero3155","","LED 150W","3 de Febrero 3155","Centro","Con base en buenas condiciones","Ana Celina Pozzi","2026-04-08 18:21:14","","","","Aéreo","2026-04-08 18:21:14",""
"LedTabeni1480","","LED 150W","Jaime Tabeni 1480","Centro","Con base en buenas condiciones","Emanuel Noriega Sosa","2026-04-08 18:25:47","","","","Aéreo","2026-04-08 18:25:47",""
"LedTabeni1420","","LED 150W","Jaime Tabeni 1420","Centro","Sin base","Emanuel Noriega Sosa","2026-04-08 18:27:14","","","","Aéreo","2026-04-08 18:27:14",""
"Led3deFebrero2855","","LED 150W","3 de Febrero 2855","Centro","Sin base","Ana Celina Pozzi","2026-04-08 18:32:43","","","","Aéreo","2026-04-08 18:32:43",""
"3deFebrero2810","","LED 150W","3 de Febrero 2810","Centro","Sin base","Ana Celina Pozzi","2026-04-08 18:34:15","","","","Aéreo","2026-04-08 18:34:15",""
"Led3deFebrero2705","","LED 150W","3 de Febrero 2705","Centro","Sin base","Ana Celina Pozzi","2026-04-08 18:38:33","","","","Aéreo","2026-04-08 18:38:33",""
"LedSaenzPeña2810","","LED 150W","Saenz Peña 2810","Centro","Sin base","Ana Celina Pozzi","2026-04-09 09:51:02","","","","Aéreo","2026-04-09 07:16:38",""
"LedSaenzPeña2860","","LED 150W","Roque Saenz Peña 2860","Centro","Con base en buenas condiciones","Ana Celina Pozzi","2026-04-09 07:27:34","","","","Aéreo","2026-04-09 07:21:00",""
"LedSaenzPeña2880","","LED 150W","Saenz Peña 2880","Centro","Con base en malas condiciones","Ana Celina Pozzi","2026-04-09 07:27:55","","","","Aéreo","2026-04-09 07:24:34",""
"LedSaenzPeña2890","","LED 150W","Saenz Peña 2890","Centro","Sin base","Ana Celina Pozzi","2026-04-09 07:29:37","","","","Aéreo","2026-04-09 07:28:03",""
"LedSaenzPeña2945","","LED 150W","Saenz Peña 2945","Centro","Con base en malas condiciones","Ana Celina Pozzi","2026-04-09 07:36:50","","","","Aéreo","2026-04-09 07:31:03",""
"LedSaenzPeña2980","","LED 150W","Saenz Peña 2980","Centro","Sin base","Ana Celina Pozzi","2026-04-09 07:39:45","","","","Aéreo","2026-04-09 07:36:54",""
"LedSaenzPeña3015","","LED 150W","Saenz Peña 3015","Centro","Con base en buenas condiciones","Ana Celina Pozzi","2026-04-13 11:21:22","","","","Aéreo","2026-04-09 07:39:53",""
"LedSaenzPeña3080","","LED 150W","Saenz Peña 3080","Centro","Con base en buenas condiciones","Ana Celina Pozzi","2026-04-09 07:44:09","","","","Aéreo","2026-04-09 07:43:10",""
"LedSaenzPeña3125","","LED 150W","Saenz Peña 3125","Centro","Con base en buenas condiciones","Ana Celina Pozzi","2026-04-21 09:35:25","","","","Aéreo","2026-04-09 07:45:29",""
"LedSaenzPeña3176","","LED 150W","Saenz Peña 3176","Centro","Con base en buenas condiciones","Ana Celina Pozzi","2026-04-09 07:47:02","","","","Aéreo","2026-04-09 07:46:44",""
"LedSaenzPeña3215","","LED 150W","Saenz Peña 3215","Centro","Con base en buenas condiciones","Ana Celina Pozzi","2026-04-10 09:51:14","","","","Subterráneo","2026-04-09 07:53:34",""
"LedSaenzPeña3270","","LED 150W","Saenz Peña 3270","Centro","Con base en buenas condiciones","Ana Celina Pozzi","2026-04-10 08:48:00","","","","Aéreo","2026-04-09 07:54:44",""
"Led3deFebrero2940","","LED 150W","3 de Febrero 2940","Centro","Sin base","Ana Celina Pozzi","2026-04-13 09:10:41","","","","Aéreo","2026-04-09 07:55:56",""
"LedAvSiburu602","","LED 150W","Av Siburu 602","Centro","Con base en buenas condiciones","Alejandro Saposnik","2026-04-09 09:41:13","","","","Subterráneo","2026-04-09 09:41:13",""
"LedAvSiburu601","","LED 150W","Av Siburu 601","El Naranjal","Con base en buenas condiciones","Alejandro Saposnik","2026-04-09 09:42:57","","","","Subterráneo","2026-04-09 09:42:57",""
"LedMitre1680","","LED 150W","Mitre 1680","Centro","Con base en buenas condiciones","Ana Celina Pozzi","2026-04-09 16:20:06","","","","Aéreo","2026-04-09 16:20:06",""
"LedMitre1615","","LED 150W","Mitre 1615","Centro","Con base en buenas condiciones","Ana Celina Pozzi","2026-04-09 16:22:26","","","","Aéreo","2026-04-09 16:22:26",""
"LedMitre1540","","LED 150W","Mitre 1540","Centro","Con base en buenas condiciones","Ana Celina Pozzi","2026-04-09 16:24:20","","","","Aéreo","2026-04-09 16:24:20",""
"LedMitre1525","","LED 150W","Mitre 1525","Centro","Con base en buenas condiciones","Ana Celina Pozzi","2026-04-09 16:25:53","","","","Aéreo","2026-04-09 16:25:03",""
"LedMoreno890","True","LED 150W","Moreno 890","Centro","Sin base","Emanuel Noriega Sosa","2026-04-10 08:42:59","","","","Aéreo","2026-04-09 16:25:14",""
"LedMoreno1680","","LED 150W","Moreno 1680","Centro","Con base en buenas condiciones","Emanuel Noriega Sosa","2026-04-09 16:28:10","","","","Aéreo","2026-04-09 16:26:04",""
"LedMitre1480","","LED 150W","Mitre 1480","Centro","Con base en buenas condiciones","Ana Celina Pozzi","2026-04-09 16:28:11","","","","Aéreo","2026-04-09 16:27:39",""
"LedMoreno1625","","LED 150W","Moreno 1625","Centro","Con base en buenas condiciones","Emanuel Noriega Sosa","2026-04-09 16:29:35","","","","Aéreo","2026-04-09 16:29:35",""
"LedMitre1435","","LED 150W","Mitre 1435","Centro","Con base en buenas condiciones","Ana Celina Pozzi","2026-04-09 16:30:00","","","","Aéreo","2026-04-09 16:30:00",""
"LedMoreno1580","","LED 150W","Moreno 1580","Centro","Con base en buenas condiciones","Emanuel Noriega Sosa","2026-04-09 17:00:03","","","","Aéreo","2026-04-09 16:31:32",""
"Mitre1385","","LED 150W","Mitre 1385","Centro","Con base en buenas condiciones","Ana Celina Pozzi","2026-04-09 16:32:45","","","","Aéreo","2026-04-09 16:32:45",""
"LedMoreno1520","","LED 150W","Moreno 1520","Centro","Con base en buenas condiciones","Emanuel Noriega Sosa","2026-04-09 16:33:41","","","","Aéreo","2026-04-09 16:33:41",""
"Mitre1333","","LED 150W","Mitre 1333","Centro","Con base en buenas condiciones","Ana Celina Pozzi","2026-04-09 16:34:23","","","","Aéreo","2026-04-09 16:34:23",""
"LedMoreno1480","","LED 150W","Moreno 1480","Centro","Con base en buenas condiciones","Emanuel Noriega Sosa","2026-04-09 16:35:37","","","","Aéreo","2026-04-09 16:35:37",""
"LedMitre1280","","LED 150W","Mitre 1280","Centro","Con base en buenas condiciones","Ana Celina Pozzi","2026-04-09 16:36:08","","","","Aéreo","2026-04-09 16:36:08",""
"LedMitre1225","","LED 150W","Mitre 1225","Centro","Con base en buenas condiciones","Ana Celina Pozzi","2026-04-09 16:37:44","","","","Aéreo","2026-04-09 16:37:44",""
"LedMoreno1415","","LED 150W","Moreno 1415","Centro","Con base en buenas condiciones","Emanuel Noriega Sosa","2026-04-09 16:38:34","","","","Aéreo","2026-04-09 16:38:34",""
"LedMitre1180","","LED 150W","Mitre 1180","Centro","Con base en buenas condiciones","Ana Celina Pozzi","2026-04-09 16:38:58","","","","Aéreo","2026-04-09 16:38:58",""
"LedMoreno1380","","LED 150W","Moreno 1380","Centro","Con base en buenas condiciones","Emanuel Noriega Sosa","2026-04-09 16:39:32","","","","Aéreo","2026-04-09 16:39:32",""
"LedMitre1125","","LED 150W","Mitre 1125","Centro","Con base en buenas condiciones","Ana Celina Pozzi","2026-04-09 16:40:32","","","","Aéreo","2026-04-09 16:40:32",""
"LedMitre1090","","LED 150W","Mitre 1090","Centro","Con base en buenas condiciones","Ana Celina Pozzi","2026-04-09 16:42:24","","","","Aéreo","2026-04-09 16:41:58",""
"LedMoreno1328","","LED 150W","Moreno 1328","Centro","Con base en buenas condiciones","Emanuel Noriega Sosa","2026-04-10 18:12:36","","","","Aéreo","2026-04-09 16:43:13",""
"LedMitre1025","","LED 150W","Mitre 1025","Centro","Con base en buenas condiciones","Ana Celina Pozzi","2026-04-09 16:43:55","","","","Aéreo","2026-04-09 16:43:55",""
"LedMitre995","","LED 150W","Mitre 995","Centro","Sin base","Ana Celina Pozzi","2026-04-09 16:48:18","","","","Aéreo","2026-04-09 16:46:06",""
"LedMoreno1290","","LED 150W","Moreno 1290","Centro","Con base en buenas condiciones","Emanuel Noriega Sosa","2026-04-09 16:46:46","","","","Aéreo","2026-04-09 16:46:46",""
"LedMitre925","","LED 150W","Mitre 925","Centro","Sin base","Ana Celina Pozzi","2026-04-09 16:47:54","","","","Aéreo","2026-04-09 16:47:54",""
"LedMoreno1205","","LED 150W","Moreno 1205","Centro","Con base en buenas condiciones","Emanuel Noriega Sosa","2026-04-09 16:48:42","","","","Aéreo","2026-04-09 16:48:42",""
"LedMoreno1184","","LED 150W","Moreno 1184","Centro","Con base en buenas condiciones","Emanuel Noriega Sosa","2026-04-09 16:51:06","","","","Aéreo","2026-04-09 16:51:06",""
"LedMoreno1125","True","LED 150W","Moreno 1125","Centro","Con base en buenas condiciones","Emanuel Noriega Sosa","2026-04-09 16:52:58","","","","Aéreo","2026-04-09 16:52:58",""
"LedMoreno1070","","LED 150W","Moreno 1070","Centro","Con base en buenas condiciones","Emanuel Noriega Sosa","2026-04-09 16:54:17","","","","Aéreo","2026-04-09 16:54:17",""
"LedMoreno1015","","LED 150W","Moreno 1015","Centro","Con base en buenas condiciones","Emanuel Noriega Sosa","2026-04-09 16:56:01","","","","Aéreo","2026-04-09 16:56:01",""
"LedMoreno980","","LED 150W","Moreno 980","Centro","Sin base","Emanuel Noriega Sosa","2026-04-09 16:57:16","","","","Aéreo","2026-04-09 16:57:16",""
"LedMoreno917","","LED 150W","Moreno 917","Centro","Sin base","Emanuel Noriega Sosa","2026-04-09 16:58:19","","","","Aéreo","2026-04-09 16:58:19",""
"LedMoreno820","True","LED 150W","Moreno 820","Centro","Sin base","Emanuel Noriega Sosa","2026-04-14 12:49:07","","","","Aéreo","2026-04-09 17:06:28",""
"LedSargentoCabral920","","LED 150W","Sargento Cabral 920","Centro","Sin base","Emanuel Noriega Sosa","2026-04-09 17:09:29","","","","Aéreo","2026-04-09 17:09:29",""
"LedSargentoCabral955","","LED 150W","Sargento Cabral 955","Centro","Sin base","Ana Celina Pozzi","2026-04-09 17:09:36","","","","Aéreo","2026-04-09 17:09:36",""
"LedUruguay2860","","LED 150W","Uruguay 2860","Centro","Sin base","Ana Celina Pozzi","2026-04-09 17:11:54","","","","Aéreo","2026-04-09 17:11:54",""
"LedUruguay2810","","LED 150W","Uruguay 2810","Centro","Sin base","Emanuel Noriega Sosa","2026-06-12 16:39:09","","","R/063968","Aéreo","2026-04-09 17:13:16",""
"LedUruguay2730","","LED 150W","Uruguay 2730","Centro","Sin base","Emanuel Noriega Sosa","2026-04-09 17:21:03","","","","Aéreo","2026-04-09 17:21:03",""
"LedBolivar1120","","LED 150W","Bolivar 1120","Centro","Con base en buenas condiciones","Ana Celina Pozzi","2026-04-09 17:30:24","","","","Aéreo","2026-04-09 17:30:24",""
"LedBelgranoyUruguay","","LED 150W","Cantero Belgrano y Uruguay","Centro","Sin base","Emanuel Noriega Sosa","2026-04-09 17:31:18","","","","Aéreo","2026-04-09 17:31:18",""
"LedUruguay2690","","LED 150W","Uruguay 2690","Centro","Sin base","Emanuel Noriega Sosa","2026-04-09 17:33:18","","","","Aéreo","2026-04-09 17:33:18",""
"LedBolivar1260","","LED 150W","Bolivar 1260","Centro","Sin base","Ana Celina Pozzi","2026-04-09 17:34:27","","","","Aéreo","2026-04-09 17:34:27",""
"LedUruguay2668","","LED 150W","Uruguay 2668","Centro","Sin base","Emanuel Noriega Sosa","2026-04-09 17:34:56","","","","Aéreo","2026-04-09 17:34:56",""
"LedBolivar1255","","LED 150W","Bolivar 1255","Centro","Sin base","Ana Celina Pozzi","2026-04-09 17:36:20","","","","Aéreo","2026-04-09 17:36:20",""
"LedTabeni1219","","LED 150W","Jaime Tabeni 1219","Centro","Sin base","Emanuel Noriega Sosa","2026-04-09 17:36:46","","","","Aéreo","2026-04-09 17:36:46",""
"LedUruguay2680","","LED 150W","Uruguay 2680","Centro","Sin base","Emanuel Noriega Sosa","2026-04-09 17:38:13","","","","Aéreo","2026-04-09 17:38:13",""
"LedBolivar1290","","LED 150W","Bolivar 1290","Centro","Sin base","Ana Celina Pozzi","2026-04-09 17:38:24","","","","Aéreo","2026-04-09 17:38:24",""
"LedBolivar1345","","LED 150W","Bolivar 1345","Centro","Sin base","Ana Celina Pozzi","2026-04-09 17:39:51","","","","Aéreo","2026-04-09 17:39:51",""
"LedUruguay2660","True","LED 150W","Uruguay 2660","Centro","Sin base","Emanuel Noriega Sosa","2026-04-09 17:40:14","","","","Aéreo","2026-04-09 17:40:14",""
"LedUruguay2620","True","LED 150W","Uruguay 1620","Centro","Con base en buenas condiciones","Emanuel Noriega Sosa","2026-04-09 17:42:00","","","","","2026-04-09 17:41:31",""
"LedBolivar1390","","LED 150W","Bolivar 1390","Centro","Sin base","Ana Celina Pozzi","2026-04-09 17:41:34","","","","Aéreo","2026-04-09 17:41:34",""
"LedBolivar1425","","LED 150W","Bolivar 1425","Centro","Con base en buenas condiciones","Ana Celina Pozzi","2026-04-09 17:43:21","","","","Aéreo","2026-04-09 17:43:21",""
"LedSalvarredy1295","","LED 150W","Salvarredy 1295","Centro","Sin base","Emanuel Noriega Sosa","2026-06-25 09:43:16","","","","Aéreo","2026-04-09 17:44:10",""
"LedBolivar1490","","LED 150W","Bolivar 1490","Centro","Sin base","Ana Celina Pozzi","2026-04-09 17:45:15","","","","Aéreo","2026-04-09 17:45:15",""
"LedUruguay1260","","LED 150W","Uruguay 1260","Centro","Sin base","Emanuel Noriega Sosa","2026-06-19 10:49:08","","","","Aéreo","2026-04-09 17:45:38","Cambio de luminaria y fotocelula"
"LedBolivar1525","","LED 150W","Bolivar 1525","Centro","Sin base","Ana Celina Pozzi","2026-04-09 17:46:33","","","","Aéreo","2026-04-09 17:46:33",""
"LedBolivar1590","","LED 150W","Bolivar 1590","Centro","Sin base","Ana Celina Pozzi","2026-04-09 17:48:11","","","","Aéreo","2026-04-09 17:48:11",""
"LedBolivar1625","","LED 150W","Bolivar 1625","Centro","Sin base","Ana Celina Pozzi","2026-04-09 17:49:43","","","","Aéreo","2026-04-09 17:49:04",""
"LedBolivar1690","","LED 150W","Bolivar 1690","Centro","Sin base","Ana Celina Pozzi","2026-04-09 17:51:26","","","","Aéreo","2026-04-09 17:51:26",""
"LedUruguay2486","","LED 150W","Uruguay 2486","Centro","Sin base","Emanuel Noriega Sosa","2026-04-09 17:51:35","","","","Aéreo","2026-04-09 17:51:35",""
"LedUruguay2468","","LED 150W","Uruguay 2468","Centro","Sin base","Emanuel Noriega Sosa","2026-04-23 09:01:40","","","","Aéreo","2026-04-09 17:53:15",""
"LedUruguay2420","","LED 150W","Uruguay 2420","Centro","Sin base","Emanuel Noriega Sosa","2026-04-23 09:02:15","","","","Aéreo","2026-04-09 17:55:23",""
"LedUruguay2380","","LED 150W","Uruguay 2380","Centro","Sin base","Emanuel Noriega Sosa","2026-04-09 17:59:30","","","","Aéreo","2026-04-09 17:59:30",""
"LedUruguay2360","","LED 150W","Uruguay 2360","Centro","Con base en malas condiciones","Emanuel Noriega Sosa","2026-04-09 18:01:21","","","","Aéreo","2026-04-09 18:01:21",""
"LedUruguay2340","","LED 150W","Uruguay 2340","Centro","Con base en buenas condiciones","Emanuel Noriega Sosa","2026-06-18 09:41:00","","","","Aéreo","2026-04-09 18:03:30","Cambio de luminaria IGEMAR, Morceto neutro y porta fusible "
"LedUruguay2280","","LED 150W","Uruguay 2280","Centro","Sin base","Emanuel Noriega Sosa","2026-04-09 18:05:42","","","","Aéreo","2026-04-09 18:05:42",""
"LedUruguay2250","","LED 150W","Uruguay 2250","Centro","Sin base","Emanuel Noriega Sosa","2026-04-14 09:01:04","","","","Aéreo","2026-04-09 18:07:43",""
"LedAvAlmiranteBrown1610","","LED 150W","Av. Almirante Brown 1610","Centro","Con base en buenas condiciones","Emanuel Noriega Sosa","2026-04-09 18:11:53","","","","Aéreo","2026-04-09 18:11:53",""
"LedAvAlmiranteBrown1695","","LED 150W","Av. Almirante Brown 1695","Centro","Con base en buenas condiciones","Emanuel Noriega Sosa","2026-04-13 10:47:33","","","","Aéreo","2026-04-09 18:13:14",""
"LedBaloni1690","","LED 150W","Baloni 1690","Centro","Con base en buenas condiciones","Emanuel Noriega Sosa","2026-04-09 18:32:37","","","","Aéreo","2026-04-09 18:32:37",""
"LedBaloni1615","","LED 150W","Baloni 1615","Centro","Con base en buenas condiciones","Emanuel Noriega Sosa","2026-04-09 18:33:44","","","","Aéreo","2026-04-09 18:33:44",""
"LedBaloni1540","","LED 150W","Baloni 1540","Centro","Sin base","Emanuel Noriega Sosa","2026-04-09 18:35:55","","","","Aéreo","2026-04-09 18:35:55",""
"LedTabeni1390","","LED 150W","Tabeni 1390","Centro","Sin base","Ana Celina Pozzi","2026-06-12 18:05:25","","","R/064383","Aéreo","2026-04-09 18:36:52",""
"LedTabeni1335","","LED 150W","Tabeni 1335","Centro","Sin base","Ana Celina Pozzi","2026-04-10 18:29:06","","","","Aéreo","2026-04-09 18:38:55",""
"LedBaloni1450","","LED 150W","Baloni 1450","Centro","Con base en buenas condiciones","Emanuel Noriega Sosa","2026-04-09 18:39:14","","","","Aéreo","2026-04-09 18:39:14",""
"LedTabeni1290","","LED 150W","Tabeni 1290","Centro","Sin base","Ana Celina Pozzi","2026-04-09 18:40:27","","","","Aéreo","2026-04-09 18:40:27",""
"LedTabeni1225","","LED 150W","Tabeni 1225","Centro","Sin base","Ana Celina Pozzi","2026-04-09 18:41:54","","","","Aéreo","2026-04-09 18:41:54",""
"LedAvYrigoyen3299","","LED 150W","Av Yrigoyen 3299","Centro","Con base en buenas condiciones","Hernan Santiago Silva","2026-04-10 09:08:18","","","","Aéreo","2026-04-10 09:08:18",""
"LedAvYrigoyen3185","","LED 150W","Av Yrigoyen 3185","Centro","Con base en buenas condiciones","Hernan Santiago Silva","2026-04-10 09:17:16","","","","Aéreo","2026-04-10 09:17:16",""
"LedAvYrigoyen3151","","LED 150W","Av Yrigoyen 3151","Centro","Con base en buenas condiciones","Hernan Santiago Silva","2026-04-10 09:22:19","","","","Aéreo","2026-04-10 09:22:19",""
"LedAvYrigoyen3099","","LED 150W","Av yrigoyen 3099","Centro","Con base en buenas condiciones","Hernan Santiago Silva","2026-04-21 09:33:13","","","","Aéreo","2026-04-10 09:31:13",""
"LedAvYrigoyen3090","","LED 150W","Av Yrigoyen 3090","Centro","Con base en buenas condiciones","Hernan Santiago Silva","2026-04-10 09:38:17","","","","Aéreo","2026-04-10 09:38:17",""
"LedBolivar1150","","LED 150W","Bolivar 1150","Centro","Con base en buenas condiciones","Alejandro Saposnik","2026-04-10 09:53:47","","","","Aéreo","2026-04-10 09:40:07",""
"LedAvYrigoyen2999","","LED 150W","Av Yrigoyen 2999","Centro","Con base en buenas condiciones","Hernan Santiago Silva","2026-04-23 09:03:44","","","","Aéreo","2026-04-10 09:49:07",""
"LedAvYrigoyen2925","","LED 150W","Av Yrigoyen 2925","Centro","Sin base","Hernan Santiago Silva","2026-04-14 17:16:16","","","","Aéreo","2026-04-10 09:54:53",""
"LedViasFFCCSN_1","","LED 150W","Vías FF.CC. SN","Centro","Sin base","Hernan Santiago Silva","2026-04-10 11:28:53","","","","Aéreo","2026-04-10 10:29:18",""
"LedViasFFCCSN_2","","LED 150W","Vías FF.CC. SN","Centro","Sin base","Hernan Santiago Silva","2026-04-10 11:29:00","","","","Subterráneo","2026-04-10 10:33:04",""
"LedViasFFCCSN_3","","LED 150W","Vías FF.CC. SN","Centro","Sin base","Hernan Santiago Silva","2026-04-10 11:29:05","","","","Aéreo","2026-04-10 10:35:56",""
"LedViasFFCCSN_4","","LED 150W","Vías FDCC SN","Centro","Con base en buenas condiciones","Hernan Santiago Silva","2026-04-10 11:29:12","","","","Aéreo","2026-04-10 10:38:02",""
"LedViaFFCCSN_5","","LED 150W","Vías FF.CC. SN","Centro","Con base en buenas condiciones","Hernan Santiago Silva","2026-04-13 08:52:00","","","","Aéreo","2026-04-10 10:39:59",""
"LedViasFFCCSN_6","","LED 150W","Vías FF.CC. SN","Centro","Con base en buenas condiciones","Hernan Santiago Silva","2026-04-10 11:29:25","","","","Aéreo","2026-04-10 10:42:01",""
"LedViasFFCCSN_7","","LED 150W","Vías FF.CC. SN","Centro","Con base en buenas condiciones","Hernan Santiago Silva","2026-04-10 11:29:33","","","","Aéreo","2026-04-10 10:43:32",""
"LedViasFFCCSN_8","","LED 150W","Vías FF.CC. SN","Centro","Con base en buenas condiciones","Hernan Santiago Silva","2026-04-10 11:29:38","","","","Aéreo","2026-04-10 10:45:26",""
"LedViasFFCCSN_9","","LED 150W","Vías FFCCSN","Centro","Con base en buenas condiciones","Hernan Santiago Silva","2026-04-10 11:29:44","","","","Aéreo","2026-04-10 10:47:36",""
"LedErmacoraSN_1","","LED 150W","Ermácora SN","Centro","Con base en buenas condiciones","Hernan Santiago Silva","2026-04-10 11:26:53","","","","Aéreo","2026-04-10 10:55:07",""
"LedErmacoraSN_2","","LED 150W","Ermácora SN","Centro","Con base en buenas condiciones","Hernan Santiago Silva","2026-04-10 11:27:01","","","","Aéreo","2026-04-10 10:58:15",""
"LedErmacoraSN_3","","LED 150W","Ermácora SN","Centro","Con base en buenas condiciones","Hernan Santiago Silva","2026-04-10 11:27:13","","","","Aéreo","2026-04-10 10:59:26",""
"LedErmacoraSN_4","","LED 150W","Ermácora SN","Centro","Con base en buenas condiciones","Hernan Santiago Silva","2026-04-10 11:27:21","","","","Aéreo","2026-04-10 11:01:02",""
"LedErmacoraSN_5","","LED 150W","Ermácora SN","Centro","Con base en buenas condiciones","Hernan Santiago Silva","2026-04-10 11:27:28","","","","Aéreo","2026-04-10 11:05:24",""
"LedErmacoraSN_6","","LED 150W","Ermácora SN","Centro","Con base en buenas condiciones","Hernan Santiago Silva","2026-04-10 11:27:35","","","","Aéreo","2026-04-10 11:08:00",""
"LedErmacoraSN_7","","LED 150W","Ermácora SN","Centro","Con base en buenas condiciones","Hernan Santiago Silva","2026-04-10 11:27:42","","","","Aéreo","2026-04-10 11:13:00",""
"Les ErmacoraSN","","LED 150W","Ermácora SN","Centro","Con base en buenas condiciones","Hernan Santiago Silva","2026-04-13 10:48:24","","","","Aéreo","2026-04-10 11:15:18",""
"LedErmacoraSN_8","","LED 150W","Ermácora SN","Centro","Con base en buenas condiciones","Hernan Santiago Silva","2026-04-13 09:10:14","","","","Aéreo","2026-04-10 11:17:01",""
"LedErmacoraSN_9","","LED 150W","Ermácora SN","Centro","Con base en buenas condiciones","Hernan Santiago Silva","2026-04-10 11:27:59","","","","Aéreo","2026-04-10 11:18:35",""
"LedErmacoraSN_10","","LED 150W","Ermácora SN","Centro","Con base en buenas condiciones","Hernan Santiago Silva","2026-04-10 11:28:08","","","","Aéreo","2026-04-10 11:20:45",""
"LedErmacoraSN_11","","LED 150W","Ermácora SN","Centro","Con base en buenas condiciones","Hernan Santiago Silva","2026-04-10 11:28:14","","","","Aéreo","2026-04-10 11:23:37",""
"LedErmacoraSN_12","","LED 150W","Ermácora SN","Centro","Con base en buenas condiciones","Hernan Santiago Silva","2026-04-10 11:28:23","","","","Aéreo","2026-04-10 11:24:58",""
"LedErmacoraSN_13","","LED 150W","Ermácora SN","Centro","Sin base","Hernan Santiago Silva","2026-04-10 11:28:31","","","","Aéreo","2026-04-10 11:26:42",""
"LedErmacoraSN_14","","LED 150W","Ermácora SN","Centro","Con base en malas condiciones","Hernan Santiago Silva","2026-04-10 11:28:39","","","","Aéreo","2026-04-10 11:28:03",""
"LedErmacoraSN_15","","LED 150W","Ermácora SN","Centro","Con base en buenas condiciones","Hernan Santiago Silva","2026-04-10 11:36:01","","","","Aéreo","2026-04-10 11:29:26",""
"LedErmacoraSN_16","","LED 150W","Ermácora SN","Centro","Con base en buenas condiciones","Hernan Santiago Silva","2026-04-10 11:36:09","","","","Aéreo","2026-04-10 11:30:52",""
"LedErmacoraSN_17","","LED 150W","Ermácora SN","Centro","Con base en buenas condiciones","Hernan Santiago Silva","2026-04-10 11:36:20","","","","Aéreo","2026-04-10 11:32:03",""
"LedAlberdi3225","","LED 150W","Alberdi 3225","Centro","Con base en buenas condiciones","Ana Celina Pozzi","2026-04-10 16:51:15","","","","Aéreo","2026-04-10 16:51:15",""
"LedAMoreaudeJusto3320","","LED 150W","A Moreau de Justo 3320","El Naranjal","Sin base","Ana Celina Pozzi","2026-04-14 07:53:07","","","","Aéreo","2026-04-13 16:10:31",""
"LedCordoba720","","LED 150W","Cordoba 720","El Naranjal","Con base en buenas condiciones","Emanuel Noriega Sosa","2026-04-16 17:23:50","","","","Aéreo","2026-04-13 16:14:44",""
"LedAMoreaudeJusto3375","True","LED 150W","A Moreau de Justo 3375","El Naranjal","Sin base","Ana Celina Pozzi","2026-05-08 09:36:18","","","","Aéreo","2026-04-13 16:16:10",""
"LedCordoba750","","LED 150W","Cordoba 750","El Naranjal","Con base en buenas condiciones","Emanuel Noriega Sosa","2026-04-13 16:16:52","","","","Aéreo","2026-04-13 16:16:52",""
"LedCordoba790","","LED 150W","Cordoba 790","El Naranjal","Con base en buenas condiciones","Emanuel Noriega Sosa","2026-04-16 17:23:49","","","","Aéreo","2026-04-13 16:20:05",""
"LedPadreMugica3518","","LED 150W","Padre Mugica 3518","El Naranjal","Sin base","Ana Celina Pozzi","2026-04-14 07:53:53","","","","Aéreo","2026-04-13 16:21:29",""
"LedPadreMugica3610","","LED 150W","Padre Mugica 3610","El Naranjal","Sin base","Ana Celina Pozzi","2026-04-14 07:51:20","","","","Aéreo","2026-04-13 16:24:38",""
"LedAntartida720","","LED 150W","Antártida 720","El Naranjal","Sin base","Emanuel Noriega Sosa","2026-04-13 16:25:46","","","","Aéreo","2026-04-13 16:25:46",""
"LedPadreMugica3635","","LED 150W","Padre Mugica 3635","El Naranjal","Sin base","Ana Celina Pozzi","2026-04-14 07:51:33","","","","Aéreo","2026-04-13 16:27:27",""
"LedAntartida715","","LED 150W","Antártida 715","El Naranjal","Con base en buenas condiciones","Emanuel Noriega Sosa","2026-04-13 16:27:38","","","","Aéreo","2026-04-13 16:27:38",""
"LedPadreMugica3730","","LED 150W","Padre Mugica 3730","El Naranjal","Sin base","Ana Celina Pozzi","2026-04-14 11:05:08","","","","Aéreo","2026-04-13 16:29:19",""
"LedAntartida690","","LED 150W","Antártida 690","El Naranjal","Sin base","Emanuel Noriega Sosa","2026-04-13 16:29:54","","","","Aéreo","2026-04-13 16:29:54",""
"LedSanLuis650","","LED 150W","San Luis 650","El Naranjal","Sin base","Emanuel Noriega Sosa","2026-04-13 16:35:56","","","","Aéreo","2026-04-13 16:35:56",""
"LedAMoreaudeJusto3675","","LED 150W","A Moreau de Justo 3675","El Naranjal","Sin base","Ana Celina Pozzi","2026-04-14 07:51:39","","","","Aéreo","2026-04-13 16:37:07",""
"LedAMoreaudeJusto3630","","LED 150W","A Moreau de Justo 3630","El Naranjal","Sin base","Ana Celina Pozzi","2026-04-14 07:51:46","","","","Aéreo","2026-04-13 16:38:43",""
"LedSanLuis785","","LED 150W","San Luis 785","El Naranjal","Sin base","Emanuel Noriega Sosa","2026-04-13 16:39:04","","","","Aéreo","2026-04-13 16:39:04",""
"LedAMoreaudeJusto3535","","LED 150W","A Moreau de Justo 3535","El Naranjal","Sin base","Ana Celina Pozzi","2026-04-14 07:50:42","","","","Aéreo","2026-04-13 16:41:10",""
"LedSanLuis780","","LED 150W","San Luis 780","El Naranjal","Sin base","Emanuel Noriega Sosa","2026-04-13 16:42:58","","","","Aéreo","2026-04-13 16:42:18",""
"LedAMoreaudeJusto3580","","LED 150W","A Moreau de Justo 3580","El Naranjal","Sin base","Ana Celina Pozzi","2026-04-13 18:29:52","","","","Aéreo","2026-04-13 16:43:06",""
"LedSanLuis815","","LED 150W","San Luis 815","El Naranjal","Sin base","Emanuel Noriega Sosa","2026-04-13 16:45:35","","","","Aéreo","2026-04-13 16:45:35",""
"LedErmacora3515","","LED 150W","Ermacora 3515","El Naranjal","Sin base","Ana Celina Pozzi","2026-04-14 07:51:29","","","","Aéreo","2026-04-13 16:46:14",""
"LedSanLuis890","","LED 150W","San Luis 890","El Naranjal","Con base en buenas condiciones","Emanuel Noriega Sosa","2026-04-13 16:46:59","","","","Aéreo","2026-04-13 16:46:59",""
"LedErmacora3590","","LED 150W","Ermacora 3590","El Naranjal","Sin base","Ana Celina Pozzi","2026-04-14 07:50:22","","","","Aéreo","2026-04-13 16:48:11",""
"LedSanLuis915","","LED 150W","San Luis 915","El Naranjal","Sin base","Emanuel Noriega Sosa","2026-04-13 16:48:39","","","","Aéreo","2026-04-13 16:48:39",""
"LedSanLuis990","","LED 150W","San Luis 990","El Naranjal","Sin base","Emanuel Noriega Sosa","2026-04-13 18:30:53","","","","Aéreo","2026-04-13 16:50:43",""
"LedErmacora3480","","LED 150W","Ermacora 3480","El Naranjal","Con base en buenas condiciones","Ana Celina Pozzi","2026-04-14 09:42:36","","","","Aéreo","2026-04-13 16:51:04",""
"LedErmacora3425","","LED 150W","Ermacora 3425","El Naranjal","Con base en buenas condiciones","Ana Celina Pozzi","2026-04-14 07:50:15","","","","Aéreo","2026-04-13 16:52:40",""
"LedAntartida998","","LED 150W","Antártida 980","El Naranjal","Sin base","Emanuel Noriega Sosa","2026-04-13 16:54:31","","","","Aéreo","2026-04-13 16:54:31",""
"LedErmacora3370","","LED 150W","Ermacora 3370","El Naranjal","Sin base","Ana Celina Pozzi","2026-04-14 07:48:40","","","","Aéreo","2026-04-13 16:54:39",""
"LedErmacora3325","","LED 150W","Ermacora 3325","El Naranjal","Sin base","Ana Celina Pozzi","2026-04-14 07:49:58","","","","Aéreo","2026-04-13 16:56:19",""
"LedAntartida925","","LED 150W","Antártida 925","El Naranjal","Con base en buenas condiciones","Emanuel Noriega Sosa","2026-04-13 16:56:22","","","","Aéreo","2026-04-13 16:56:22",""
"LedAliciaMoreaudeJusto3410","","LED 150W","A Moreau de Justo 3410","El Naranjal","Sin base","Ana Celina Pozzi","2026-04-14 07:51:00","","","","Aéreo","2026-04-13 16:59:44",""
"LedSanLuis880","","LED 150W","San Luis 880","El Naranjal","Sin base","Emanuel Noriega Sosa","2026-04-13 16:59:51","","","","Aéreo","2026-04-13 16:59:51",""
"LedAntartida835","","LED 150W","Antártida 835","El Naranjal","Con base en buenas condiciones","Emanuel Noriega Sosa","2026-04-13 17:01:57","","","","Aéreo","2026-04-13 17:01:57",""
"LedAliciaMoreaudeJusto3455","","LED 150W","A Moreau de Justo 3455","El Naranjal","Con base en buenas condiciones","Ana Celina Pozzi","2026-04-14 07:51:53","","","","Subterráneo","2026-04-13 17:02:45",""
"LedUruguay3320","","LED 150W","Uruguay 3320","El Naranjal","Con base en buenas condiciones","Ana Celina Pozzi","2026-04-14 07:49:42","","","","Aéreo","2026-04-13 17:09:27",""
"LedSantaFe570","","LED 150W","Santa Fe 570","El Naranjal","Sin base","Emanuel Noriega Sosa","2026-04-14 11:03:52","","","","Aéreo","2026-04-13 17:10:17",""
"LedSantaFe615","","LED 150W","Santa Fe 615","El Naranjal","Sin base","Emanuel Noriega Sosa","2026-04-13 17:12:07","","","","Aéreo","2026-04-13 17:12:07",""
"LedUruguay3380","","LED 150W","Uruguay 3380","El Naranjal","Con base en malas condiciones","Ana Celina Pozzi","2026-04-14 07:51:45","","","","Aéreo","2026-04-13 17:12:51",""
"LedSantaFe660","","LED 150W","Santa Fe 660","El Naranjal","Sin base","Emanuel Noriega Sosa","2026-04-13 17:13:27","","","","Aéreo","2026-04-13 17:13:27",""
"LedUruguay3420","","LED 150W","Uruguay 3420","El Naranjal","Sin base","Ana Celina Pozzi","2026-04-14 07:50:05","","","","Aéreo","2026-04-13 17:15:06",""
"LedSantaFe815","","LED 150W","Santa Fe 815","El Naranjal","Sin base","Emanuel Noriega Sosa","2026-04-13 17:16:35","","","","Aéreo","2026-04-13 17:16:35",""
"LedUruguay3476","","LED 150W","Uruguay 3476","El Naranjal","Sin base","Ana Celina Pozzi","2026-04-14 07:52:03","","","","Aéreo","2026-04-13 17:16:58",""
"LedUruguay3510","","LED 150W","Uruguay 3510","El Naranjal","Sin base","Ana Celina Pozzi","2026-04-14 07:52:06","","","","Aéreo","2026-04-13 17:18:49",""
"LedSantaFe880","True","LED 150W","Santa Fe 880","El Naranjal","Con base en malas condiciones","Emanuel Noriega Sosa","2026-04-13 17:19:11","","","","Aéreo","2026-04-13 17:19:11",""
"LedUruguay3570","","LED 150W","Uruguay 3570","El Naranjal","Sin base","Ana Celina Pozzi","2026-04-14 07:51:27","","","","Aéreo","2026-04-13 17:20:58",""
"LedSantaFe915","","LED 150W","Santa Fe 915","El Naranjal","Con base en buenas condiciones","Emanuel Noriega Sosa","2026-04-13 17:21:23","","","","Aéreo","2026-04-13 17:21:23",""
"LedSantaFe990","","LED 150W","Santa Fe 990","El Naranjal","Con base en malas condiciones","Emanuel Noriega Sosa","2026-04-13 17:22:25","","","","Aéreo","2026-04-13 17:22:25",""
"LedUruguay3620","","LED 150W","Uruguay 3620","El Naranjal","Sin base","Ana Celina Pozzi","2026-04-14 07:49:11","","","","Aéreo","2026-04-13 17:22:42",""
"LedUruguay3637","","LED 150W","Uruguay 3637","El Naranjal","Con base en buenas condiciones","Ana Celina Pozzi","2026-04-14 07:48:14","","","","Aéreo","2026-04-13 17:24:21",""
"LedChaco990","","LED 150W","Chaco 990","El Naranjal","Con base en malas condiciones","Emanuel Noriega Sosa","2026-04-13 17:25:35","","","","Aéreo","2026-04-13 17:25:35",""
"LedChaco945","","LED 150W","Chaco 945","El Naranjal","Con base en malas condiciones","Emanuel Noriega Sosa","2026-04-13 17:27:21","","","","Aéreo","2026-04-13 17:27:21",""
"LedUruguay3720","","LED 150W","Uruguay 3720","El Naranjal","Con base en buenas condiciones","Ana Celina Pozzi","2026-04-14 07:49:23","","","","Aéreo","2026-04-13 17:27:39",""
"LedChaco870","","LED 150W","Chaco 870","El Naranjal","Con base en buenas condiciones","Emanuel Noriega Sosa","2026-04-13 17:28:49","","","","Aéreo","2026-04-13 17:28:49",""
"LedUruguay3770","","LED 150W","Uruguay 3770","El Naranjal","Sin base","Ana Celina Pozzi","2026-04-14 07:50:27","","","","Aéreo","2026-04-13 17:29:02",""
"LedUruguay3820","","LED 150W","Uruguay 3820","El Naranjal","Sin base","Ana Celina Pozzi","2026-04-14 07:50:47","","","","Aéreo","2026-04-13 17:34:57",""
"LedUruguay3880","","LED 150W","Uruguay 3880","El Naranjal","Sin base","Ana Celina Pozzi","2026-04-14 07:50:31","","","","Aéreo","2026-04-13 17:36:08",""
"LedMendoza875","","LED 150W","Mendoza 875","El Naranjal","Sin base","Emanuel Noriega Sosa","2026-04-13 17:36:14","","","","Aéreo","2026-04-13 17:36:14",""
"LedUruguay3830","","LED 150W","Uruguay 3930","El Naranjal","Sin base","Ana Celina Pozzi","2026-04-14 07:49:58","","","","Aéreo","2026-04-13 17:37:43",""
"LedMendoza915","","LED 150W","Mendoza 925","El Naranjal","Con base en buenas condiciones","Emanuel Noriega Sosa","2026-04-13 17:39:03","","","","Aéreo","2026-04-13 17:39:03",""
"LedMendoza980","","LED 150W","Mendoza 980","El Naranjal","Con base en malas condiciones","Emanuel Noriega Sosa","2026-04-13 17:40:46","","","","Aéreo","2026-04-13 17:40:46",""
"LedAlem990","","Sodio","Av Alem 990","El Naranjal","Con base en buenas condiciones","Emanuel Noriega Sosa","2026-04-13 17:45:41","","","","Aéreo","2026-04-13 17:45:41",""
"LedErmacora3680","","LED 150W","Ermacora 3680","El Naranjal","Sin base","Ana Celina Pozzi","2026-04-14 07:48:27","","","","Aéreo","2026-04-13 17:52:06",""
"LedErmacora3625","","LED 150W","Ermacora 3625","El Naranjal","Sin base","Ana Celina Pozzi","2026-04-14 07:48:01","","","","Aéreo","2026-04-13 17:53:02",""
"LedUruguay2202","","LED 150W","Uruguay 2202","Centro","Con base en buenas condiciones","Alejandro Saposnik","2026-04-14 09:03:46","","","","Aéreo","2026-04-14 09:03:12",""
"LedSantaFe715","","LED 150W","Santa Fe 715","El Naranjal","Sin base","Alejandro Saposnik","2026-04-14 11:15:19","","","","Aéreo","2026-04-14 11:06:55",""
"LedSantaFe785","","LED 150W","Santa Fe 785","El Naranjal","Sin base","Alejandro Saposnik","2026-04-14 11:15:34","","","","Aéreo","2026-04-14 11:11:32",""
"LedSantaFe813","","LED 150W","Santa Fe 813","El Naranjal","Sin base","Hernan Santiago Silva","2026-04-15 08:46:26","","","","Aéreo","2026-04-14 11:30:03",""
"LedAvYrigoyen3315","","LED 150W","Av Yrigoyen 3315","El Naranjal","Con base en buenas condiciones","Alejandro Saposnik","2026-04-14 17:52:22","","","","Subterráneo","2026-04-14 17:52:22",""
"LedAvYrigoyen3355","","LED 150W","Av Yrigoyen 3355","El Naranjal","Con base en buenas condiciones","Alejandro Saposnik","2026-04-14 17:52:22","","","","Subterráneo","2026-04-14 17:52:22",""
"LedAvYrigoyen3395","","LED 150W","Av Yrigoyen 3395","El Naranjal","Sin base","Alejandro Saposnik","2026-04-14 17:52:22","","","","Subterráneo","2026-04-14 17:52:22",""
"LedAvYrigoyen3415","","LED 150W","Av Yrigoyen 3415","El Naranjal","Con base en buenas condiciones","Alejandro Saposnik","2026-04-14 17:52:22","","","","Subterráneo","2026-04-14 17:52:22",""
"LedAvYrigoyen3455","","LED 150W","Av Yrigoyen 3455","El Naranjal","Con base en buenas condiciones","Alejandro Saposnik","2026-04-14 17:52:22","","","","Subterráneo","2026-04-14 17:52:22",""
"LedAvYrigoyen3495","","LED 150W","Av Yrigoyen 3495","El Naranjal","Con base en buenas condiciones","Alejandro Saposnik","2026-04-14 17:52:22","","","","Subterráneo","2026-04-14 17:52:22",""
"LedAvYrigoyen3515","","LED 150W","Av Yrigoyen 3515","El Naranjal","Con base en buenas condiciones","Alejandro Saposnik","2026-04-14 17:52:22","","","","Subterráneo","2026-04-14 17:52:22",""
"LedAvYrigoyen3555","","LED 150W","Av Yrigoyen 3555","El Naranjal","Con base en buenas condiciones","Alejandro Saposnik","2026-04-14 17:52:22","","","","Subterráneo","2026-04-14 17:52:22",""
"LedAvYrigoyen3595","","LED 150W","Av Yrigoyen 3595","El Naranjal","Con base en buenas condiciones","Alejandro Saposnik","2026-04-14 17:52:22","","","","Subterráneo","2026-04-14 17:52:22",""
"LedAvYrigoyen3615","","LED 150W","Av Yrigoyen 3615","El Naranjal","Con base en buenas condiciones","Alejandro Saposnik","2026-04-14 17:52:22","","","","Subterráneo","2026-04-14 17:52:22",""
"LedAvYrigoyen3655","","LED 150W","Av Yrigoyen 3655","El Naranjal","Con base en buenas condiciones","Alejandro Saposnik","2026-04-14 17:52:22","","","","Subterráneo","2026-04-14 17:52:22",""
"LedAvYrigoyen3695","","LED 150W","Av Yrigoyen 3695","El Naranjal","Con base en buenas condiciones","Alejandro Saposnik","2026-04-14 17:52:22","","","","Subterráneo","2026-04-14 17:52:22",""
"LedAvYrigoyen3715","","LED 150W","Av Yrigoyen 3715","El Naranjal","Con base en buenas condiciones","Alejandro Saposnik","2026-04-14 17:52:22","","","","Subterráneo","2026-04-14 17:52:22",""
"LedAvYrigoyen3755","","LED 150W","Av Yrigoyen 3755","El Naranjal","Con base en buenas condiciones","Alejandro Saposnik","2026-04-14 17:52:22","","","","Subterráneo","2026-04-14 17:52:22",""
"LedAvYrigoyen3795","","LED 150W","Av Yrigoyen 3795","El Naranjal","Con base en buenas condiciones","Alejandro Saposnik","2026-04-14 17:52:22","","","","Subterráneo","2026-04-14 17:52:22",""
"LedAvYrigoyen3815","","LED 150W","Av Yrigoyen 3815","El Naranjal","Con base en buenas condiciones","Alejandro Saposnik","2026-04-14 17:52:22","","","","Subterráneo","2026-04-14 17:52:22",""
"LedAvYrigoyen3855","","LED 150W","Av Yrigoyen 3855","El Naranjal","Con base en buenas condiciones","Alejandro Saposnik","2026-04-14 17:52:22","","","","Subterráneo","2026-04-14 17:52:22",""
"LedAvYrigoyen3895","","LED 150W","Av Yrigoyen 3895","El Naranjal","Con base en buenas condiciones","Alejandro Saposnik","2026-04-14 17:52:22","","","","Subterráneo","2026-04-14 17:52:22",""
"LedAvYrigoyen3915","","LED 150W","Av Yrigoyen 3915","El Naranjal","Con base en buenas condiciones","Alejandro Saposnik","2026-04-14 17:52:22","","","","Subterráneo","2026-04-14 17:52:22",""
"LedAvYrigoyen3955","","LED 150W","Av Yrigoyen 3955","El Naranjal","Con base en buenas condiciones","Alejandro Saposnik","2026-04-14 17:52:22","","","","Subterráneo","2026-04-14 17:52:22",""
"LedAvYrigoyen3995","","LED 150W","Av Yrigoyen 3995","El Naranjal","Sin base","Alejandro Saposnik","2026-04-14 17:52:22","","","","Subterráneo","2026-04-14 17:52:22",""
"LedAvSiburu990","","LED 150W","Av Siburu 990","Centro","Con base en buenas condiciones","Alejandro Saposnik","2026-04-15 10:30:52","","","","Aéreo","2026-04-15 10:29:33",""
"LedAvSiburu985","","LED 150W","Av Siburu 985","El Naranjal","Con base en buenas condiciones","Alejandro Saposnik","2026-04-15 10:33:05","","","","Aéreo","2026-04-15 10:31:45",""
"LedAvSiburu955","","LED 150W","Av Siburu 955","El Naranjal","Con base en buenas condiciones","Alejandro Saposnik","2026-04-15 10:38:47","","","","Aéreo","2026-04-15 10:38:07",""
"LedAvSiburu905","","LED 150W","Av Siburu 905","El Naranjal","","Alejandro Saposnik","2026-04-15 10:52:51","","","","Aéreo","2026-04-15 10:50:56",""
"LedAvSiburu920","","LED 150W","Av Siburu 920","Centro","Con base en buenas condiciones","Alejandro Saposnik","2026-04-15 10:59:47","","","","Aéreo","2026-04-15 10:59:47",""
"LedCordoba845","","LED 150W","Cordoba 845","El Naranjal","Sin base","Emanuel Noriega Sosa","2026-06-12 16:15:50","","","R/064129","Aéreo","2026-04-16 16:44:44",""
"LedCordoba945","","LED 150W","Cordoba 945","El Naranjal","Con base en malas condiciones","Emanuel Noriega Sosa","2026-04-16 16:47:47","","","","Aéreo","2026-04-16 16:45:53",""
"LedCordoba940","","LED 150W","Cordoba 940","El Naranjal","Sin base","Emanuel Noriega Sosa","2026-04-16 18:08:45","","","","Aéreo","2026-04-16 16:49:32",""
"LedChampagnat3265","","LED 150W","Champagnat 3265","Estacion","Con base en buenas condiciones","Ana Celina Pozzi","2026-04-16 16:58:02","","","","Aéreo","2026-04-16 16:58:02",""
"LedChampagnat3295","","LED 150W","Champagnat 3295","Estacion","Con base en buenas condiciones","Ana Celina Pozzi","2026-04-16 16:59:58","","","","Aéreo","2026-04-16 16:59:32",""
"LedChampagnat3225","","LED 150W","Champagnat 3225","Estacion","Con base en buenas condiciones","Ana Celina Pozzi","2026-04-16 17:01:18","","","","Aéreo","2026-04-16 17:01:18",""
"LedSimondeIriondo560","","LED 150W","Simon de Iriondo 560","Estacion","Sin base","Emanuel Noriega Sosa","2026-04-16 17:33:02","","","","Aéreo","2026-04-16 17:02:24",""
"LedChampagnat3219","","LED 150W","Champagnat 3219","Estacion","Con base en buenas condiciones","Ana Celina Pozzi","2026-04-16 17:02:42","","","","Aéreo","2026-04-16 17:02:42",""
"LedChampagnat3215","","LED 150W","Champagnat 3215","Estacion","Con base en buenas condiciones","Ana Celina Pozzi","2026-04-16 17:04:16","","","","Aéreo","2026-04-16 17:04:16",""
"LedChampagnat3205","","LED 150W","Champagnat 3205","Estacion","Con base en buenas condiciones","Ana Celina Pozzi","2026-04-16 17:05:29","","","","Aéreo","2026-04-16 17:05:29",""
"LedChampagnat3200","","LED 150W","Champagnat 3200","Estacion","Con base en buenas condiciones","Ana Celina Pozzi","2026-04-16 17:07:09","","","","Aéreo","2026-04-16 17:07:09",""
"LedSimondeIriondo475","","LED 150W","Simon de Iriondo 475","Estacion","Sin base","Emanuel Noriega Sosa","2026-04-16 17:32:53","","","","Aéreo","2026-04-16 17:11:03",""
"LedChampagnat3090","","LED 150W","Champagnat 3090","Estacion","Con base en buenas condiciones","Ana Celina Pozzi","2026-04-16 17:12:42","","","","Aéreo","2026-04-16 17:12:42",""
"LedSimondeIriondo325","","LED 150W","Simon de Iriondo 325","Estacion","Con base en buenas condiciones","Emanuel Noriega Sosa","2026-04-16 17:32:22","","","","Aéreo","2026-04-16 17:14:11",""
"LedChampagnat3098","","LED 150W","Champagnat 3098","Estacion","Con base en buenas condiciones","Ana Celina Pozzi","2026-04-16 17:14:41","","","","Aéreo","2026-04-16 17:14:41",""
"LedChampagnat3064","","LED 150W","Champagnat 3064","Estacion","Con base en buenas condiciones","Ana Celina Pozzi","2026-04-16 17:17:48","","","","Aéreo","2026-04-16 17:17:48",""
"LedChampagnat3022","","LED 150W","Champagnat 3022","Estacion","Con base en buenas condiciones","Ana Celina Pozzi","2026-04-16 17:19:00","","","","Aéreo","2026-04-16 17:19:00",""
"LedChampagnat3000","","LED 150W","Champagnat 3000","Estacion","Con base en buenas condiciones","Ana Celina Pozzi","2026-04-16 17:20:13","","","","Aéreo","2026-04-16 17:20:13",""
"LedSimondeIriondo","","LED 150W","Simon de Iriondo","Estacion","Sin base","Emanuel Noriega Sosa","2026-04-16 17:20:48","","","","Aéreo","2026-04-16 17:20:48",""
"LedChampagnat2994","","LED 150W","Champagnat 3094","Estacion","Con base en buenas condiciones","Ana Celina Pozzi","2026-04-16 17:21:28","","","","Aéreo","2026-04-16 17:21:28",""
"LedChampagnat3084","","LED 150W","Champagnat 3084","Estacion","Con base en buenas condiciones","Ana Celina Pozzi","2026-04-16 17:23:12","","","","Aéreo","2026-04-16 17:23:12",""
"LedChampagnat2880","","LED 150W","Champagnat 2880","Estacion","Con base en buenas condiciones","Ana Celina Pozzi","2026-04-16 17:24:43","","","","Aéreo","2026-04-16 17:24:43",""
"LedChampagnat2850","","LED 150W","Champagnat 2850","Estacion","Con base en buenas condiciones","Ana Celina Pozzi","2026-04-16 17:26:20","","","","Aéreo","2026-04-16 17:26:20",""
"LedChampagnat2864","","LED 150W","Champagnat 2864","Estacion","Con base en buenas condiciones","Ana Celina Pozzi","2026-04-16 17:27:38","","","","Aéreo","2026-04-16 17:27:38",""
"LedChampagnat2835","","LED 150W","Champagnat 2835","Estacion","Con base en buenas condiciones","Ana Celina Pozzi","2026-04-16 17:29:11","","","","Aéreo","2026-04-16 17:29:11",""
"LedChampagnat2890","","LED 150W","Champagnat 2890","Estacion","Con base en buenas condiciones","Ana Celina Pozzi","2026-04-29 08:59:31","","","","Aéreo","2026-04-16 17:30:23",""
"LedLuisConfalonieri580","","LED 150W","Luis Confalonieri 580","Estacion","Con base en buenas condiciones","Emanuel Noriega Sosa","2026-04-16 17:39:02","","","","Aéreo","2026-04-16 17:30:46",""
"LedAvYrigoyen2775","","LED 150W","Yrigoyen 2775","Estacion","Sin base","Ana Celina Pozzi","2026-04-16 17:33:16","","","","Aéreo","2026-04-16 17:33:16",""
"LedAvYrigoyen2725","","LED 150W","Yrigoyen 2725","Estacion","Con base en buenas condiciones","Ana Celina Pozzi","2026-04-17 11:25:01","","","","Aéreo","2026-04-16 17:34:28",""
"LedChampagnat2790","","LED 150W","Champagnat 2790","Estacion","Con base en buenas condiciones","Ana Celina Pozzi","2026-04-16 17:35:49","","","","Aéreo","2026-04-16 17:35:49",""
"LedChampagnat2750","","LED 150W","Champagnat 2750","Estacion","Con base en buenas condiciones","Ana Celina Pozzi","2026-04-16 17:36:50","","","","Aéreo","2026-04-16 17:36:50",""
"LedChampagnat2700","","LED 150W","Champagnat 2700","Estacion","Con base en buenas condiciones","Ana Celina Pozzi","2026-04-16 17:38:18","","","","Aéreo","2026-04-16 17:38:18",""
"LedAvBelgrano1095","","LED 150W","Av Belgrano 1095","Estacion","Sin base","Ana Celina Pozzi","2026-04-17 07:32:38","","","","Aéreo","2026-04-16 17:41:20",""
"LedLuisConfalonieri442","","LED 150W","Luis Confalonieri","Estacion","Sin base","Emanuel Noriega Sosa","2026-04-16 17:41:57","","","","Aéreo","2026-04-16 17:41:57",""
"LedLuisConfalonieri415","","LED 150W","Luis Confalonieri 415","Estacion","Con base en buenas condiciones","Emanuel Noriega Sosa","2026-04-16 17:44:09","","","","Aéreo","2026-04-16 17:44:09",""
"LedAvBelgrano1005","","LED 150W","Av Belgrano 1005","Estacion","Sin base","Ana Celina Pozzi","2026-04-17 07:33:00","","","","Aéreo","2026-04-16 17:45:17",""
"LedAvBelgrano994","","LED 150W","Av Belgrano 994","Estacion","Sin base","Ana Celina Pozzi","2026-04-27 17:59:41","","","","Aéreo","2026-04-16 17:46:46",""
"LedLuisConfalonieri360","","LED 150W","Luis Confalonieri 360","Estacion","Con base en buenas condiciones","Emanuel Noriega Sosa","2026-04-16 17:47:41","","","","Aéreo","2026-04-16 17:47:41",""
"LedAvBelgrano944","","LED 150W","Av Belgrano 944","Estacion","Sin base","Ana Celina Pozzi","2026-04-17 07:33:16","","","","Aéreo","2026-04-16 17:48:09",""
"LedAvBelgrano934","","LED 150W","Av Belgrano 934","Estacion","Sin base","Ana Celina Pozzi","2026-04-17 07:33:31","","","","Aéreo","2026-04-16 17:50:07",""
"LedAvBelgrano834","","LED 150W","Av Belgrano 834","Estacion","Sin base","Ana Celina Pozzi","2026-04-24 11:03:53","","","","Subterráneo","2026-04-16 17:51:34",""
"LedPjeCampodonico19","","LED 150W","Pasaje Campodonico 19","Estacion","Sin base","Ana Celina Pozzi","2026-04-16 17:53:35","","","","Aéreo","2026-04-16 17:53:35",""
"LedPjeCampodonico59","","LED 150W","Pasaje Campodonico","Estacion","Sin base","Ana Celina Pozzi","2026-04-16 17:55:36","","","","Aéreo","2026-04-16 17:54:35",""
"LedAvellaneda2730","","LED 150W","Avellaneda 2730","Estacion","Con base en buenas condiciones","Ana Celina Pozzi","2026-04-16 18:01:38","","","","Aéreo","2026-04-16 17:57:13",""
"LedPochoCano480","","LED 150W","Intendente Pacho Cano 480","Estacion","Con base en buenas condiciones","Emanuel Noriega Sosa","2026-04-16 17:59:10","","","","Aéreo","2026-04-16 17:59:10",""
"LedPochoCano435","","LED 150W","Intendente Pocho Cano 480","Estacion","Con base en buenas condiciones","Emanuel Noriega Sosa","2026-04-16 18:01:08","","","","Aéreo","2026-04-16 18:01:08",""
"LedAvellaneda2750","","LED 150W","Avellaneda 2750","Estacion","Sin base","Ana Celina Pozzi","2026-04-17 16:14:55","","","","Aéreo","2026-04-16 18:03:32",""
"LedPochoCano350","","LED 150W","Intendente Pocho Cano 350","Estacion","Con base en buenas condiciones","Emanuel Noriega Sosa","2026-04-16 22:58:24","","","","Aéreo","2026-04-16 18:03:33",""
"LedAvellaneda2795","","LED 150W","Avellaneda 2795","Estacion","Sin base","Ana Celina Pozzi","2026-04-16 18:06:07","","","","Aéreo","2026-04-16 18:06:07",""
"LedCjalMansilla485","","LED 150W","Concejal Mansilla 485","Estacion","Con base en buenas condiciones","Emanuel Noriega Sosa","2026-04-16 18:18:18","","","","Aéreo","2026-04-16 18:06:54",""
"LedAvellaneda2835","","LED 150W","Avellaneda 2835","Estacion","Con base en buenas condiciones","Ana Celina Pozzi","2026-04-16 18:09:26","","","","Aéreo","2026-04-16 18:09:26",""
"LedAvellaneda3035","","LED 150W","Avellaneda 3035","Estacion","Con base en buenas condiciones","Ana Celina Pozzi","2026-04-16 18:12:59","","","","Aéreo","2026-04-16 18:12:59",""
"LedAvellaneda3195","","LED 150W","Avellaneda 3195","Estacion","Sin base","Ana Celina Pozzi","2026-04-16 18:15:11","","","","Aéreo","2026-04-16 18:15:11",""
"LedAvellaneda3093","","LED 150W","Avellaneda 3093","Estacion","Sin base","Ana Celina Pozzi","2026-04-16 18:18:40","","","","Aéreo","2026-04-16 18:18:40",""
"LedCjalMansilla455","","LED 150W","Concejal Mansilla 455","Estacion","Sin base","Emanuel Noriega Sosa","2026-04-16 18:19:44","","","","Aéreo","2026-04-16 18:19:44",""
"LedAvellaneda3156","","LED 150W","Avellaneda 3157","Estacion","Con base en buenas condiciones","Ana Celina Pozzi","2026-04-16 18:24:41","","","","Aéreo","2026-04-16 18:24:41",""
"LedAvellaneda3230","","LED 150W","Avellaneda 3230","Estacion","Sin base","Ana Celina Pozzi","2026-04-16 18:26:24","","","","Aéreo","2026-04-16 18:26:24",""
"LedAvellaneda3270","","LED 150W","Avellaneda 3270","Estacion","Sin base","Ana Celina Pozzi","2026-04-16 18:27:16","","","","Aéreo","2026-04-16 18:27:16",""
"LedPjeJoseCampodonicoSN","","LED 150W","Pje Jose Campodonico SN","Estacion","Sin base","Emanuel Noriega Sosa","2026-04-21 17:42:29","","","","Aéreo","2026-04-17 16:31:58",""
"LedGdorFebre2800","","LED 150W","Gdor Febre 2800","Estacion","Con base en buenas condiciones","Ana Celina Pozzi","2026-04-17 17:16:50","","","","Aéreo","2026-04-17 17:16:50",""
"LedGdorFebre2825","","LED 150W","Gdor Febre 2825","Estacion","Con base en buenas condiciones","Ana Celina Pozzi","2026-04-17 17:18:14","","","","Subterráneo","2026-04-17 17:18:14",""
"LedGdorFebre2870","","LED 150W","Gdor Febre 2870","Estacion","Con base en buenas condiciones","Ana Celina Pozzi","2026-04-17 17:19:27","","","","Aéreo","2026-04-17 17:19:27",""
"LedBolivar850","","LED 150W","Bolivar 850","Estacion","Sin base","Emanuel Noriega Sosa","2026-04-17 17:19:45","","","","Aéreo","2026-04-17 17:19:45",""
"LedGdorFebre3030","","LED 150W","Gdor Febre 3030","Estacion","Con base en buenas condiciones","Ana Celina Pozzi","2026-04-17 17:22:02","","","","Aéreo","2026-04-17 17:22:02",""
"LedGdorFebre3075","","LED 150W","Gdor Febre 3075","Estacion","Con base en buenas condiciones","Ana Celina Pozzi","2026-04-17 17:23:33","","","","Aéreo","2026-04-17 17:23:33",""
"LedGdorFebrr3150","","LED 150W","Gdor Febre 3150","Estacion","Con base en buenas condiciones","Ana Celina Pozzi","2026-04-17 17:25:58","","","","Aéreo","2026-04-17 17:25:58",""
"LedInmaculada890","","LED 150W","Inmaculada 890","Estacion","Con base en buenas condiciones","Emanuel Noriega Sosa","2026-04-17 17:26:19","","","","Aéreo","2026-04-17 17:26:19",""
"LedInmaculada853","","LED 150W","Inmaculada 853","Estacion","Con base en buenas condiciones","Emanuel Noriega Sosa","2026-04-17 17:28:08","","","","Aéreo","2026-04-17 17:28:08",""
"LedGdorFebre3225","","LED 150W","Gdor Febre 3225","Estacion","Con base en buenas condiciones","Ana Celina Pozzi","2026-04-17 17:28:36","","","","Aéreo","2026-04-17 17:28:36",""
"LedInmaculada760","","LED 150W","Inmaculada 760","Estacion","Con base en buenas condiciones","Emanuel Noriega Sosa","2026-04-20 09:18:33","","","","Aéreo","2026-04-17 17:29:47",""
"LedGdorFebre3275","","LED 150W","Gdor Febre 3275","Estacion","Sin base","Ana Celina Pozzi","2026-04-17 17:30:40","","","","Aéreo","2026-04-17 17:30:40",""
"LedInmaculada715","","LED 150W","Inmaculada 715","Estacion","Con base en buenas condiciones","Emanuel Noriega Sosa","2026-04-17 17:31:57","","","","Aéreo","2026-04-17 17:31:57",""
"LedGdorFebre3350","","LED 150W","Gdor Febre 3350","Estacion","Con base en buenas condiciones","Ana Celina Pozzi","2026-04-17 17:33:04","","","","Aéreo","2026-04-17 17:32:09",""
"LedInmaculada700","","LED 150W","Inmaculada 700","Estacion","Con base en buenas condiciones","Emanuel Noriega Sosa","2026-04-17 17:33:13","","","","Aéreo","2026-04-17 17:33:13",""
"LedGdorFebre3320","","LED 150W","Gdor Febre 3220","Estacion","Con base en buenas condiciones","Ana Celina Pozzi","2026-04-17 17:34:57","","","","Aéreo","2026-04-17 17:34:57",""
"LedGdorFebre3390","","LED 150W","Gdor Febre 3390","Estacion","Con base en buenas condiciones","Ana Celina Pozzi","2026-04-17 17:36:39","","","","Aéreo","2026-04-17 17:36:39",""
"LedInmaculada835","","LED 150W","Inmaculada 835","Estacion","Con base en buenas condiciones","Emanuel Noriega Sosa","2026-04-17 17:42:16","","","","Aéreo","2026-04-17 17:38:38",""
"LedGdorFebre3220","","LED 150W","Gdor Febre 3220","Estacion","Con base en buenas condiciones","Ana Celina Pozzi","2026-04-17 17:38:52","","","","Aéreo","2026-04-17 17:38:52",""
"LedGdorFebre3280","","LED 150W","Gdor Febre 3280","Estacion","Con base en buenas condiciones","Ana Celina Pozzi","2026-04-17 17:40:05","","","","Aéreo","2026-04-17 17:40:05",""
"LedJuanDillon3275","","LED 150W","Juan Dillon 3275","Estacion","Con base en buenas condiciones","Ana Celina Pozzi","2026-04-21 09:31:24","","","","Aéreo","2026-04-17 17:44:06",""
"LedInmaculada805","","LED 150W","Inmaculada 805","Estacion","Con base en buenas condiciones","Emanuel Noriega Sosa","2026-04-17 17:45:24","","","","Aéreo","2026-04-17 17:44:54",""
"Inmaculada 865","","LED 150W","Inmaculada 865","Estacion","Con base en buenas condiciones","Emanuel Noriega Sosa","2026-04-17 17:47:57","","","","Aéreo","2026-04-17 17:47:57",""
"LedMitre770","","LED 150W","Mitre 770","Estacion","Con base en buenas condiciones","Emanuel Noriega Sosa","2026-04-20 07:53:51","","","","Aéreo","2026-04-17 17:52:58",""
"LedJuanDillon3125","","LED 150W","Juan Dillon 3125","Estacion","Sin base","Ana Celina Pozzi","2026-04-20 16:51:43","","","","Aéreo","2026-04-17 17:54:08",""
"LedMitre715","","LED 150W","Mitre 715","Estacion","Con base en buenas condiciones","Emanuel Noriega Sosa","2026-04-17 17:55:51","","","","Aéreo","2026-04-17 17:55:51",""
"LedJuanDillon3230","","LED 150W","Juan Dillon 3230","Estacion","Con base en buenas condiciones","Ana Celina Pozzi","2026-04-17 17:57:40","","","","Aéreo","2026-04-17 17:57:40",""
"LedSimonIriondo3250","","LED 150W","Simon Iriondo 3250","Estacion","Con base en buenas condiciones","Emanuel Noriega Sosa","2026-04-17 18:01:12","","","","Aéreo","2026-04-17 18:00:37",""
"LedSimonIriondo3210","","LED 150W","Simon Iriondo","Estacion","Con base en buenas condiciones","Emanuel Noriega Sosa","2026-04-17 18:02:20","","","","Aéreo","2026-04-17 18:02:20",""
"LedJuanDillon3050","","LED 150W","Juan Dillon 3050","Estacion","Con base en buenas condiciones","Ana Celina Pozzi","2026-04-17 18:03:49","","","","Aéreo","2026-04-17 18:03:49",""
"LedJuanDillon2950","","LED 150W","Juan Dillon 2950","Estacion","Con base en buenas condiciones","Ana Celina Pozzi","2026-04-17 18:06:15","","","","Aéreo","2026-04-17 18:06:15",""
"LedJuanDillon3165","","LED 150W","Juan Dillon 3165","Estacion","Con base en buenas condiciones","Ana Celina Pozzi","2026-04-17 18:08:05","","","","Aéreo","2026-04-17 18:08:05",""
"LedSimonIriondo15","","LED 150W","Simon Iriondo 15","Estacion","Con base en buenas condiciones","Emanuel Noriega Sosa","2026-04-17 18:08:31","","","","Aéreo","2026-04-17 18:08:31",""
"LedSimonIriondo50","","LED 150W","Simon Iriondo 50","Estacion","Con base en buenas condiciones","Emanuel Noriega Sosa","2026-04-17 18:09:25","","","","Aéreo","2026-04-17 18:09:25",""
"LedJuanDillom3170","","LED 150W","Juan Dillon 3170","Estacion","Sin base","Ana Celina Pozzi","2026-04-17 18:10:02","","","","Aéreo","2026-04-17 18:10:02",""
"LedMoreno725","","LED 150W","Moreno 725","Estacion","Con base en buenas condiciones","Emanuel Noriega Sosa","2026-04-20 09:18:45","","","","Aéreo","2026-04-17 18:10:34",""
"LedJuanDillon31200","","LED 150W","Juan dillon 3200","Estacion","Con base en buenas condiciones","Ana Celina Pozzi","2026-04-17 18:11:58","","","","Aéreo","2026-04-17 18:11:58",""
"LedMoreno870","","LED 150W","Moreno 870","Estacion","Con base en buenas condiciones","Emanuel Noriega Sosa","2026-04-17 18:12:53","","","","Aéreo","2026-04-17 18:12:53",""
"LedMoreno710","","LED 150W","Moreno 710","Estacion","Con base en buenas condiciones","Emanuel Noriega Sosa","2026-04-17 18:16:26","","","","Aéreo","2026-04-17 18:15:54",""
"LedMoreno670","","LED 150W","Moreno 670","Estacion","Con base en buenas condiciones","Emanuel Noriega Sosa","2026-04-17 18:18:43","","","","Aéreo","2026-04-17 18:18:43",""
"LedMoreno730","","LED 150W","Moreno 730","Estacion","Sin base","Emanuel Noriega Sosa","2026-04-17 18:22:04","","","","Aéreo","2026-04-17 18:22:04",""
"LedAvsiburu450","","LED 150W","Av Siburu 450","Retobo","Con base en buenas condiciones","DOMINGUEZ GRACIELA","2026-04-21 21:38:08","","","","Aéreo","2026-04-20 12:37:40",""
"LedAvSiburu599","","LED 150W","Av Siburu 599","Retobo","Con base en buenas condiciones","DOMINGUEZ GRACIELA","2026-04-21 21:35:37","","","","Aéreo","2026-04-20 16:11:58",""
"LedViaFFCCSN","","LED 150W","Via FFCC SN","Retobo","Sin base","DOMINGUEZ GRACIELA","2026-04-21 21:36:05","","","","Aéreo","2026-04-20 16:15:29",""
"LedAvSiburuSN","","LED 150W","Av Siburu SN","Retobo","Con base en buenas condiciones","DOMINGUEZ GRACIELA","2026-04-21 21:38:46","","","","Aéreo","2026-04-20 16:20:54",""
"LedAvConcordia3275","","LED 150W","Av Concordia 3275","Retobo","Con base en buenas condiciones","DOMINGUEZ GRACIELA","2026-04-21 21:36:17","","","","Aéreo","2026-04-20 16:24:31",""
"Led Pasaje 5","","LED 150W","Pasaje 5","Retobo","Con base en buenas condiciones","DOMINGUEZ GRACIELA","2026-04-21 21:36:24","","","","Aéreo","2026-04-20 16:26:50",""
"LedPasaje4","","LED 150W","Pasaje 4","Retobo","Con base en buenas condiciones","DOMINGUEZ GRACIELA","2026-04-21 21:36:31","","","","Aéreo","2026-04-20 16:28:33",""
"LedPasaje3","","LED 150W","Pasaje 3","Retobo","Con base en buenas condiciones","DOMINGUEZ GRACIELA","2026-04-21 21:36:38","","","","Aéreo","2026-04-20 16:30:18",""
"LedAvSiburu2","","LED 150W","Pasaje 2","Retobo","Con base en buenas condiciones","DOMINGUEZ GRACIELA","2026-04-21 21:43:24","","","","Aéreo","2026-04-20 16:32:57",""
"LedAvSiburu1","","LED 150W","Pasaje 1","Retobo","Con base en buenas condiciones","DOMINGUEZ GRACIELA","2026-04-21 21:46:31","","","","Aéreo","2026-04-20 16:35:15",""
"LedPasaje1","","LED 150W","Pasaje 1","Retobo","Sin base","DOMINGUEZ GRACIELA","2026-04-21 21:36:58","","","","Aéreo","2026-04-20 16:36:48",""
"LedAvSiburu3","","LED 150W","Pasaje 1","Retobo","Sin base","DOMINGUEZ GRACIELA","2026-04-21 21:47:34","","","","Aéreo","2026-04-20 16:38:27",""
"LedMoreno702","","LED 150W","Moreno 702","Estacion","Sin base","Emanuel Noriega Sosa","2026-04-20 16:49:06","","","","Aéreo","2026-04-20 16:49:06",""
"LedMoreno700","","LED 150W","LedMoreno700","Estacion","Sin base","Emanuel Noriega Sosa","2026-04-20 16:49:42","","","","Aéreo","2026-04-20 16:49:42",""
"LedConcordia3075","","LED 150W","Concordia 3075","Estacion","Con base en buenas condiciones","Ana Celina Pozzi","2026-04-22 09:09:21","","","","Aéreo","2026-04-20 16:59:37",""
"LedConcordia3105","","LED 150W","Concordia 3105","Estacion","Con base en buenas condiciones","Ana Celina Pozzi","2026-04-20 17:01:49","","","","Aéreo","2026-04-20 17:01:49",""
"LedConcordia3185","","LED 150W","Concordia 3185","Estacion","Con base en buenas condiciones","Ana Celina Pozzi","2026-04-20 17:03:43","","","","Aéreo","2026-04-20 17:03:43",""
"LedConcordia3285","","LED 150W","Concordia 3285","Estacion","Con base en buenas condiciones","Ana Celina Pozzi","2026-04-20 17:04:55","","","","Aéreo","2026-04-20 17:04:55",""
"LedHomastorfer1","","LED 150W","Homastorfer SN","Estacion","Sin base","Emanuel Noriega Sosa","2026-04-21 17:42:51","","","","Aéreo","2026-04-20 18:11:52",""
"LedHomastorfer2","","LED 150W","Homastorfer 16","Estacion","Sin base","Emanuel Noriega Sosa","2026-04-20 18:33:11","","","","Aéreo","2026-04-20 18:31:29",""
"LedHomastorfer3","","LED 150W","Homastorfer 11","Estacion","Sin base","Emanuel Noriega Sosa","2026-04-20 18:35:15","","","","Aéreo","2026-04-20 18:33:35",""
"LedHomastorfer4","","LED 150W","Homastorfer casa 4","Estacion","Sin base","Emanuel Noriega Sosa","2026-04-20 18:37:28","","","","Aéreo","2026-04-20 18:35:25",""
"LedAvBelgrano574","","LED 150W","Av Belgrano 574","Villa Anita","Con base en malas condiciones","Lilian López","2026-04-21 11:01:20","","","","Aéreo","2026-04-21 08:50:18",""
"LedAvBelgrano520","","LED 150W","Av Belgrano 520","Villa Anita","Con base en buenas condiciones","Lilian López","2026-04-21 10:55:09","","","","Aéreo","2026-04-21 09:14:29",""
"LedAvBelgrano510","","LED 150W","Av Belgrano 510","Villa Anita","Con base en buenas condiciones","Lilian López","2026-04-21 10:54:25","","","","Aéreo","2026-04-21 09:15:00",""
"Led Concordia2709","","LED 150W","Concordia 2709","Villa Anita","Con base en buenas condiciones","Lilian López","2026-04-21 11:03:48","","","","Aéreo","2026-04-21 09:22:47",""
"Led Concordia2785","","LED 150W","Concordia2785","Villa Anita","Con base en buenas condiciones","Lilian López","2026-04-21 11:03:41","","","","Aéreo","2026-04-21 09:32:23",""
"LedConcordia001","","LED 150W","Concordia 001","Villa Anita","Con base en buenas condiciones","Lilian López","2026-04-21 10:59:58","","","","Aéreo","2026-04-21 09:36:31",""
"LedMoreno605","","LED 40W","Moreno 605","Estacion","Sin base","Ana Celina Pozzi","2026-04-21 10:28:52","","","","Aéreo","2026-04-21 09:45:47",""
"LedPasaje2","","LED 150W","Pasaje 2","Retobo","Con base en buenas condiciones","DOMINGUEZ GRACIELA","2026-04-21 21:37:09","","","","Aéreo","2026-04-21 09:47:55",""
"LedConcordia002","","LED 150W","Concordia 002","Villa Anita","Con base en buenas condiciones","Lilian López","2026-04-21 11:04:12","","","","Aéreo","2026-04-21 09:50:09",""
"LedConcordia003","","LED 150W","Concordia 003","Villa Anita","Con base en buenas condiciones","Lilian López","2026-04-21 10:55:25","","","","Aéreo","2026-04-21 09:50:48",""
"LedConcordia004","","LED 150W","Concordia 004","Villa Anita","Con base en malas condiciones","Lilian López","2026-04-21 11:04:23","","","","Aéreo","2026-04-21 10:13:00",""
"LedAvConcordia5110","","LED 150W","Av Concordia 5110","Belen","Con base en buenas condiciones","DOMINGUEZ GRACIELA","2026-04-22 10:18:01","","","","Aéreo","2026-04-22 08:09:33",""
"LedAvConcordia5070","","LED 150W","Av Concordia 5070","Belen","Con base en buenas condiciones","DOMINGUEZ GRACIELA","2026-04-22 10:13:19","","","","Aéreo","2026-04-22 08:13:02",""
"LedAvConcordia5030","","LED 150W","Concordia 4970","Belen","Con base en buenas condiciones","DOMINGUEZ GRACIELA","2026-04-22 10:19:51","","","","Aéreo","2026-04-22 08:16:07",""
"LedAvConcordia4940","","LED 150W","Av Concordia 5940","Belen","Con base en buenas condiciones","DOMINGUEZ GRACIELA","2026-04-22 10:19:39","","","","Aéreo","2026-04-22 08:16:14",""
"LedAvConcordia4890","","LED 150W","Av Concordia 4890","Belen","Con base en buenas condiciones","DOMINGUEZ GRACIELA","2026-04-22 08:28:35","","","","Aéreo","2026-04-22 08:28:35",""
"LedCalleSinNombre6","","LED 150W","Calle Sin Nombre 6","Belen","Sin base","DOMINGUEZ GRACIELA","2026-04-22 09:49:33","","","","Aéreo","2026-04-22 08:33:34",""
"LedCalleSinNombre5","","LED 150W","Calle Sin Nombre 5","Belen","Sin base","DOMINGUEZ GRACIELA","2026-04-22 09:49:03","","","","Aéreo","2026-04-22 08:33:45",""
"LedCalleSinNombre3","","LED 150W","Calle Sin Nombre 3","Belen","Sin base","DOMINGUEZ GRACIELA","2026-04-22 08:42:38","","","","Aéreo","2026-04-22 08:42:38",""
"LedCalleSinNombre1","","LED 150W","Calle Sin Nombre 1","Belen","Sin base","DOMINGUEZ GRACIELA","2026-04-22 10:11:38","","","","Aéreo","2026-04-22 08:43:44",""
"LedCalleSinNombre2","","LED 150W","Calle Sin Nombre 2","Belen","Sin base","DOMINGUEZ GRACIELA","2026-04-22 09:51:11","","","","Aéreo","2026-04-22 08:49:45",""
"LedCalleSinNombre4","","LED 150W","Calle Sin Nombre 4","Belen","Con base en buenas condiciones","DOMINGUEZ GRACIELA","2026-04-22 09:48:29","","","","Aéreo","2026-04-22 09:14:33",""
"LedJoseCampodonico1","","LED 150W","Pasaje José Campodonico","Estacion","Con base en buenas condiciones","Emanuel Noriega Sosa","2026-04-22 16:49:00","","","","Subterráneo","2026-04-22 16:49:00",""
"LedConcejalMansillaSN1","","LED 150W","Concejal Mansilla SN 1","Estacion","Con base en buenas condiciones","Emanuel Noriega Sosa","2026-04-23 09:16:23","","","","Aéreo","2026-04-22 16:59:42",""
"LedConcejalMansillaSN3","","LED 150W","Concejal Mansilla SN 3","Estacion","Con base en buenas condiciones","Emanuel Noriega Sosa","2026-04-23 09:17:12","","","","Aéreo","2026-04-22 17:01:01",""
"LedConcejalMansillaSN2","","LED 150W","Concejal Mansilla SN 2","Estacion","Con base en buenas condiciones","Emanuel Noriega Sosa","2026-04-23 09:16:52","","","","Aéreo","2026-04-22 17:01:39",""
"LedChampagnat2800","","LED 150W","Champagnat 2800","Velez Sarsfield","Con base en buenas condiciones","Ana Celina Pozzi","2026-04-23 09:22:01","","","","Subterráneo","2026-04-22 17:13:41",""
"LedChampagnat2676","","LED 150W","Champagnat 2676","Velez Sarsfield","Con base en buenas condiciones","Ana Celina Pozzi","2026-04-23 09:22:09","","","","Subterráneo","2026-04-22 17:16:13",""
"LedChampagnat2625","","LED 150W","Champagnat 2626","Velez Sarsfield","Con base en buenas condiciones","Ana Celina Pozzi","2026-04-23 09:22:16","","","","Subterráneo","2026-04-22 17:18:02",""
"LedTabeni1075","","LED 150W","Tabeni 1075","Velez Sarsfield","Con base en malas condiciones","Emanuel Noriega Sosa","2026-04-22 17:22:44","","","","Aéreo","2026-04-22 17:20:18",""
"LedTabeni1025","","LED 150W","Tabeni 1025","Velez Sarsfield","Sin base","Emanuel Noriega Sosa","2026-04-22 17:25:47","","","","Aéreo","2026-04-22 17:25:47",""
"LedLeguizamon75","","LED 150W","Leguizamon 75","Velez Sarsfield","Con base en buenas condiciones","Emanuel Noriega Sosa","2026-04-23 09:19:49","","","","Aéreo","2026-04-22 17:28:39",""
"LedLeguizamon2519","","LED 150W","Leguizamon 2519","Velez Sarsfield","Con base en buenas condiciones","Emanuel Noriega Sosa","2026-04-22 17:31:42","","","","Aéreo","2026-04-22 17:30:16",""
"LedLeguizamon2540","","LED 150W","Leguizamon 2540","Velez Sarsfield","Sin base","Emanuel Noriega Sosa","2026-04-23 09:19:35","","","","Aéreo","2026-04-22 17:34:52",""
"LedSalvarredy1050","","LED 150W","Salvarredy 1050","Velez Sarsfield","Con base en buenas condiciones","Emanuel Noriega Sosa","2026-04-22 17:39:41","","","","Aéreo","2026-04-22 17:39:41",""
"LedSalvarredy1105","","LED 150W","Salvarredy 1105","Velez Sarsfield","Con base en buenas condiciones","Emanuel Noriega Sosa","2026-04-22 17:42:27","","","","Aéreo","2026-04-22 17:42:27",""
"LedSalvarredy1155","","LED 150W","Salvarredy 1155","Velez Sarsfield","Con base en buenas condiciones","Emanuel Noriega Sosa","2026-04-22 17:43:54","","","","Aéreo","2026-04-22 17:43:54",""
"LedAlberdi2790","","LED 150W","Alberdi 2790","Centenario","Con base en buenas condiciones","Emanuel Noriega Sosa","2026-04-23 11:33:45","","","","Aéreo","2026-04-22 17:54:09",""
"LedAlberdi2702","","LED 150W","Alberdi 2702","Velez Sarsfield","Con base en buenas condiciones","Emanuel Noriega Sosa","2026-04-22 17:57:50","","","","Aéreo","2026-04-22 17:57:50",""
"LedAlberdi2675","","LED 150W","Alberdi 2675","Velez Sarsfield","Con base en buenas condiciones","Emanuel Noriega Sosa","2026-04-22 18:00:39","","","","Aéreo","2026-04-22 18:00:39",""
"LedAlberdi2600","","LED 150W","Alberdi 2600","Centenario","Con base en buenas condiciones","Emanuel Noriega Sosa","2026-04-23 11:54:25","","","","Aéreo","2026-04-22 18:05:12",""
"LedHernandez15","","LED 150W","Hernandez 15","Velez Sarsfield","Con base en buenas condiciones","Emanuel Noriega Sosa","2026-04-22 18:23:55","","","","Aéreo","2026-04-22 18:23:55",""
"LedHernandez1150","","LED 150W","Hernandez 1150","Velez Sarsfield","Con base en buenas condiciones","Emanuel Noriega Sosa","2026-04-23 09:24:19","","","","Aéreo","2026-04-22 18:26:14",""
"LedHernandez1050","","LED 150W","Hernandez 1050","Velez Sarsfield","Con base en buenas condiciones","Emanuel Noriega Sosa","2026-04-22 18:29:21","","","","Aéreo","2026-04-22 18:28:00",""
"LedHernandez1025","","LED 150W","Hernandez 1025","Velez Sarsfield","Con base en buenas condiciones","Emanuel Noriega Sosa","2026-04-22 18:30:54","","","","Aéreo","2026-04-22 18:28:35",""
"LedHernandezSN","","LED 150W","Hernandez SN","Velez Sarsfield","Sin base","Emanuel Noriega Sosa","2026-04-23 09:24:09","","","","Aéreo","2026-04-22 18:33:02",""
"LedChampagnat2596","","LED 150W","Champagnat 2596","Velez Sarsfield","Con base en buenas condiciones","Ana Celina Pozzi","2026-04-23 10:38:48","","","","Subterráneo","2026-04-23 07:30:33",""
"LedChampagnat2566","","LED 150W","Champagnat 2566","Velez Sarsfield","Con base en buenas condiciones","Ana Celina Pozzi","2026-04-23 10:39:06","","","","Subterráneo","2026-04-23 07:30:46",""
"LedChampagnat2526","","LED 150W","Champagnat 2526","Velez Sarsfield","Con base en buenas condiciones","Ana Celina Pozzi","2026-04-23 09:45:23","","","","Subterráneo","2026-04-23 07:33:37",""
"LedChampagnat2516","","LED 150W","Champagnat 2516","Velez Sarsfield","Con base en buenas condiciones","Ana Celina Pozzi","2026-04-23 10:39:46","","","","Subterráneo","2026-04-23 07:33:42",""
"LedChampagnat2500","","LED 150W","Champagnat 2500","Velez Sarsfield","Con base en buenas condiciones","Ana Celina Pozzi","2026-04-23 10:39:29","","","","Aéreo","2026-04-23 07:34:55",""
"LedChampagnat2476","","LED 150W","Champagnat 2476","Velez Sarsfield","Con base en buenas condiciones","Ana Celina Pozzi","2026-04-23 10:39:17","","","","Subterráneo","2026-04-23 07:35:59",""
"LedChampagnat2456","","LED 150W","Champagnat 2456","Velez Sarsfield","Con base en buenas condiciones","Ana Celina Pozzi","2026-04-23 09:46:11","","","","Subterráneo","2026-04-23 07:37:42",""
"LedChampagnat2376","","LED 150W","Champagnat 2376","Velez Sarsfield","Con base en buenas condiciones","Ana Celina Pozzi","2026-04-23 10:40:02","","","","Subterráneo","2026-04-23 08:54:46",""
"LedChampagnat2440","","LED 150W","Champagnat 2440","Velez Sarsfield","Con base en buenas condiciones","Ana Celina Pozzi","2026-04-23 10:38:24","","","","Subterráneo","2026-04-23 08:54:48",""
"LedChampagnat2430","","LED 150W","Champagnat 2430","Velez Sarsfield","Con base en buenas condiciones","Ana Celina Pozzi","2026-04-23 09:46:32","","","","Subterráneo","2026-04-23 08:59:35",""
"LedChampagnat2396","","LED 150W","Champagnat 2396","Velez Sarsfield","Con base en buenas condiciones","Ana Celina Pozzi","2026-04-23 10:40:15","","","","Subterráneo","2026-04-23 09:00:36",""
"LedChampagnat2446","","LED 150W","Champagnat 2446","Centenario","Con base en buenas condiciones","Ana Celina Pozzi","2026-04-23 11:35:35","","","","Subterráneo","2026-04-23 09:00:40",""
"LedChampagnat2426","","LED 150W","Champagnat 2426","Centenario","Con base en buenas condiciones","Ana Celina Pozzi","2026-04-27 09:51:24","","","","Subterráneo","2026-04-23 09:01:56",""
"LedChampagnat2406","","LED 150W","Champagnat 2406","Centenario","Sin base","Ana Celina Pozzi","2026-04-28 08:07:40","","","","Aéreo","2026-04-23 09:02:53",""
"LedPanchoRamirez2385","","LED 150W","Pancho Ramirez 2385","Centenario","Con base en buenas condiciones","Ana Celina Pozzi","2026-04-23 11:37:08","","","","Aéreo","2026-04-23 09:17:54",""
"LedPanchoRamirez2283","","LED 150W","Pancho Ramirez 2283","Centenario","Con base en buenas condiciones","Ana Celina Pozzi","2026-04-23 11:37:27","","","","Aéreo","2026-04-23 09:17:58",""
"LedPanchoRamirez2215","","LED 150W","Pancho Ramirez 2215","Centenario","Con base en buenas condiciones","Ana Celina Pozzi","2026-04-27 09:52:41","","","","Aéreo","2026-04-23 09:20:45",""
"LedPjeFlorida1330","","LED 150W","Pasaje Florida 1330","Centenario","Con base en buenas condiciones","Ana Celina Pozzi","2026-04-23 11:38:58","","","","Aéreo","2026-04-23 09:25:05",""
"LedAvYrigoyen4020","","LED 150W","Av Yrigoyen 4020","Los Alamos","Con base en buenas condiciones","Lilian López","2026-04-30 07:59:44","","","","Aéreo","2026-04-23 09:30:43",""
"LedAvYrigoyen4006","","LED 150W","Av Yrigoyen 4006","Los Alamos","Con base en buenas condiciones","Lilian López","2026-04-30 08:14:43","","","","Aéreo","2026-04-23 09:35:28",""
"LedAvYrigoyen4005","","LED 150W","Av Yrigoyen 4005","Los Alamos","Con base en buenas condiciones","Lilian López","2026-04-28 09:37:47","","","","Aéreo","2026-04-23 09:44:04",""
"LedAvYrigoyen4300","","LED 150W","Av Yrigoyen 4300","Los Alamos","Con base en buenas condiciones","Lilian López","2026-04-23 11:09:23","","","","Aéreo","2026-04-23 09:49:57",""
"LedAlberdi2220","","LED 150W","Alberdi 2220","Centenario","Con base en buenas condiciones","Ana Celina Pozzi","2026-04-23 11:39:09","","","","Aéreo","2026-04-23 10:05:53",""
"LedAlberdi2260","","LED 150W","Alberdi 2260","Centenario","Con base en buenas condiciones","Ana Celina Pozzi","2026-04-23 11:39:33","","","","Aéreo","2026-04-23 10:09:28",""
"LedAvAlem910","","LED 150W","Av Alem 910","Los Alamos","Con base en buenas condiciones","Lilian López","2026-04-23 11:07:40","","","","Aéreo","2026-04-23 10:16:27",""
"LedAlberdi2296","","LED 150W","Alberdi 2296","Centenario","Con base en buenas condiciones","Ana Celina Pozzi","2026-04-23 11:39:52","","","","Aéreo","2026-04-23 10:19:24",""
"LedAlvarezCondarco1315","","LED 150W","Alvarez Condarco 1315","Centenario","Con base en buenas condiciones","Ana Celina Pozzi","2026-04-23 14:44:43","","","","Aéreo","2026-04-23 10:20:58",""
"LedAlvarezCondarco1370","","LED 150W","Alvarez Condarco 1370","Centenario","Con base en buenas condiciones","Ana Celina Pozzi","2026-04-23 11:40:22","","","","Aéreo","2026-04-23 10:22:24",""
"LedAlvarezCondarco1286","","LED 150W","Alvarez Condarco 1286","Centenario","Con base en buenas condiciones","Ana Celina Pozzi","2026-04-23 14:45:07","","","","Aéreo","2026-04-23 10:23:43",""
"LedAlvarezCondarco1266","","LED 150W","Alvarez Condarco 1266","Centenario","Con base en buenas condiciones","Ana Celina Pozzi","2026-04-23 14:45:22","","","","Aéreo","2026-04-23 10:24:52",""
"LedAlvarezCondarco1220","","LED 150W","Alvarez  Condarco 1220","Centenario","Sin base","Ana Celina Pozzi","2026-04-23 14:45:55","","","","Aéreo","2026-04-23 10:27:11",""
"LedAlvarezCondarco1086","","LED 150W","Alvarez Condarco 1086","Centenario","Con base en buenas condiciones","Ana Celina Pozzi","2026-04-23 14:46:12","","","","Aéreo","2026-04-23 10:27:13",""
"LedSaenzPeña2305","","LED 150W","Saenz Peña 2305","Velez Sarsfield","Con base en buenas condiciones","Ana Celina Pozzi","2026-04-23 10:29:32","","","","Aéreo","2026-04-23 10:29:32",""
"LedSaenzPeña2370","","LED 150W","Saenz Peña 2370","Velez Sarsfield","Con base en buenas condiciones","Ana Celina Pozzi","2026-04-23 10:31:56","","","","Aéreo","2026-04-23 10:31:56",""
"LedSaenzPeña2730","","LED 150W","Saenz Peña 2730","Velez Sarsfield","Con base en buenas condiciones","Ana Celina Pozzi","2026-04-23 10:33:18","","","","Aéreo","2026-04-23 10:33:18",""
"LedSaenzPeña2795","","LED 150W","Saenz Peña 2795","Velez Sarsfield","Con base en buenas condiciones","Ana Celina Pozzi","2026-04-23 10:34:48","","","","Aéreo","2026-04-23 10:34:48",""
"LedMasten775","","LED 150W","J. J. Masten 775","Velez Sarsfield","Sin base","Emanuel Noriega Sosa","2026-04-23 16:40:52","","","","Aéreo","2026-04-23 16:40:52",""
"LedMasten795","","LED 150W","J. J. Masten 795","Velez Sarsfield","Sin base","Emanuel Noriega Sosa","2026-04-23 17:35:08","","","","Aéreo","2026-04-23 16:43:13",""
"LedMasten885","","LED 150W","J. J. Masten","Velez Sarsfield","Sin base","Emanuel Noriega Sosa","2026-04-23 16:45:34","","","","Aéreo","2026-04-23 16:45:34",""
"LedMasten920","","LED 150W","J. J. Masten 920","Velez Sarsfield","Sin base","Emanuel Noriega Sosa","2026-04-23 16:50:24","","","","Aéreo","2026-04-23 16:50:24",""
"LedMasten985","","LED 150W","J. J. Masten 985","Velez Sarsfield","Sin base","Emanuel Noriega Sosa","2026-04-23 16:53:05","","","","Aéreo","2026-04-23 16:53:05",""
"LedDeLaCruz1015","","LED 150W","G.Pablo de la Cruz 1015","Velez Sarsfield","Con base en buenas condiciones","Emanuel Noriega Sosa","2026-04-23 17:00:37","","","","Aéreo","2026-04-23 17:00:37",""
"LedDeLaCruz1045","","LED 150W","G. Pablo de la Cruz 1045","Velez Sarsfield","Con base en buenas condiciones","Emanuel Noriega Sosa","2026-04-23 17:02:24","","","","Aéreo","2026-04-23 17:02:24",""
"LedDeLaCruz1085","","LED 150W","G.Pablo de la Cruz 1085","Velez Sarsfield","Con base en buenas condiciones","Emanuel Noriega Sosa","2026-04-23 17:04:10","","","","Aéreo","2026-04-23 17:04:10",""
"LedBaloni1015","","LED 150W","Alberdi 1015","Velez Sarsfield","Con base en buenas condiciones","Emanuel Noriega Sosa","2026-04-23 17:10:38","","","","Aéreo","2026-04-23 17:10:38",""
"LedBaloni1080","","LED 150W","Baloni 1080","Velez Sarsfield","Con base en buenas condiciones","Emanuel Noriega Sosa","2026-04-23 17:13:38","","","","Aéreo","2026-04-23 17:13:38",""
"LedBaloni1120","","LED 150W","Baloni 1120","Velez Sarsfield","Sin base","Emanuel Noriega Sosa","2026-04-23 17:15:28","","","","Aéreo","2026-04-23 17:15:28",""
"LedBaloni1565","","LED 150W","Baloni 1565","Velez Sarsfield","Con base en buenas condiciones","Emanuel Noriega Sosa","2026-04-23 17:17:28","","","","Aéreo","2026-04-23 17:17:28",""
"LedBaloni1595","","LED 150W","Baloni 1595","Velez Sarsfield","Sin base","Emanuel Noriega Sosa","2026-04-23 17:18:51","","","","Aéreo","2026-04-23 17:18:51",""
"LedAvBelgrano620","","LED 150W","Av Belgrano 620","Estacion","Sin base","Ana Celina Pozzi","2026-04-27 17:32:10","","","","Subterráneo","2026-04-24 07:20:55",""
"LedAvBelgrano621","","LED 150W","Av Belgrano 620","Velez Sarsfield","Sin base","Ana Celina Pozzi","2026-04-27 17:32:23","","","","Subterráneo","2026-04-24 07:29:03",""
"LedPjeHermanoFernando2705","","LED 150W","Pasaje Hermano Fernando 2705","Velez Sarsfield","Sin base","Ana Celina Pozzi","2026-04-24 07:36:53","","","","Aéreo","2026-04-24 07:32:02",""
"LedPjeHermanoFernando2665","","LED 150W","Pasaje Hermano Fernando 2665","Velez Sarsfield","Sin base","Ana Celina Pozzi","2026-04-24 07:35:07","","","","Aéreo","2026-04-24 07:33:56",""
"LedPjeHermanoFernando2655","","LED 150W","Pasaje Hermano Fernando 2655","Velez Sarsfield","Sin base","Ana Celina Pozzi","2026-04-24 07:37:00","","","","Aéreo","2026-04-24 07:35:20",""
"LedConcordia5190","","LED 150W","Concordia 5190","Sin Barrio","Con base en buenas condiciones","DOMINGUEZ GRACIELA","2026-04-24 07:55:18","","","","Aéreo","2026-04-24 07:41:32",""
"LedVelezSarsfield2645","","LED 150W","Velez Sarsfield 2645","Velez Sarsfield","Sin base","Ana Celina Pozzi","2026-04-24 07:43:47","","","","Aéreo","2026-04-24 07:42:48",""
"LedConcordia5100","","LED 150W","Concordia 5100","Sin Barrio","Con base en buenas condiciones","DOMINGUEZ GRACIELA","2026-04-28 11:02:27","","","","Aéreo","2026-04-24 07:44:03",""
"LedVelezSarsfield2668","","LED 150W","Velez Sarsfield 2668","Velez Sarsfield","Sin base","Ana Celina Pozzi","2026-04-24 07:44:53","","","","Aéreo","2026-04-24 07:44:53",""
"LedAvYrigoyen2605","","LED 150W","Av Yrigoyen 2605","Velez Sarsfield","Con base en buenas condiciones","Ana Celina Pozzi","2026-04-24 07:55:55","","","","Aéreo","2026-04-24 07:55:55",""
"LedAvYrigoyen2655","","LED 150W","Av Yrigoyen 2655","Velez Sarsfield","Con base en buenas condiciones","Ana Celina Pozzi","2026-04-24 07:57:04","","","","Aéreo","2026-04-24 07:55:57",""
"LedAvYrigoyen2695","","LED 150W","Av Yrigoyen 2695","Velez Sarsfield","Con base en buenas condiciones","Ana Celina Pozzi","2026-04-24 07:58:09","","","","Aéreo","2026-04-24 07:57:06",""
"LedAvYrigoyen2595","","LED 150W","AvYrigoyen2595","Velez Sarsfield","Con base en buenas condiciones","Ana Celina Pozzi","2026-04-24 08:15:52","","","","Aéreo","2026-04-24 07:58:12",""
"LedConcordia5030","","LED 150W","Concordia 5030","Sin Barrio","Con base en buenas condiciones","DOMINGUEZ GRACIELA","2026-04-28 11:02:34","","","","Aéreo","2026-04-24 08:03:54",""
"LedConcordia4950","","LED 150W","Concordia 4950","Sin Barrio","Con base en buenas condiciones","DOMINGUEZ GRACIELA","2026-04-28 11:02:39","","","","Aéreo","2026-04-24 08:06:38",""
"LedCalleSinNombre8","","LED 150W","Calle Sin Nombre 8","Belen","Con base en buenas condiciones","DOMINGUEZ GRACIELA","2026-04-29 08:53:57","","","","Aéreo","2026-04-24 08:07:42",""
"LedAvYrigoyen2550","","LED 150W","Av Yrigoyen 2550","Velez Sarsfield","Con base en buenas condiciones","Ana Celina Pozzi","2026-04-24 08:19:40","","","","Aéreo","2026-04-24 08:15:57",""
"LedCalleSinNombre7","","LED 150W","Calle Sin nombre 7","Belen","Con base en buenas condiciones","DOMINGUEZ GRACIELA","2026-04-24 08:19:28","","","","Aéreo","2026-04-24 08:19:28",""
"LedAvYrigoyen2465","","LED 150W","Av Yrigoyen 2465","Velez Sarsfield","Con base en buenas condiciones","Ana Celina Pozzi","2026-04-24 08:21:16","","","","Aéreo","2026-04-24 08:19:43",""
"LedAvYrigoyen2480","","LED 150W","Av Yrigoyen2480","Velez Sarsfield","Con base en buenas condiciones","Ana Celina Pozzi","2026-04-24 08:22:36","","","","Aéreo","2026-04-24 08:22:36",""
"LedConcordia4700","","LED 150W","Concordia 4700","Sin Barrio","Con base en buenas condiciones","DOMINGUEZ GRACIELA","2026-04-24 08:22:36","","","","Aéreo","2026-04-24 08:22:36",""
"LedConcordia4650","","LED 150W","Concordia 4650","Sin Barrio","Con base en buenas condiciones","DOMINGUEZ GRACIELA","2026-04-24 08:25:05","","","","Aéreo","2026-04-24 08:25:05",""
"LedConcordia4600","","LED 150W","Concordia 4600","Sin Barrio","Con base en buenas condiciones","DOMINGUEZ GRACIELA","2026-04-24 08:28:11","","","","Aéreo","2026-04-24 08:28:11",""
"LedConcordia4550","","LED 150W","Concordia 5550","Sin Barrio","Con base en buenas condiciones","DOMINGUEZ GRACIELA","2026-04-24 08:30:24","","","","Aéreo","2026-04-24 08:30:24",""
"LedAvYrigoyen2435","","LED 150W","Av Yrigoyen 2435","Velez Sarsfield","Con base en buenas condiciones","Ana Celina Pozzi","2026-04-24 08:39:12","","","","Aéreo","2026-04-24 08:34:52",""
"LedAvYrigoyen2415","","LED 150W","Av Yrigoyen 2415","Velez Sarsfield","Sin base","Ana Celina Pozzi","2026-04-24 08:40:30","","","","Aéreo","2026-04-24 08:40:30",""
"LedAvBelgrano995","","LED 150W","Av Belgrano 995","Velez Sarsfield","Sin base","Ana Celina Pozzi","2026-04-27 17:59:58","","","","Aéreo","2026-04-24 09:03:00",""
"LedAvBelgrano945","","LED 150W","Av Belgrano 945","Velez Sarsfield","Sin base","Ana Celina Pozzi","2026-04-24 11:02:49","","","","Aéreo","2026-04-24 09:04:35",""
"LedAvBelgrano935","","LED 150W","Av Belgrano 935","Velez Sarsfield","Sin base","Ana Celina Pozzi","2026-04-24 11:03:10","","","","Aéreo","2026-04-24 09:08:46",""
"LedAvAlem800","","LED 150W","Av Alem 800","Los Alamos","Con base en buenas condiciones","DOMINGUEZ GRACIELA","2026-06-20 19:29:04","","","","Aéreo","2026-04-24 09:13:23",""
"LedAvAlem850","","LED 150W","Av Alem 850","Los Alamos","Con base en buenas condiciones","DOMINGUEZ GRACIELA","2026-04-30 08:42:27","","","","Aéreo","2026-04-24 09:15:57",""
"LedAvAlem890","","LED 150W","Av Alem 890","Los Alamos","Con base en buenas condiciones","DOMINGUEZ GRACIELA","2026-04-27 08:15:59","","","","Aéreo","2026-04-24 09:16:07",""
"LedAvYrigoyen2380","","LED 150W","Av Yrigoyen 2380","Velez Sarsfield","Con base en buenas condiciones","Hernan Santiago Silva","2026-04-24 09:39:57","","","","Aéreo","2026-04-24 09:16:54",""
"LedAvAlem930","","LED 150W","Av Alem 930","Los Alamos","Con base en buenas condiciones","DOMINGUEZ GRACIELA","2026-04-24 09:28:39","","","","Aéreo","2026-04-24 09:28:39",""
"LedAvAlem980","","LED 150W","Av Alem 980","Los Alamos","Con base en buenas condiciones","DOMINGUEZ GRACIELA","2026-04-24 09:31:10","","","","Aéreo","2026-04-24 09:31:10",""
"LedAvAlem1000","","LED 150W","Av Alem 1000","Los Alamos","Con base en buenas condiciones","DOMINGUEZ GRACIELA","2026-04-24 09:33:57","","","","Aéreo","2026-04-24 09:33:57",""
"LedUruguay4170","","LED 150W","Calle Uruguay 4170","Los Alamos","Con base en buenas condiciones","DOMINGUEZ GRACIELA","2026-04-28 09:41:19","","","","Aéreo","2026-04-24 09:40:45",""
"LedAvYrigoyen2390","","LED 150W","Av Yrigoyen 2390","Velez Sarsfield","Con base en buenas condiciones","Hernan Santiago Silva","2026-04-24 09:43:35","","","","Aéreo","2026-04-24 09:40:58",""
"LedUruguay4230","","LED 150W","Calle Uruguay 4230","Los Alamos","Con base en buenas condiciones","DOMINGUEZ GRACIELA","2026-04-28 09:40:20","","","","Aéreo","2026-04-24 09:45:04",""
"LedUruguay4285","","LED 150W","Uruguay 4285","Los Alamos","Con base en buenas condiciones","DOMINGUEZ GRACIELA","2026-04-27 10:20:43","","","","Aéreo","2026-04-24 09:47:30",""
"LedArtigas880","","LED 150W","Artigas 880","Los Alamos","Con base en buenas condiciones","DOMINGUEZ GRACIELA","2026-04-27 10:21:27","","","","Aéreo","2026-04-24 09:50:36",""
"LedArtigas920","","LED 150W","Artigas 920","Los Alamos","Con base en buenas condiciones","DOMINGUEZ GRACIELA","2026-04-27 10:21:14","","","","Aéreo","2026-04-24 09:53:10",""
"LedAvYrigoyen4275","","LED 150W","Av Yrigoyen 4275","Los Alamos","Con base en buenas condiciones","DOMINGUEZ GRACIELA","2026-04-30 08:12:51","","","","Aéreo","2026-04-24 09:57:01",""
"LedAvYrigoyen2281","True","LED 150W","Av Yrigoyen 2281","Salto","Con base en buenas condiciones","Hernan Santiago Silva","2026-05-08 09:36:10","","","","Aéreo","2026-04-24 09:58:25",""
"LedAvYrigoyen4285","","LED 150W","Av Yrigoyen 4285","Los Alamos","Con base en buenas condiciones","DOMINGUEZ GRACIELA","2026-04-30 08:12:15","","","","Aéreo","2026-04-24 10:02:24",""
"LedAvYrigoyen2271","","LED 150W","Av Yrigoyen 2271","Salto","Con base en buenas condiciones","Hernan Santiago Silva","2026-04-27 16:46:56","","","","Aéreo","2026-04-24 10:04:20",""
"LedAvYrigoyen2230","True","LED 150W","Av Yrigoyen 2230","Salto","Con base en malas condiciones","Hernan Santiago Silva","2026-05-08 09:36:06","","","","Aéreo","2026-04-24 10:07:42",""
"LedAvYrigoyen2270","","LED 150W","Av Yrigoyen 2270","Salto","Con base en buenas condiciones","Hernan Santiago Silva","2026-04-24 10:12:30","","","","Aéreo","2026-04-24 10:12:30",""
"LedAvYrigoyen2006","","LED 150W","Av Yrigoyen 2006","Salto","Con base en malas condiciones","Hernan Santiago Silva","2026-04-27 17:32:28","","","","Aéreo","2026-04-24 10:18:51",""
"LedGregoriaPerez850","","LED 150W","Gregoria Perez 850","Los Alamos","Con base en buenas condiciones","DOMINGUEZ GRACIELA","2026-04-27 10:20:16","","","","Aéreo","2026-04-24 10:27:03",""
"LedGregoriaPerez970","","LED 150W","Gregoria Perez 970","Los Alamos","Con base en buenas condiciones","DOMINGUEZ GRACIELA","2026-04-27 10:18:28","","","","Aéreo","2026-04-24 10:31:26",""
"LedAvYrigoyen1990","","LED 150W","Av Yrigoyen 1990","Salto","Con base en buenas condiciones","Hernan Santiago Silva","2026-04-24 10:44:03","","","","Aéreo","2026-04-24 10:39:51",""
"LedAvYrigoyen1920","","LED 150W","Av Yrigoyen 1920","Salto","Con base en buenas condiciones","Hernan Santiago Silva","2026-04-27 17:07:33","","","","Aéreo","2026-04-24 10:49:21",""
"LedAvYrigoyen1730","","LED 150W","Av Yrigoyen 1730","Salto","Con base en malas condiciones","Hernan Santiago Silva","2026-05-14 10:04:35","","","","Aéreo","2026-04-24 11:00:11",""
"LedAvYrigoyen1720","","LED 150W","Av Yrigoyen 1720","Salto","Con base en buenas condiciones","Hernan Santiago Silva","2026-04-24 11:29:54","","","","Aéreo","2026-04-24 11:29:54",""
"LedChampagnat2350","","LED 150W","Champagnat 2350","Pancho Ramirez","Con base en buenas condiciones","Emanuel Noriega Sosa","2026-04-24 16:44:14","","","","Subterráneo","2026-04-24 16:44:14",""
"LedChampagnat2340","","LED 150W","Champagnat 2340","Pancho Ramirez","Con base en buenas condiciones","Emanuel Noriega Sosa","2026-04-24 16:46:25","","","","Subterráneo","2026-04-24 16:46:25",""
"LedChampagnat2310","","LED 150W","Champagnat 2310","Pancho Ramirez","Sin base","Emanuel Noriega Sosa","2026-04-29 09:05:25","","","","Subterráneo","2026-04-24 16:48:41",""
"LedFlorida1471","","LED 150W","Florida 1471","Pancho Ramirez","Sin base","Emanuel Noriega Sosa","2026-04-24 16:50:46","","","","Aéreo","2026-04-24 16:50:46",""
"LedFlorida1441","","LED 150W","Florida 1441","Pancho Ramirez","Con base en buenas condiciones","Emanuel Noriega Sosa","2026-04-24 16:52:22","","","","Aéreo","2026-04-24 16:52:22",""
"LedAvBrown1400","","LED 150W","Av. Almirante Brown 1400 y Pancho Ramírez","Pancho Ramirez","Con base en buenas condiciones","Emanuel Noriega Sosa","2026-04-24 16:58:17","","","","Aéreo","2026-04-24 16:57:05",""
"LedAvBrown1430","","LED 150W","Av. Almirante Brown 1430","Pancho Ramirez","Con base en buenas condiciones","Emanuel Noriega Sosa","2026-04-24 17:00:10","","","","Aéreo","2026-04-24 17:00:10",""
"LedAvBrown1498","","LED 150W","Av Almirante Brown 1498 y Rivadavia","Pancho Ramirez","Con base en buenas condiciones","Emanuel Noriega Sosa","2026-04-24 17:02:10","","","","Aéreo","2026-04-24 17:02:10",""
"LedAvBrown1550","","LED 150W","Av. Almirante Brown 1550","Pancho Ramirez","Con base en buenas condiciones","Emanuel Noriega Sosa","2026-04-24 17:04:35","","","","Aéreo","2026-04-24 17:04:35",""
"LedPanchoRamirez2145","","LED 150W","Pancho Ramirez 2145","Centenario","Con base en buenas condiciones","Ana Celina Pozzi","2026-05-05 11:08:14","","","","Aéreo","2026-04-24 18:43:10",""
"LedChampagnat2290","","LED 150W","Champagnat 2290","Pancho Ramirez","Con base en buenas condiciones","Emanuel Noriega Sosa","2026-04-24 18:46:01","","","","Subterráneo","2026-04-24 18:46:01",""
"LedAvAlmiranteBrown1370","","LED 150W","Av Almirante Brown 1370","Santa Rosa","Sin base","Ana Celina Pozzi","2026-04-27 09:45:25","","","","Aéreo","2026-04-24 18:49:17",""
"LedChampagnat2250","","LED 150W","Champagnat 2250","Pancho Ramirez","Con base en buenas condiciones","Emanuel Noriega Sosa","2026-04-24 18:51:06","","","","Subterráneo","2026-04-24 18:51:06",""
"LedChampagnat2230","","LED 150W","Champagnat 2230","Pancho Ramirez","Con base en buenas condiciones","Emanuel Noriega Sosa","2026-04-24 18:52:23","","","","Subterráneo","2026-04-24 18:52:23",""
"LedChampagnat2200","","LED 150W","Champagnat 2200","Pancho Ramirez","Con base en buenas condiciones","Emanuel Noriega Sosa","2026-04-24 18:53:25","","","","Subterráneo","2026-04-24 18:53:25",""
"LedAvYrigoyen4015","","LED 150W","Av Yrigoyen 4015","Los Alamos","Con base en buenas condiciones","DOMINGUEZ GRACIELA","2026-04-30 07:57:04","","","","Aéreo","2026-04-27 08:04:40",""
"LedAvYrigoyen5055","","LED 150W","Av Yrigoyen 4055","Los Alamos","Con base en buenas condiciones","DOMINGUEZ GRACIELA","2026-04-27 08:17:54","","","","Aéreo","2026-04-27 08:17:54",""
"LedAvYrigoyen4055","","LED 150W","Av Yrigoyen 4055","Los Alamos","Con base en buenas condiciones","DOMINGUEZ GRACIELA","2026-04-28 09:38:22","","","","Aéreo","2026-04-27 08:20:11",""
"LedAvYrigoyen4085","","LED 150W","Av Yrigoyen 4085","Los Alamos","Con base en buenas condiciones","DOMINGUEZ GRACIELA","2026-04-28 09:36:32","","","","Aéreo","2026-04-27 08:32:04",""
"LedAvAlem750","","LED 150W","Av Alem 750","Los Alamos","Con base en buenas condiciones","DOMINGUEZ GRACIELA","2026-04-30 08:51:30","","","","Aéreo","2026-04-27 08:44:07",""
"LedAvAlem700","","LED 150W","Av Av Alem 700","Los Alamos","Con base en buenas condiciones","DOMINGUEZ GRACIELA","2026-04-27 08:47:08","","","","Aéreo","2026-04-27 08:47:08",""
"LedAvAlem655","","LED 150W","Av Alem 655","Los Alamos","Con base en buenas condiciones","DOMINGUEZ GRACIELA","2026-04-30 11:30:42","","","","Aéreo","2026-04-27 09:16:15",""
"LedAvAlem635","","LED 150W","Av Alem 635","Los Alamos","Con base en buenas condiciones","DOMINGUEZ GRACIELA","2026-04-28 09:19:02","","","","Aéreo","2026-04-27 09:18:15",""
"LedPanchoRamirez2125","","LED 150W","Pancho Ramirez 2125","Centenario","Con base en buenas condiciones","Ana Celina Pozzi","2026-04-28 07:55:54","","","","Aéreo","2026-04-27 09:25:37",""
"LedAvAlmiranteBrown1320","","LED 150W","Av Almirante Brown 1320","Santa Rosa","Con base en buenas condiciones","Ana Celina Pozzi","2026-04-27 09:45:41","","","","Aéreo","2026-04-27 09:30:30",""
"LedAvAlmiranteBrown1290","","LED 150W","Av Almirante Brown 1290","Santa Rosa","Con base en buenas condiciones","Ana Celina Pozzi","2026-04-27 09:46:00","","","","Aéreo","2026-04-27 09:31:28",""
"LedAvAlem601","","LED 150W","Av Alem 601","Los Alamos","Con base en buenas condiciones","DOMINGUEZ GRACIELA","2026-04-28 09:20:09","","","","Aéreo","2026-04-27 09:31:55",""
"LedAvAlmiranteBrown1530","","LED 150W","Av Almirante Brown 1530","Santa Rosa","Con base en buenas condiciones","Ana Celina Pozzi","2026-04-27 09:44:55","","","","Aéreo","2026-04-27 09:32:32",""
"LedAvAlem599","","LED 150W","Av Alem 599","Los Alamos","Con base en buenas condiciones","DOMINGUEZ GRACIELA","2026-04-30 08:52:30","","","","Aéreo","2026-04-27 09:34:52",""
"LedAvAlem555","","LED 150W","Los Alamos 555","Los Alamos","Con base en buenas condiciones","DOMINGUEZ GRACIELA","2026-04-28 09:21:39","","","","Aéreo","2026-04-27 09:38:40",""
"LedAvAlem515","","LED 150W","Av Alem 515","Los Alamos","Con base en buenas condiciones","DOMINGUEZ GRACIELA","2026-04-29 08:40:51","","","","Aéreo","2026-04-27 09:50:17",""
"LedAvAlem485","","LED 150W","Av Alem 485","Los Alamos","Con base en buenas condiciones","DOMINGUEZ GRACIELA","2026-04-28 09:23:37","","","","Aéreo","2026-04-27 10:07:24",""
"LedAvAlem455","","LED 150W","Av Alem 455","Los Alamos","Con base en buenas condiciones","DOMINGUEZ GRACIELA","2026-04-27 10:30:06","","","","Aéreo","2026-04-27 10:30:06",""
"LedAvAlem405","","LED 150W","Av Alem 405","Los Alamos","Con base en buenas condiciones","DOMINGUEZ GRACIELA","2026-04-29 08:44:42","","","","Aéreo","2026-04-27 10:32:21",""
"LedAvAlem399","","LED 150W","Av Alem 399","Los Alamos","Con base en buenas condiciones","DOMINGUEZ GRACIELA","2026-04-27 10:37:43","","","","Aéreo","2026-04-27 10:37:43",""
"LedAvAlem355","","LED 150W","Av Alem 355","Los Alamos","Con base en buenas condiciones","DOMINGUEZ GRACIELA","2026-04-27 10:44:15","","","","Aéreo","2026-04-27 10:44:15",""
"LedBelgrano608","","LED 150W","Belgrano 608","Estacion","Sin base","Emanuel Noriega Sosa","2026-04-27 17:30:26","","","","Aéreo","2026-04-27 17:29:19",""
"LedAvBelgrano609","","LED 150W","Av Belgrano 609","Velez Sarsfield","Sin base","Emanuel Noriega Sosa","2026-04-27 17:31:32","","","","Aéreo","2026-04-27 17:31:32",""
"LedAvBelgrano630","","LED 150W","Av Belgrano 630","Estacion","Sin base","Emanuel Noriega Sosa","2026-04-27 17:36:40","","","","Subterráneo","2026-04-27 17:36:40",""
"LedAvBelgrano631","","LED 150W","Av Belgrano 631","Velez Sarsfield","Sin base","Emanuel Noriega Sosa","2026-04-27 17:37:48","","","","Subterráneo","2026-04-27 17:37:48",""
"LedAvBelgrano710","","LED 150W","Av Belgrano 710","Estacion","Sin base","Emanuel Noriega Sosa","2026-04-27 17:42:20","","","","Subterráneo","2026-04-27 17:42:20",""
"LedAvBelgrano711","","LED 150W","Av Belgrano 711","Velez Sarsfield","Sin base","Emanuel Noriega Sosa","2026-04-27 17:43:33","","","","Subterráneo","2026-04-27 17:43:33",""
"LedAvBelgrano740","","LED 150W","Av Belgrano 740","Estacion","Sin base","Emanuel Noriega Sosa","2026-04-27 17:53:04","","","","Subterráneo","2026-04-27 17:46:02",""
"LedAvBelgrano741","","LED 150W","Av Belgrano 741","Velez Sarsfield","Sin base","Emanuel Noriega Sosa","2026-04-27 17:53:16","","","","Subterráneo","2026-04-27 17:49:06",""
"LedAvBelgrano760","","LED 150W","Av Belgrano 760","Estacion","Sin base","Emanuel Noriega Sosa","2026-04-27 17:54:38","","","","Subterráneo","2026-04-27 17:54:10",""
"LedAvBelgrano761","","LED 150W","Av Belgrano 761","Velez Sarsfield","Sin base","Emanuel Noriega Sosa","2026-04-27 17:56:20","","","","Subterráneo","2026-04-27 17:56:20",""
"LedAvBelgrano835","","LED 150W","Av Belgrano 835","Velez Sarsfield","Sin base","Emanuel Noriega Sosa","2026-04-27 17:58:44","","","","Subterráneo","2026-04-27 17:58:06",""
"LedAvBelgrano600","","LED 150W","Av Belgrano 600","Estacion","Sin base","Emanuel Noriega Sosa","2026-04-27 18:03:10","","","","Aéreo","2026-04-27 18:03:10",""
"LedAvBelgrano590","","LED 150W","Av Belgrano 590","Villa Anita","Sin base","Emanuel Noriega Sosa","2026-04-27 18:04:08","","","","Aéreo","2026-04-27 18:04:08",""
"LedAvAlteBrown1023","","LED 150W","Av Alte Brown 1023","Salto","Con base en buenas condiciones","Hernan Santiago Silva","2026-04-28 10:06:21","","","","Aéreo","2026-04-28 10:03:58",""
"LedAvAlteBrown1050","","LED 150W","Av Alte Brown 1050","Salto","Con base en buenas condiciones","Hernan Santiago Silva","2026-04-28 10:09:05","","","","Aéreo","2026-04-28 10:09:05",""
"LedSaenzPeña2140","","","Senenz Peña 2140","Salto","Sin base","Hernan Santiago Silva","2026-04-28 10:17:11","","","","Aéreo","2026-04-28 10:11:53",""
"LebBrasil1123","","LED 150W","Brasil 1023","Salto","Con base en buenas condiciones","Hernan Santiago Silva","2026-04-28 10:20:01","","","","Aéreo","2026-04-28 10:20:01",""
"Ledbrasil1080","","LED 150W","Brasil 1080","Salto","Con base en buenas condiciones","Hernan Santiago Silva","2026-04-28 10:22:57","","","","Aéreo","2026-04-28 10:22:57",""
"LedBrasil1015","","LED 150W","Brasil 1015","Salto","Con base en buenas condiciones","Hernan Santiago Silva","2026-04-28 10:25:15","","","","Aéreo","2026-04-28 10:25:15",""
"LedSaenzPeña2080","","LED 150W","Sáenz Peña 2080","Salto","Con base en buenas condiciones","Hernan Santiago Silva","2026-04-28 10:30:20","","","","Aéreo","2026-04-28 10:30:20",""
"LedSaenzPeña2015","","","Saenz Peña 2015","Salto","Con base en buenas condiciones","Hernan Santiago Silva","2026-04-28 10:33:34","","","","Aéreo","2026-04-28 10:33:34",""
"LedDrPlanas1185","","LED 150W","Dr Planas 1185","Salto","Con base en buenas condiciones","Hernan Santiago Silva","2026-04-28 10:36:10","","","","Aéreo","2026-04-28 10:36:10",""
"LedDrPlanas1075","","LED 150W","Dr Planas 1075","Salto","Con base en buenas condiciones","Hernan Santiago Silva","2026-04-28 10:40:08","","","","Aéreo","2026-04-28 10:40:08",""
"LedDrPlanas1030","","LED 150W","Dr Planas 1030","Salto","Con base en buenas condiciones","Hernan Santiago Silva","2026-04-28 10:51:31","","","","Aéreo","2026-04-28 10:44:48",""
"LedSaenzPeña1970","","LED 150W","Sáenz Peña 1970","Salto","Con base en buenas condiciones","Hernan Santiago Silva","2026-04-28 10:54:52","","","","Aéreo","2026-04-28 10:54:52",""
"LedPjeBrarda1060","True","LED 150W","Pje Brarda1060","Salto","Con base en buenas condiciones","Hernan Santiago Silva","2026-04-28 11:00:17","","","","Aéreo","2026-04-28 10:57:13",""
"LedSaenzPeña1130","","LED 150W","Sáenz Peña 1130","Salto","Con base en buenas condiciones","Hernan Santiago Silva","2026-04-28 11:03:34","","","","Aéreo","2026-04-28 11:01:41",""
"LedPioXII1110","","LED 150W","PIO XII 1110","Salto","Sin base","Hernan Santiago Silva","2026-04-28 11:07:33","","","","Aéreo","2026-04-28 11:07:33",""
"LedPioXII1155","","LED 150W","Pio XII 1155","Salto","Con base en buenas condiciones","Hernan Santiago Silva","2026-04-28 11:11:26","","","","Aéreo","2026-04-28 11:11:26",""
"LedGregoriaPerez936","","LED 150W","Gregoria Pérez 936","Los Alamos","Con base en buenas condiciones","DOMINGUEZ GRACIELA","2026-04-29 09:28:36","","","","Aéreo","2026-04-29 08:36:17",""
"LedAvAlem1045","","LED 150W","Av Alem 1045","Los Trifolios","Con base en buenas condiciones","DOMINGUEZ GRACIELA","2026-04-29 09:37:02","","","","Aéreo","2026-04-29 09:37:02",""
"LedAvAlem1075","","LED 150W","Av Alem 1075","Los Trifolios","Con base en buenas condiciones","DOMINGUEZ GRACIELA","2026-04-29 09:48:12","","","","Aéreo","2026-04-29 09:40:36",""
"LedAvAlem1115","","LED 150W","Av Alem 1115","Los Trifolios","Con base en buenas condiciones","DOMINGUEZ GRACIELA","2026-04-30 11:25:28","","","","Aéreo","2026-04-29 09:50:56",""
"LedAvAlem1185","","LED 150W","Av Alem 1185","Los Trifolios","Con base en buenas condiciones","DOMINGUEZ GRACIELA","2026-04-29 10:03:36","","","","Aéreo","2026-04-29 10:03:36",""
"LedAvAlem1215","","LED 150W","Av Alem 1215","Los Trifolios","Con base en buenas condiciones","DOMINGUEZ GRACIELA","2026-04-29 10:12:40","","","","Aéreo","2026-04-29 10:12:40",""
"LedAvAlem1285","","LED 150W","Av Alem 1285","Los Trifolios","Con base en buenas condiciones","DOMINGUEZ GRACIELA","2026-04-29 10:20:50","","","","Aéreo","2026-04-29 10:20:50",""
"LedAvAlem1335","","LED 150W","Av Alem 1385","Los Trifolios","Con base en buenas condiciones","DOMINGUEZ GRACIELA","2026-04-29 10:31:00","","","","Aéreo","2026-04-29 10:26:32",""
"LedAvAlem1435","","LED 150W","Av Alem 1435","Los Trifolios","Con base en buenas condiciones","DOMINGUEZ GRACIELA","2026-04-29 10:33:59","","","","Aéreo","2026-04-29 10:33:59",""
"LedAvAlem1485","","LED 150W","Av Alem 1485","Los Trifolios","Con base en buenas condiciones","DOMINGUEZ GRACIELA","2026-04-30 11:25:44","","","","Aéreo","2026-04-29 10:37:18",""
"LedAvAlem1515","","LED 150W","Av Alem 1515","Los Trifolios","Con base en buenas condiciones","DOMINGUEZ GRACIELA","2026-04-29 10:43:36","","","","Aéreo","2026-04-29 10:43:36",""
"LedAvAlem1585","","LED 150W","Av Alem 1585","Los Trifolios","Con base en buenas condiciones","DOMINGUEZ GRACIELA","2026-04-29 10:46:06","","","","Aéreo","2026-04-29 10:46:06",""
"LedAvAlem1615","","LED 150W","Av Alem 1615","Los Trifolios","Con base en buenas condiciones","DOMINGUEZ GRACIELA","2026-04-29 10:49:08","","","","Aéreo","2026-04-29 10:49:08",""
"LedAvAlem1685","","LED 150W","Av Alem 1685","Los Trifolios","Con base en buenas condiciones","DOMINGUEZ GRACIELA","2026-04-29 10:52:55","","","","Aéreo","2026-04-29 10:52:55",""
"LedBrasil1355","","LED 150W","Brasil 1355","Santa Rosa","Con base en buenas condiciones","Emanuel Noriega Sosa","2026-04-29 16:58:22","","","","Aéreo","2026-04-29 16:57:54",""
"LedBrasil1370","","LED 150W","Brasil 1370","Santa Rosa","Con base en buenas condiciones","Emanuel Noriega Sosa","2026-04-29 16:59:23","","","","Aéreo","2026-04-29 16:59:23",""
"LedBrasil1435","","LED 150W","Brasil 1435","Santa Rosa","Con base en buenas condiciones","Emanuel Noriega Sosa","2026-04-29 17:01:15","","","","Aéreo","2026-04-29 17:01:15",""
"LedBrasil1470","","LED 150W","Brasil 1470","Santa Rosa","Sin base","Emanuel Noriega Sosa","2026-04-29 17:02:12","","","","Aéreo","2026-04-29 17:02:12",""
"LedBrasil1525","","LED 150W","Brasil 1525","Santa Rosa","Con base en buenas condiciones","Emanuel Noriega Sosa","2026-04-29 17:04:26","","","","Aéreo","2026-04-29 17:04:26",""
"LedBrasil1570","","LED 150W","Brasil 1570","Santa Rosa","Con base en buenas condiciones","Emanuel Noriega Sosa","2026-04-29 17:06:18","","","","Aéreo","2026-04-29 17:06:18",""
"LedDrPlanas1693","","LED 150W","Dr Planas 1693","Santa Rosa","Con base en buenas condiciones","Emanuel Noriega Sosa","2026-04-29 17:11:18","","","","Aéreo","2026-04-29 17:11:18",""
"LedDrPlanas1630","","LED 150W","Dr Planas 1630","Santa Rosa","Con base en buenas condiciones","Emanuel Noriega Sosa","2026-04-29 17:12:28","","","","Aéreo","2026-04-29 17:12:28",""
"LedDrPlanas1585","","LED 150W","Dr Planas 1585","Santa Rosa","Con base en buenas condiciones","Emanuel Noriega Sosa","2026-04-29 17:15:45","","","","Aéreo","2026-04-29 17:15:45",""
"LedDrPlanas1520","","LED 150W","Dr Planas 1520","Santa Rosa","Con base en buenas condiciones","Emanuel Noriega Sosa","2026-04-29 17:16:49","","","","Aéreo","2026-04-29 17:16:49",""
"LedDrPlanas1489","","LED 150W","Dr Planas 1489","Santa Rosa","Con base en buenas condiciones","Emanuel Noriega Sosa","2026-04-29 17:19:42","","","","Aéreo","2026-04-29 17:19:42",""
"LedDrPlanas1426","","LED 150W","Dr Planas 1426","Santa Rosa","Con base en buenas condiciones","Emanuel Noriega Sosa","2026-04-29 17:21:50","","","","Aéreo","2026-04-29 17:21:50",""
"LedDrPlanas1370","","LED 150W","Dr Planas 1370","Santa Rosa","Con base en buenas condiciones","Emanuel Noriega Sosa","2026-04-29 17:25:20","","","","Aéreo","2026-04-29 17:25:20",""
"LedDrPlanas1208","","LED 150W","Dr Planas 1208","Santa Rosa","Con base en buenas condiciones","Emanuel Noriega Sosa","2026-04-29 17:27:26","","","","Aéreo","2026-04-29 17:27:26",""
"LedPioXII1370","","LED 150W","Pio XII 1370","Santa Rosa","Con base en buenas condiciones","Emanuel Noriega Sosa","2026-04-29 17:35:15","","","","Aéreo","2026-04-29 17:35:15",""
"LedPioXII1330","","LED 150W","Pio XII 1330","Santa Rosa","Con base en buenas condiciones","Emanuel Noriega Sosa","2026-04-29 17:49:18","","","","Aéreo","2026-04-29 17:36:52",""
"LedPioXII1420","","LED 150W","Pio XII 1420","Santa Rosa","Con base en buenas condiciones","Emanuel Noriega Sosa","2026-04-29 17:49:26","","","","Aéreo","2026-04-29 17:43:40",""
"LedPioXII1480","","LED 150W","Pio XII 1480","Santa Rosa","Con base en buenas condiciones","Emanuel Noriega Sosa","2026-04-29 17:48:55","","","","Aéreo","2026-04-29 17:46:04",""
"LedPioXII1530","","LED 150W","Pio XII 1530","Santa Rosa","Con base en buenas condiciones","Emanuel Noriega Sosa","2026-04-29 17:49:33","","","","Aéreo","2026-04-29 17:47:48",""
"LedPioXII1580","","LED 150W","Pio XII 1580","Santa Rosa","Sin base","Emanuel Noriega Sosa","2026-04-29 17:49:40","","","","Aéreo","2026-04-29 17:48:42",""
"LedPioXII1640","","LED 150W","Pio XII 1640","Santa Rosa","Con base en buenas condiciones","Emanuel Noriega Sosa","2026-04-29 17:53:02","","","","Aéreo","2026-04-29 17:52:40",""
"LedPioXII1680","","LED 150W","Pio XII 1680","Santa Rosa","Con base en buenas condiciones","Emanuel Noriega Sosa","2026-04-29 17:54:30","","","","Aéreo","2026-04-29 17:54:30",""
"LedPioXII1725","","LED 150W","Pio XII 1725","Santa Rosa","Sin base","Emanuel Noriega Sosa","2026-04-29 17:57:21","","","","Aéreo","2026-04-29 17:57:21",""
"LedPioXII1780","","LED 150W","Pio XII 1780","Santa Rosa","Con base en malas condiciones","Emanuel Noriega Sosa","2026-04-29 17:59:10","","","","Aéreo","2026-04-29 17:59:10",""
"LedFochesatto1890","","LED 150W","Fochesatto 1890","Santa Rosa","Con base en buenas condiciones","Emanuel Noriega Sosa","2026-04-29 18:15:19","","","","Aéreo","2026-04-29 18:15:01",""
"LedFochesatto1790","","LED 150W","Fochesatto 1790","Santa Rosa","Con base en buenas condiciones","Emanuel Noriega Sosa","2026-04-29 18:17:36","","","","Aéreo","2026-04-29 18:17:36",""
"LedFochesatto1750","","LED 150W","Fochesatto 1750","Santa Rosa","Con base en buenas condiciones","Emanuel Noriega Sosa","2026-04-29 18:19:25","","","","Aéreo","2026-04-29 18:19:25",""
"LedPanchoRamirez2195","","LED 150W","Pancho Ramirez 2195","Santa Rosa","Con base en buenas condiciones","Ana Celina Pozzi","2026-04-30 11:13:38","","","","Aéreo","2026-04-30 08:57:11",""
"LedPanchoRamirez2135","","LED 150W","Pancho Ramirez 2135","Santa Rosa","Sin base","Ana Celina Pozzi","2026-04-30 11:12:35","","","","Aéreo","2026-04-30 09:02:26",""
"LedPanchoRamirez2075","","LED 150W","Pancho Ramirez 2075","Santa Rosa","Sin base","Ana Celina Pozzi","2026-04-30 09:14:29","","","","Aéreo","2026-04-30 09:14:29",""
"LedPanchoRamirez2025","","LED 150W","Pancho Ramirez 2025","Santa Rosa","Sin base","Ana Celina Pozzi","2026-04-30 09:17:22","","","","Aéreo","2026-04-30 09:16:34",""
"LedPanchoRamirez1975","","LED 150W","Pancho Ramirez 1975","Santa Rosa","Con base en buenas condiciones","Ana Celina Pozzi","2026-04-30 09:18:41","","","","Aéreo","2026-04-30 09:18:41",""
"LedPanchoRamirez1925","","LED 150W","Pancho Ramirez 1925","Santa Rosa","Con base en buenas condiciones","Ana Celina Pozzi","2026-04-30 09:20:20","","","","Aéreo","2026-04-30 09:20:20",""
"LedPanchoRamirez1875","","LED 150W","Pancho Ramirez 1875","Santa Rosa","Sin base","Ana Celina Pozzi","2026-04-30 09:21:57","","","","Aéreo","2026-04-30 09:21:57",""
"LedPanchoRamirez1835","","LED 150W","Pancho Ramirez 1835","Santa Rosa","Sin base","Ana Celina Pozzi","2026-04-30 09:23:01","","","","Aéreo","2026-04-30 09:23:01",""
"LedFochesatto1420","","LED 150W","Fochesatto 1420","Santa Rosa","Con base en buenas condiciones","Ana Celina Pozzi","2026-04-30 09:26:47","","","","Aéreo","2026-04-30 09:23:41",""
"LedFochesatto1465","","LED 150W","Fochesatto 1465","Santa Rosa","Sin base","Ana Celina Pozzi","2026-04-30 09:27:44","","","","Aéreo","2026-04-30 09:26:49",""
"LedFochesatto1530","","LED 150W","Fochesatto 1530","Santa Rosa","Con base en buenas condiciones","Ana Celina Pozzi","2026-04-30 09:29:09","","","","Aéreo","2026-04-30 09:28:06",""
"LedFochesatto1585","","LED 150W","Fochesatto 1585","Santa Rosa","Con base en buenas condiciones","Ana Celina Pozzi","2026-04-30 09:30:52","","","","Aéreo","2026-04-30 09:30:52",""
"LedRivadavia1875","","LED 150W","Rivadavia 1875","Santa Rosa","Con base en buenas condiciones","Ana Celina Pozzi","2026-04-30 09:32:54","","","","Aéreo","2026-04-30 09:32:54",""
"LedRivadavia1730","","LED 150W","Rivadavia 1730","Santa Rosa","Con base en buenas condiciones","Ana Celina Pozzi","2026-04-30 09:34:25","","","","Aéreo","2026-04-30 09:34:25",""
"LedRivadavia1675","","LED 150W","Rivadavia 1675","Santa Rosa","Con base en buenas condiciones","Ana Celina Pozzi","2026-04-30 10:58:59","","","","Aéreo","2026-04-30 09:34:27",""
"LedRivadavia1575","","LED 150W","Rivadavia 1575","Santa Rosa","Con base en buenas condiciones","Ana Celina Pozzi","2026-04-30 09:47:12","","","","Aéreo","2026-04-30 09:41:55",""
"LedRivadavia1510","","LED 150W","Rivadavia 1510","Santa Rosa","Sin base","Ana Celina Pozzi","2026-04-30 11:07:47","","","","Aéreo","2026-04-30 09:45:40",""
"LedRivadavia1475","","LED 150W","Rivadavia 1475","Santa Rosa","Con base en buenas condiciones","Ana Celina Pozzi","2026-04-30 11:09:34","","","","Aéreo","2026-04-30 09:48:29",""
"LedRivadavia1420","","LED 150W","Rivadavia 1420","Santa Rosa","Con base en buenas condiciones","Ana Celina Pozzi","2026-04-30 09:50:44","","","","Aéreo","2026-04-30 09:50:44",""
"LedPanchoRamirez1415","","LED 150W","Pancho Ramirez 1415","Santa Rosa","Sin base","Ana Celina Pozzi","2026-04-30 09:56:45","","","","Aéreo","2026-04-30 09:56:45",""
"LedPanchoRamirez1475","","LED 150W","Pancho Ramirez 1475","Santa Rosa","Con base en buenas condiciones","Ana Celina Pozzi","2026-04-30 09:57:50","","","","Aéreo","2026-04-30 09:57:50",""
"LedPanchoRamirez1515","","LED 150W","Pancho Ramirez 1515","Santa Rosa","Con base en buenas condiciones","Ana Celina Pozzi","2026-04-30 11:10:21","","","","Aéreo","2026-04-30 09:58:48",""
"LedPanchoRamirez1575","","LED 150W","Pancho Ramirez 1575","Santa Rosa","Con base en buenas condiciones","Ana Celina Pozzi","2026-04-30 10:03:14","","","","Aéreo","2026-04-30 10:03:14",""
"LedPanchoRamirez1625","","LED 150W","Pancho Ramirez 1625","Santa Rosa","Con base en buenas condiciones","Ana Celina Pozzi","2026-04-30 10:04:23","","","","Aéreo","2026-04-30 10:04:23",""
"LedPanchoRamirez1675","","LED 150W","Pancho Ramirez 1675","Santa Rosa","Con base en buenas condiciones","Ana Celina Pozzi","2026-06-30 10:48:10","","","","Aéreo","2026-04-30 10:04:31","cambio de luminaria INGEMAR"
"LedPanchoRamirez1725","","LED 150W","Pancho Ramirez 1725","Santa Rosa","Con base en buenas condiciones","Ana Celina Pozzi","2026-04-30 10:12:22","","","","Aéreo","2026-04-30 10:10:13",""
"LedAlberdi1770","","LED 150W","Alberdi 1770","Santa Rosa","Con base en buenas condiciones","Ana Celina Pozzi","2026-04-30 10:37:22","","","","Aéreo","2026-04-30 10:37:22",""
"LedAlberdi1710","","LED 150W","Alberdi 1710","Santa Rosa","Sin base","Ana Celina Pozzi","2026-04-30 10:38:53","","","","Aéreo","2026-04-30 10:38:53",""
"LedAlberdi1675","","LED 50W","Alberdi 1675","Santa Rosa","Con base en buenas condiciones","Ana Celina Pozzi","2026-04-30 10:40:47","","","","Aéreo","2026-04-30 10:40:47",""
"LedAlberdi1575","","LED 150W","Alberdi 1575","Santa Rosa","Sin base","Ana Celina Pozzi","2026-06-29 15:13:17","","","","Aéreo","2026-04-30 10:41:47","Cambio de luminaria INGEMAR, morceto neutro LCT y fotocelula LUMNIA "
"LedAlberdi1515","","LED 150W","Alberdi 1515","Santa Rosa","Con base en buenas condiciones","Ana Celina Pozzi","2026-04-30 11:08:33","","","","Aéreo","2026-04-30 10:44:57",""
"LedAlberdi1470","","LED 150W","Alberdi 1470","Santa Rosa","Con base en buenas condiciones","Ana Celina Pozzi","2026-04-30 10:46:51","","","","Aéreo","2026-04-30 10:46:51",""
"LedAlberdi1425","","LED 150W","Alberdi 1425","Santa Rosa","Con base en buenas condiciones","Ana Celina Pozzi","2026-04-30 10:47:46","","","","Aéreo","2026-04-30 10:47:46",""
"LedAlberdi1829","","LED 150W","Alberdi 1829","Santa Rosa","Sin base","Ana Celina Pozzi","2026-04-30 10:49:21","","","","Aéreo","2026-04-30 10:48:58",""
"LedAlberdi1879","","LED 150W","Alberdi 1879","Santa Rosa","Con base en buenas condiciones","Ana Celina Pozzi","2026-04-30 10:50:05","","","","Aéreo","2026-04-30 10:50:05",""
"LedPabloStampa1480","","LED 150W","Pablo Stampa 1480","Santa Rosa","Con base en buenas condiciones","Emanuel Noriega Sosa","2026-04-30 17:26:33","","","","Aéreo","2026-04-30 17:26:33",""
"LedPabloStampa1580","","LED 150W","Pablo Stampa 1580","Santa Rosa","Con base en buenas condiciones","Emanuel Noriega Sosa","2026-04-30 17:29:40","","","","Aéreo","2026-04-30 17:29:40",""
"LedPabloStampa1675","","LED 150W","Pablo Stampa 1675","Santa Rosa","Con base en buenas condiciones","Emanuel Noriega Sosa","2026-04-30 17:33:50","","","","Aéreo","2026-04-30 17:33:50",""
"LedPabloStampa1785","","LED 150W","Pablo Stampa 1785","Santa Rosa","Con base en buenas condiciones","Emanuel Noriega Sosa","2026-04-30 17:39:34","","","","Aéreo","2026-04-30 17:36:12",""
"LedPabloStampa1845","","LED 150W","Pablo Stampa 1845","Santa Rosa","Sin base","Emanuel Noriega Sosa","2026-04-30 17:38:36","","","","Aéreo","2026-04-30 17:38:36",""
"LedPabloStampa1905","","LED 150W","Pablo Stampa 1905","Santa Rosa","Con base en buenas condiciones","Emanuel Noriega Sosa","2026-04-30 17:43:19","","","","Aéreo","2026-04-30 17:43:19",""
"LedPabloStampa1995","","LED 150W","Pablo Stampa 1995","Santa Rosa","Con base en buenas condiciones","Emanuel Noriega Sosa","2026-04-30 17:44:42","","","","Aéreo","2026-04-30 17:44:42",""
"LedPabloStampa2085","","LED 150W","Pablo Stampa 2085","Santa Rosa","Con base en buenas condiciones","Emanuel Noriega Sosa","2026-04-30 17:49:38","","","","Aéreo","2026-04-30 17:49:38",""
"LedChampagnat2050","","LED 150W","Champagnat 2050","Santa Rosa","Con base en buenas condiciones","Emanuel Noriega Sosa","2026-04-30 17:56:24","","","","Subterráneo","2026-04-30 17:56:24",""
"LedChampagnat2110","","LED 150W","Champagnat 2050","Santa Rosa","Con base en buenas condiciones","Emanuel Noriega Sosa","2026-04-30 17:59:18","","","","Subterráneo","2026-04-30 17:59:18",""
"LedFochesatto1325","","LED 150W","Fochesatto 1325","Santa Rosa","Con base en buenas condiciones","Emanuel Noriega Sosa","2026-04-30 18:27:02","","","","Aéreo","2026-04-30 18:27:02",""
"LedFochesatto1270","","LED 150W","Fochesatto 1270","Santa Rosa","Con base en buenas condiciones","Emanuel Noriega Sosa","2026-04-30 18:28:18","","","","Aéreo","2026-04-30 18:28:18",""
"LedFochesatto1365","","LED 150W","Fochesatto 1365","Santa Rosa","Con base en buenas condiciones","Emanuel Noriega Sosa","2026-04-30 18:30:42","","","","Aéreo","2026-04-30 18:30:42",""
"LedPabloStampa1445","","LED 150W","Pablo Stampa 1445","Santa Rosa","Con base en buenas condiciones","Ana Celina Pozzi","2026-05-04 07:49:49","","","","Aéreo","2026-05-04 07:49:49",""
"LedPabloStampa1515","","LED 150W","Pablo Stampa 1515","Santa Rosa","Con base en buenas condiciones","Ana Celina Pozzi","2026-05-04 07:52:28","","","","Aéreo","2026-05-04 07:51:15",""
"LedPabloStampa1615","","LED 150W","Pablo Stampa 1615","Santa Rosa","Con base en buenas condiciones","Ana Celina Pozzi","2026-05-04 07:53:22","","","","Aéreo","2026-05-04 07:53:22",""
"LedPabloStampa1730","","LED 150W","Pablo Stampa 1730","Santa Rosa","Con base en buenas condiciones","Ana Celina Pozzi","2026-05-04 07:54:33","","","","Aéreo","2026-05-04 07:53:24",""
"LedPabloStampa1810","","LED 150W","Pablo Stampa 1810","Santa Rosa","Con base en buenas condiciones","Ana Celina Pozzi","2026-05-04 07:55:39","","","","Aéreo","2026-05-04 07:55:39",""
"LedPabloStampa1890","","LED 150W","Pablo Stampa 1890","Santa Rosa","Con base en buenas condiciones","Ana Celina Pozzi","2026-05-04 07:56:55","","","","Aéreo","2026-05-04 07:56:55",""
"LedPabloStampa1950","","LED 150W","Pablo Stampa 1950","Santa Rosa","Con base en buenas condiciones","Ana Celina Pozzi","2026-05-04 07:58:06","","","","Aéreo","2026-05-04 07:57:03",""
"LedAvYrigoyen4090","","LED 150W","Av Yrigoyen 4090","Los Trifolios","Con base en buenas condiciones","DOMINGUEZ GRACIELA","2026-05-04 08:32:33","","","","Aéreo","2026-05-04 08:32:33",""
"LedAvYrigoyen4050","","LED 150W","Av Yrigoyen 4050","Los Trifolios","Con base en buenas condiciones","DOMINGUEZ GRACIELA","2026-05-04 08:38:07","","","","Aéreo","2026-05-04 08:38:07",""
"LedPabloStampa2020","","LED 150W","Pablo Stampa 2020","Santa Rosa","Sin base","Ana Celina Pozzi","2026-05-04 08:40:53","","","","Aéreo","2026-05-04 08:40:53",""
"LedChampagnat2005","","LED 150W","Champagnat 2005","Santa Rosa","Con base en buenas condiciones","Ana Celina Pozzi","2026-05-04 08:43:40","","","","Aéreo","2026-05-04 08:41:01",""
"LedAvYrigoyen4320","","LED 150W","Av Yrigoyen 4320","Los Trifolios","Con base en buenas condiciones","DOMINGUEZ GRACIELA","2026-05-05 11:29:59","","","","Aéreo","2026-05-04 08:43:27",""
"LedChampagnat2010","","LED 150W","Champagnat 2010","Santa Rosa","Con base en buenas condiciones","Ana Celina Pozzi","2026-05-04 08:45:13","","","","Subterráneo","2026-05-04 08:43:51",""
"LedChampagnat2090","","LED 150W","Champagnat 2090","Santa Rosa","Con base en buenas condiciones","Ana Celina Pozzi","2026-05-04 08:47:16","","","","Subterráneo","2026-05-04 08:46:50",""
"LedAlberdi2120","","LED 150W","Alberdi 2120","Santa Rosa","Sin base","Ana Celina Pozzi","2026-05-04 08:51:00","","","","Aéreo","2026-05-04 08:48:14",""
"LedAlberdi2048","True","LED 150W","Alberdi 2048","Santa Rosa","Sin base","Ana Celina Pozzi","2026-05-08 09:36:33","","","","Aéreo","2026-05-04 08:52:22",""
"LedAlberdi1900","","LED 150W","Alberdi 1900","Santa Rosa","Sin base","Ana Celina Pozzi","2026-05-04 08:53:47","","","","Aéreo","2026-05-04 08:53:47",""
"LedSanAntonio1020","","LED 150W","San Antonio 1020","Los Trifolios","Con base en buenas condiciones","DOMINGUEZ GRACIELA","2026-05-06 08:37:42","","","","Aéreo","2026-05-04 09:13:30",""
"LedSanAntonio1045","","LED 150W","San Antonio 1045","Los Trifolios","Con base en buenas condiciones","DOMINGUEZ GRACIELA","2026-05-06 08:38:55","","","","Aéreo","2026-05-04 09:25:51",""
"LedSanAntonio1075","","LED 150W","San Antonio 1075","Los Trifolios","Con base en buenas condiciones","DOMINGUEZ GRACIELA","2026-05-06 08:39:32","","","","Aéreo","2026-05-04 09:35:00",""
"LedSanAntonio1120","","LED 150W","San Antonio 1120","Los Trifolios","Con base en buenas condiciones","DOMINGUEZ GRACIELA","2026-05-06 08:43:01","","","","Aéreo","2026-05-04 09:52:03",""
"LedSanAntonio1155","","LED 150W","San Antonio 1155","Los Trifolios","Con base en buenas condiciones","DOMINGUEZ GRACIELA","2026-05-06 08:46:13","","","","Aéreo","2026-05-04 10:16:24",""
"LedSanAntonio1220","","LED 150W","San Antonio 1220","Los Trifolios","Con base en buenas condiciones","DOMINGUEZ GRACIELA","2026-05-06 08:46:36","","","","Aéreo","2026-05-04 10:21:28",""
"LedSanAntonio1245","","LED 150W","San Antonio 1245","Los Trifolios","Con base en buenas condiciones","DOMINGUEZ GRACIELA","2026-05-06 08:47:05","","","","Aéreo","2026-05-04 10:33:09",""
"LedSanAntonio1335","","LED 150W","San Antonio 1335","Los Trifolios","Con base en buenas condiciones","DOMINGUEZ GRACIELA","2026-05-06 08:48:52","","","","Aéreo","2026-05-04 10:39:31",""
"LedSanAntonio1385","","LED 150W","San Antonio 1385","Los Trifolios","Con base en buenas condiciones","DOMINGUEZ GRACIELA","2026-05-06 08:49:12","","","","Aéreo","2026-05-04 10:47:43",""
"LedVirgendeLujan1930","","LED 150W","Virgen de Luján 1930","Santa Rosa","Con base en buenas condiciones","Emanuel Noriega Sosa","2026-05-04 17:16:18","","","","Aéreo","2026-05-04 17:16:18",""
"LedVirgendeLujan1880","","LED 150W","Virgen de Luján 1880","Santa Rosa","Con base en buenas condiciones","Emanuel Noriega Sosa","2026-05-04 17:17:32","","","","Aéreo","2026-05-04 17:17:32",""
"LedVirgendeLujan1825","","LED 150W","Virgen de Lujan 1825","Santa Rosa","Sin base","Emanuel Noriega Sosa","2026-05-04 17:19:50","","","","Aéreo","2026-05-04 17:19:50",""
"LedVirgendeLujan1780","","LED 150W","Virgen de Luján 1780","Santa Rosa","Con base en buenas condiciones","Emanuel Noriega Sosa","2026-05-04 17:22:10","","","","Aéreo","2026-05-04 17:22:10",""
"LedVirgendeLujan1715","","LED 150W","Virgen de Lujan 1715","Santa Rosa","Con base en buenas condiciones","Emanuel Noriega Sosa","2026-05-04 17:23:51","","","","Aéreo","2026-05-04 17:23:51",""
"LedVirgendeLujan1575","","LED 150W","Virgen de Lujan 1575","Santa Rosa","Con base en buenas condiciones","Emanuel Noriega Sosa","2026-05-04 17:29:18","","","","Aéreo","2026-05-04 17:29:18",""
"LedVirgendeLujan1530","","LED 150W","Virgen de Lujan 1530","Santa Rosa","Con base en buenas condiciones","Emanuel Noriega Sosa","2026-05-04 17:30:43","","","","Aéreo","2026-05-04 17:30:43",""
"LedVirgendeLujan1475","","LED 150W","Virgen de Lujan 1475","Santa Rosa","Con base en buenas condiciones","Emanuel Noriega Sosa","2026-05-04 17:33:14","","","","Aéreo","2026-05-04 17:33:14",""
"LedVirgendeLujan1420","","LED 150W","Virgen de Lujan 1420","Santa Rosa","Con base en buenas condiciones","Emanuel Noriega Sosa","2026-05-04 17:35:33","","","","Aéreo","2026-05-04 17:35:33",""
"LedVirgendeLujan1385","","LED 150W","Virgen de Lujan 1385","Santa Rosa","Con base en buenas condiciones","Emanuel Noriega Sosa","2026-05-04 17:37:51","","","","Aéreo","2026-05-04 17:37:51",""
"LedVirgendeLujan1335","","LED 150W","Virgen de Lujan 1335","Santa Rosa","Sin base","Emanuel Noriega Sosa","2026-05-04 17:39:06","","","","Aéreo","2026-05-04 17:39:06",""
"LedVirgendeLujan1185","","LED 150W","Virgen de Lujan 1185","Santa Rosa","Sin base","Emanuel Noriega Sosa","2026-05-04 17:41:37","","","","Aéreo","2026-05-04 17:41:37",""
"LedVirgendeLujan1151","","LED 150W","Virgen de Lujan 1151","Santa Rosa","Con base en buenas condiciones","Emanuel Noriega Sosa","2026-05-04 17:43:53","","","","Aéreo","2026-05-04 17:43:53",""
"LedVirgendeLujan1005","","LED 150W","Virgen de Lujan 1005","Santa Rosa","Con base en buenas condiciones","Emanuel Noriega Sosa","2026-05-04 17:46:20","","","","Aéreo","2026-05-04 17:46:20",""
"LedAv25deMayo1002","","LED 150W","Av. 25 de Mayo 1002","Santa Rosa","Con base en buenas condiciones","Emanuel Noriega Sosa","2026-05-04 17:52:59","","","","Aéreo","2026-05-04 17:52:59",""
"LedAv25deMayo1125","","LED 150W","Av 25 de Mayo 1125","Santa Rosa","Con base en buenas condiciones","Emanuel Noriega Sosa","2026-05-04 17:57:17","","","","Aéreo","2026-05-04 17:57:17",""
"LedAv25deMayo1185","","LED 150W","Av 25 de Mayo 1185","Santa Rosa","Con base en malas condiciones","Emanuel Noriega Sosa","2026-05-06 09:54:47","","","","Aéreo","2026-05-04 17:59:06",""
"LedAv25deMayo1325","","LED 150W","Av 25 de Mayo 1325","Santa Rosa","Con base en buenas condiciones","Emanuel Noriega Sosa","2026-05-04 18:01:19","","","","Aéreo","2026-05-04 18:01:19",""
"LedAv25deMayo1385","","LED 150W","Av 25 de Mayo 1385","Santa Rosa","Con base en buenas condiciones","Emanuel Noriega Sosa","2026-05-04 18:04:23","","","","Aéreo","2026-05-04 18:04:23",""
"LedAv25deMayo1435","","LED 150W","Av 25 de Mayo 1435","Santa Rosa","Con base en buenas condiciones","Emanuel Noriega Sosa","2026-05-04 18:06:14","","","","Aéreo","2026-05-04 18:06:14",""
"LedAv25deMayo1485","","LED 150W","Av 25 de Mayo 1485","Santa Rosa","Con base en buenas condiciones","Emanuel Noriega Sosa","2026-05-04 18:08:47","","","","Aéreo","2026-05-04 18:08:47",""
"LedAv25deMayo1595","","LED 150W","Av 25 de Mayo 1595","Santa Rosa","Con base en buenas condiciones","Emanuel Noriega Sosa","2026-05-04 18:14:04","","","","Aéreo","2026-05-04 18:12:48",""
"LedRepetto1710","","LED 150W","Repetto 1710","Santa Rosa","Con base en buenas condiciones","Ana Celina Pozzi","2026-05-05 08:21:31","","","","Aéreo","2026-05-05 08:21:31",""
"LedRepetto1765","","LED 150W","Repetto 1765","Santa Rosa","Con base en buenas condiciones","Ana Celina Pozzi","2026-05-05 08:25:10","","","","Aéreo","2026-05-05 08:23:53",""
"LedRepetto1690","","LED 150W","Repetto 1690","Santa Rosa","Con base en buenas condiciones","Ana Celina Pozzi","2026-05-05 08:26:09","","","","Aéreo","2026-05-05 08:26:09",""
"LedRepetto1625","","LED 150W","Repetto 1625","Santa Rosa","Sin base","Ana Celina Pozzi","2026-05-05 08:27:17","","","","Aéreo","2026-05-05 08:26:19",""
"LedRepetto1580","","LED 150W","Repetto 1580","Santa Rosa","Con base en buenas condiciones","Ana Celina Pozzi","2026-05-05 08:29:07","","","","Aéreo","2026-05-05 08:29:07",""
"LedRepetto1531","","LED 150W","Repetto 1531","Santa Rosa","Con base en buenas condiciones","Ana Celina Pozzi","2026-05-05 08:34:01","","","","Aéreo","2026-05-05 08:33:15",""
"LedRepetto1435","True","LED 150W","Repetto 1435","Santa Rosa","Con base en buenas condiciones","Ana Celina Pozzi","2026-05-08 09:36:38","","","","Aéreo","2026-05-05 08:35:42",""
"LedRepetto1423","","LED 150W","Repetto 1423","Santa Rosa","Sin base","Ana Celina Pozzi","2026-05-05 08:42:42","","","","Aéreo","2026-05-05 08:42:42",""
"LedEstrada1413","","LED 150W","Estrada 1413","Santa Rosa","Con base en buenas condiciones","Ana Celina Pozzi","2026-05-05 09:04:30","","","","Aéreo","2026-05-05 08:52:08",""
"LedEstrada1470","","LED 150W","Estrada 1470","Santa Rosa","Con base en buenas condiciones","Ana Celina Pozzi","2026-05-05 08:55:31","","","","Aéreo","2026-05-05 08:55:31",""
"LedEstrada1515","","LED 150W","Estrada 1515","Santa Rosa","Sin base","Ana Celina Pozzi","2026-05-05 09:17:19","","","","Aéreo","2026-05-05 09:16:09",""
"LedEstrada1590","","LED 150W","Estrada 1590","Santa Rosa","Con base en buenas condiciones","Ana Celina Pozzi","2026-05-05 09:19:06","","","","Aéreo","2026-05-05 09:19:06",""
"LedEstrada1615","","LED 150W","Estrada 1615","Santa Rosa","Con base en buenas condiciones","Ana Celina Pozzi","2026-05-12 07:44:19","","","","Aéreo","2026-05-05 09:19:15",""
"LedEstrada1680","","LED 150W","Estrada 1680","Santa Rosa","Con base en buenas condiciones","Ana Celina Pozzi","2026-05-05 11:54:07","","","","Aéreo","2026-05-05 11:53:12",""
"LedEstrada1715","","LED 150W","Estrada 1715","Santa Rosa","Sin base","Ana Celina Pozzi","2026-05-05 11:55:15","","","","Aéreo","2026-05-05 11:55:15",""
"LedEstrada1765","","LED 150W","Estrada 1765","Santa Rosa","Con base en buenas condiciones","Ana Celina Pozzi","2026-05-05 11:56:46","","","","Aéreo","2026-05-05 11:55:25",""
"LedEstrada1795","","LED 150W","Estrada 1795","Santa Rosa","Con base en buenas condiciones","Ana Celina Pozzi","2026-05-05 11:57:37","","","","Aéreo","2026-05-05 11:57:37",""
"LedEstrada1835","","LED 150W","Estrada 1835","Santa Rosa","Con base en buenas condiciones","Ana Celina Pozzi","2026-05-05 11:58:38","","","","Aéreo","2026-05-05 11:58:32",""
"LedEstrada1865","","LED 150W","Estrada 1865","Santa Rosa","Con base en buenas condiciones","Ana Celina Pozzi","2026-05-05 11:59:13","","","","Aéreo","2026-05-05 11:59:13",""
"LedAvaYrigoyen4550","","LED 150W","Av Yrigoyen 4550","Los Alamos","Con base en buenas condiciones","DOMINGUEZ GRACIELA","2026-05-06 08:04:56","","","","Aéreo","2026-05-06 08:04:56",""
"LedAvYrigoyen4500","","LED 150W","Av Yrigoyen 4500","Los Alamos","Con base en buenas condiciones","DOMINGUEZ GRACIELA","2026-05-06 08:09:17","","","","Aéreo","2026-05-06 08:09:17",""
"LedAvYrigoyen4450","","LED 150W","Av Yrigoyen 4450","Los Alamos","Con base en buenas condiciones","DOMINGUEZ GRACIELA","2026-05-06 08:20:17","","","","Aéreo","2026-05-06 08:20:17",""
"LedAvYrigoyen4350","","LED 150W","Av Yrigoyen 4350","Los Alamos","Con base en buenas condiciones","DOMINGUEZ GRACIELA","2026-05-06 08:23:32","","","","Aéreo","2026-05-06 08:23:32",""
"LedSanAntonio1430","","LED 150W","San Antonio 1430","Los Trifolios","Con base en buenas condiciones","DOMINGUEZ GRACIELA","2026-05-06 08:50:27","","","","Aéreo","2026-05-06 08:46:36",""
"LedSanAntonio1480","","LED 150W","San Antonio 1480","Los Trifolios","Con base en buenas condiciones","DOMINGUEZ GRACIELA","2026-05-06 08:51:41","","","","Aéreo","2026-05-06 08:51:41",""
"LedSanAntonio1515","","LED 150W","San Antonio 1515","Los Trifolios","Con base en buenas condiciones","DOMINGUEZ GRACIELA","2026-05-06 09:03:23","","","","Aéreo","2026-05-06 09:03:23",""
"LedSanAntonio1570","","LED 150W","San Antonio 1570","Los Trifolios","Con base en buenas condiciones","DOMINGUEZ GRACIELA","2026-05-06 09:07:03","","","","Aéreo","2026-05-06 09:07:03",""
"LedSanAntonio1615","","LED 150W","San Antonio 1615","Los Trifolios","Con base en buenas condiciones","DOMINGUEZ GRACIELA","2026-05-06 09:11:00","","","","Aéreo","2026-05-06 09:11:00",""
"LedSanAntonio1680","","LED 150W","San Antonio 1680","Los Trifolios","Con base en buenas condiciones","DOMINGUEZ GRACIELA","2026-05-06 09:16:26","","","","Aéreo","2026-05-06 09:16:26",""
"LedGregoriaPerez1680","","LED 150W","Gregoria Pérez 1680","Los Trifolios","Con base en buenas condiciones","DOMINGUEZ GRACIELA","2026-05-06 09:32:17","","","","Aéreo","2026-05-06 09:32:17",""
"LedGregoriaPerez1620","","LED 150W","Gregoria Pérez 1620","Los Trifolios","Con base en buenas condiciones","DOMINGUEZ GRACIELA","2026-05-06 09:35:21","","","","Aéreo","2026-05-06 09:35:21",""
"LedGregoriaPerez1580","","LED 150W","Gregoria Pérez 1580","Los Trifolios","Con base en buenas condiciones","DOMINGUEZ GRACIELA","2026-05-06 09:42:30","","","","Aéreo","2026-05-06 09:42:30",""
"LedGregoriaPerez1520","","LED 150W","Gregoria Pérez 1520","Los Trifolios","Con base en buenas condiciones","DOMINGUEZ GRACIELA","2026-05-06 09:47:47","","","","Aéreo","2026-05-06 09:47:47",""
"LedGregoriaPerez1465","","LED 150W","Gregoria Pérez 1465","Los Trifolios","Con base en buenas condiciones","DOMINGUEZ GRACIELA","2026-05-08 08:25:34","","","","Aéreo","2026-05-06 10:00:30",""
"LedGregoriaPerez1380","","LED 150W","Gregoria Pérez 1380","Los Trifolios","Con base en buenas condiciones","DOMINGUEZ GRACIELA","2026-05-06 10:06:14","","","","Aéreo","2026-05-06 10:06:14",""
"LedGregoriaPerez1335","","LED 150W","Gregoria Pérez 1335","Los Trifolios","Con base en buenas condiciones","DOMINGUEZ GRACIELA","2026-05-06 10:09:19","","","","Aéreo","2026-05-06 10:09:19",""
"LedGregoriaPerez1280","","LED 150W","Gregoria Pérez 1280","Los Trifolios","Con base en buenas condiciones","DOMINGUEZ GRACIELA","2026-05-06 10:12:41","","","","Aéreo","2026-05-06 10:12:41",""
"LedGregoriaPerez1215","","LED 150W","Gregoria Pérez 1215","Los Trifolios","Con base en buenas condiciones","DOMINGUEZ GRACIELA","2026-05-06 10:16:03","","","","Aéreo","2026-05-06 10:16:03",""
"LedGregoriaPerez1180","","LED 150W","Gregoria Pérez 1180","Los Trifolios","Con base en buenas condiciones","DOMINGUEZ GRACIELA","2026-05-06 10:18:39","","","","Aéreo","2026-05-06 10:18:39",""
"LedGregoriaPerez1115","","LED 150W","Gregoria Pérez 1115","Los Trifolios","Con base en buenas condiciones","DOMINGUEZ GRACIELA","2026-05-06 10:22:43","","","","Aéreo","2026-05-06 10:22:43",""
"LedGregoriaPerez1080","","LED 150W","Gregoria Pérez 1080","Los Trifolios","Con base en buenas condiciones","DOMINGUEZ GRACIELA","2026-05-06 10:24:28","","","","Aéreo","2026-05-06 10:24:28",""
"LedGregoriaPerez1015","","LED 150W","Gregoria Pérez 1015","Los Trifolios","Con base en buenas condiciones","DOMINGUEZ GRACIELA","2026-05-06 10:26:08","","","","Aéreo","2026-05-06 10:26:08",""
"LedAv25Mayo1990","","LED 150W","Av 25 de Mayo 1990","Santa Rosa","Con base en buenas condiciones","Emanuel Noriega Sosa","2026-05-06 17:03:33","","","","Aéreo","2026-05-06 17:03:33",""
"LedAv25deMayo1956","","LED 150W","Av 25 de Mayo 1956","Santa Rosa","Con base en buenas condiciones","Emanuel Noriega Sosa","2026-05-08 09:49:06","","","","Aéreo","2026-05-06 17:05:15",""
"LedAv25deMayo1920","","LED 150W","Av 25 de Mayo 1920","Santa Rosa","Con base en buenas condiciones","Emanuel Noriega Sosa","2026-05-06 17:07:14","","","","Aéreo","2026-05-06 17:07:14",""
"LedAv25deMayo1870","","LED 150W","Av 25 de Mayo 1870","Santa Rosa","Con base en buenas condiciones","Emanuel Noriega Sosa","2026-05-06 17:10:14","","","","Aéreo","2026-05-06 17:10:14",""
"LedAv25deMayo1838","","LED 150W","Av 25 de Mayo 1838","Santa Rosa","Con base en buenas condiciones","Emanuel Noriega Sosa","2026-05-06 17:11:38","","","","Aéreo","2026-05-06 17:11:38",""
"LedAv25deMayo1780","","LED 150W","Av 25 de Mayo 1780","Santa Rosa","Con base en buenas condiciones","Emanuel Noriega Sosa","2026-05-06 17:15:25","","","","Aéreo","2026-05-06 17:15:25",""
"LedAv25deMayo1710","","LED 150W","Av 25 Mayo 1710","Santa Rosa","Con base en buenas condiciones","Emanuel Noriega Sosa","2026-05-06 17:18:06","","","","Aéreo","2026-05-06 17:18:06",""
"LedAv25deMayo1680","","LED 150W","Av 25 de Mayo 1680","Santa Rosa","Con base en buenas condiciones","Emanuel Noriega Sosa","2026-05-06 17:21:23","","","","Aéreo","2026-05-06 17:21:23",""
"LedAv25deMayo1630","","LED 150W","Av 25 de Mayo 1630","Santa Rosa","Con base en buenas condiciones","Emanuel Noriega Sosa","2026-05-06 17:23:39","","","","Aéreo","2026-05-06 17:23:39",""
"LedAv25deMayo1586","","LED 150W","Av 25 de Mayo 1586","Santa Rosa","Sin base","Emanuel Noriega Sosa","2026-05-06 17:26:05","","","","Aéreo","2026-05-06 17:26:05",""
"LedAv25deMayo1530","","LED 150W","Av 25 de Mayo 1530","Santa Rosa","Con base en malas condiciones","Emanuel Noriega Sosa","2026-05-06 17:28:17","","","","Aéreo","2026-05-06 17:28:17",""
"LedAv25deMayo1510","","LED 150W","Av 25 de Mayo 1510","Santa Rosa","Sin base","Emanuel Noriega Sosa","2026-05-06 17:29:28","","","","Aéreo","2026-05-06 17:29:28",""
"LedAv25deMayo1498","","LED 150W","Av 25 de Mayo 1498","Santa Rosa","Sin base","Emanuel Noriega Sosa","2026-05-06 17:33:45","","","","Aéreo","2026-05-06 17:33:45",""
"LedAv25deMayo1470","","LED 150W","Av 25 de Mayo 1470","Santa Rosa","Con base en buenas condiciones","Emanuel Noriega Sosa","2026-05-06 17:35:51","","","","Aéreo","2026-05-06 17:35:51",""
"LedAv25deMayo1420","","LED 150W","Av 25 de Mayo 1420","Santa Rosa","Con base en buenas condiciones","Emanuel Noriega Sosa","2026-06-30 10:41:30","","","","Aéreo","2026-05-06 17:37:30","Cambio de fotocélula LUMNIA y base LUMNIA"
"LedAv25deMayo1380","","LED 150W","Av 25 de Mayo 1380","Santa Rosa","Con base en buenas condiciones","Emanuel Noriega Sosa","2026-05-06 17:45:14","","","","Aéreo","2026-05-06 17:45:14",""
"LedAv25deMayo1316","","LED 150W","Av 25 de Mayo 1316","Santa Rosa","Con base en buenas condiciones","Emanuel Noriega Sosa","2026-05-06 17:47:54","","","","Aéreo","2026-05-06 17:47:54",""
"LedAv25deMayo1180","","LED 150W","Av 25 de Mayo 1180","Santa Rosa","Con base en buenas condiciones","Emanuel Noriega Sosa","2026-05-06 17:51:01","","","","Aéreo","2026-05-06 17:51:01",""
"LedAv25deMayo1120","","LED 150W","Av 25 de Mayo 1120","Santa Rosa","Con base en buenas condiciones","Emanuel Noriega Sosa","2026-05-06 17:52:51","","","","Aéreo","2026-05-06 17:52:51",""
"LedPellegrini1065","","LED 150W","Pellegrini 1065","Santa Rosa","Con base en buenas condiciones","Emanuel Noriega Sosa","2026-06-29 08:33:08","","","","Aéreo","2026-05-06 18:07:15","Cambio de iluminaria INGEMAR y cambio de fotocelula LUNMIA "
"LedPellegrini1080","","LED 150W","Pellegrini 1080","Chaco","Con base en buenas condiciones","Emanuel Noriega Sosa","2026-05-07 10:16:54","","","","Aéreo","2026-05-06 18:09:16",""
"LedPellegrini1135","","LED 150W","Pellegrini 1135","Santa Rosa","Con base en buenas condiciones","Emanuel Noriega Sosa","2026-05-06 18:10:34","","","","Aéreo","2026-05-06 18:10:34",""
"LedPellegrini1160","","LED 150W","Pellegrini 1160","Chaco","Con base en buenas condiciones","Emanuel Noriega Sosa","2026-05-07 10:17:09","","","","Aéreo","2026-05-06 18:11:31",""
"LedPellegrini1350","","LED 150W","Pellegrini 1350","Santa Rosa","Con base en buenas condiciones","Emanuel Noriega Sosa","2026-05-06 18:14:00","","","","Aéreo","2026-05-06 18:14:00",""
"LedPellegrini1370","","LED 150W","Pellegrini 1370","Chaco","Con base en buenas condiciones","Emanuel Noriega Sosa","2026-05-07 10:17:27","","","","Aéreo","2026-05-06 18:15:59",""
"LedPellegrini1435","","LED 150W","Pellegrini 1435","Santa Rosa","Con base en buenas condiciones","Emanuel Noriega Sosa","2026-05-06 18:20:24","","","","Aéreo","2026-05-06 18:20:24",""
"LedPellegrini1480","","LED 150W","Pellegrini 1480","Chaco","Con base en buenas condiciones","Emanuel Noriega Sosa","2026-05-07 10:17:43","","","","Aéreo","2026-05-06 18:22:13",""
"LedPellegrini1535","","LED 150W","Pellegrini 1535","Santa Rosa","Con base en buenas condiciones","Emanuel Noriega Sosa","2026-05-06 18:23:22","","","","Aéreo","2026-05-06 18:23:22",""
"LedPellegrini1570","","LED 150W","Pellegrini 1570","Chaco","Con base en buenas condiciones","Emanuel Noriega Sosa","2026-05-07 10:18:28","","","","Aéreo","2026-05-06 18:24:49",""
"LedPellegrini1615","","LED 150W","Pellegrini 1615","Santa Rosa","Con base en buenas condiciones","Emanuel Noriega Sosa","2026-05-06 18:27:02","","","","Aéreo","2026-05-06 18:27:02",""
"LedPellegrini1670","","LED 150W","Pellegrini 1670","Chaco","Con base en buenas condiciones","Emanuel Noriega Sosa","2026-05-07 10:18:40","","","","Aéreo","2026-05-06 18:30:51",""
"LedAv9deJulio2002","","LED 150W","9 de Julio 2002","Santa Rosa","Con base en buenas condiciones","Ana Celina Pozzi","2026-05-07 07:45:51","","","","Aéreo","2026-05-07 07:39:23",""
"LedAv9deJulio1930","","LED 150W","Av 9 d eJulio 1930","Santa Rosa","Con base en buenas condiciones","Ana Celina Pozzi","2026-05-07 07:44:31","","","","Aéreo","2026-05-07 07:41:09",""
"LedAv9deJulio1950","","LED 150W","Av 9 de Julio 1950","Santa Rosa","Con base en buenas condiciones","Ana Celina Pozzi","2026-05-07 07:47:05","","","","Aéreo","2026-05-07 07:47:05",""
"LedAv9deJulio1990","","LED 150W","Av 9 de Julio 1990","Santa Rosa","Con base en buenas condiciones","Ana Celina Pozzi","2026-05-07 07:47:52","","","","Aéreo","2026-05-07 07:47:52",""
"LedAv9deJulio1880","","LED 150W","Av 9 de Julio 1880","Santa Rosa","Con base en buenas condiciones","Ana Celina Pozzi","2026-05-07 07:48:54","","","","Aéreo","2026-05-07 07:48:09",""
"LedAv9deJulio1824","","LED 150W","Av 9 de Julio 1824","Santa Rosa","Con base en buenas condiciones","Ana Celina Pozzi","2026-05-07 08:05:51","","","","Aéreo","2026-05-07 07:54:10",""
"LedAv9deJulio1790","","LED 150W","Av 9 de Julio 1790","Santa Rosa","Con base en buenas condiciones","Ana Celina Pozzi","2026-05-07 08:08:11","","","","Aéreo","2026-05-07 08:06:32",""
"LedAv9deJulio1730","","LED 150W","Av 9 de Julio 1730","Santa Rosa","Con base en buenas condiciones","Ana Celina Pozzi","2026-05-07 08:09:28","","","","Aéreo","2026-05-07 08:09:28",""
"LedAv9deJulio1690","","LED 150W","Av 9 de Julio 1690","Santa Rosa","Con base en buenas condiciones","Ana Celina Pozzi","2026-05-07 08:12:46","","","","Aéreo","2026-05-07 08:11:41",""
"LedAv9deJulio1626","","LED 150W","Av 9 de Julio 1626","Santa Rosa","Sin base","Ana Celina Pozzi","2026-05-07 08:13:39","","","","Aéreo","2026-05-07 08:13:39",""
"LedAv9deJulio1590","","LED 150W","Av 9 de Julio 1590","Santa Rosa","Sin base","Ana Celina Pozzi","2026-05-07 08:15:04","","","","Aéreo","2026-05-07 08:15:04",""
"LedAv9deJulio1510","","LED 150W","Av 9 de Julio 1510","Santa Rosa","Sin base","Ana Celina Pozzi","2026-05-07 08:16:05","","","","Aéreo","2026-05-07 08:16:05",""
"LedAv9deJulio1470","","LED 150W","Av 9 de Julio 1470","Santa Rosa","Con base en buenas condiciones","Ana Celina Pozzi","2026-05-07 08:17:04","","","","Aéreo","2026-05-07 08:17:04",""
"LedAv9deJulio1430","","LED 150W","Av 9 de Julio 1430","Santa Rosa","Con base en buenas condiciones","Ana Celina Pozzi","2026-05-07 08:17:57","","","","Aéreo","2026-05-07 08:17:57",""
"LedAv9deJulio1425","","LED 150W","Av 9 de Julio 1425","Santa Rosa","Con base en buenas condiciones","Ana Celina Pozzi","2026-05-07 08:26:41","","","","Aéreo","2026-05-07 08:26:41",""
"LedAv9deJulio1485","","LED 150W","Av 9 de Julio 1485","Santa Rosa","Con base en buenas condiciones","Ana Celina Pozzi","2026-05-07 08:27:39","","","","Aéreo","2026-05-07 08:27:10",""
"LedAv9deJulio1515","","LED 150W","Av 9 de Julio 1515","Santa Rosa","Con base en buenas condiciones","Ana Celina Pozzi","2026-05-07 08:28:49","","","","Aéreo","2026-05-07 08:28:49",""
"LedAv9deJulio1595","","LED 150W","Av 9 de Julio 1595","Santa Rosa","Con base en buenas condiciones","Ana Celina Pozzi","2026-05-07 08:29:30","","","","Aéreo","2026-05-07 08:29:30",""
"LedAv9deJulio1615","","LED 150W","Av 9 de Julio 1615","Santa Rosa","Con base en buenas condiciones","Ana Celina Pozzi","2026-05-07 08:30:20","","","","Aéreo","2026-05-07 08:30:20",""
"LedAv9deJulio1675","","LED 150W","Av 9 d eJulio 1675","Santa Rosa","Con base en buenas condiciones","Ana Celina Pozzi","2026-05-07 08:31:00","","","","Aéreo","2026-05-07 08:31:00",""
"LedAv9deJulio1725","","LED 150W","Av 9 de Julio 1725","Santa Rosa","Con base en buenas condiciones","Ana Celina Pozzi","2026-05-07 08:31:56","","","","Aéreo","2026-05-07 08:31:56",""
"LedAv9deJulio1775","","LED 150W","Av 9 de Julio 1775","Santa Rosa","Con base en buenas condiciones","Ana Celina Pozzi","2026-05-07 08:35:32","","","","Aéreo","2026-05-07 08:32:37",""
"LedAv9deJulio1807","","LED 150W","Av 9 de Julio 1807","Santa Rosa","Sin base","Ana Celina Pozzi","2026-05-07 08:39:46","","","","Aéreo","2026-05-07 08:39:46",""
"LedAv9deJulio1850","","LED 150W","Av9deJulio1850","Santa Rosa","Con base en buenas condiciones","Ana Celina Pozzi","2026-05-07 08:40:22","","","","Aéreo","2026-05-07 08:40:22",""
"LedAv9deJulio1901","","LED 150W","Av 9 de Julio 1901","Santa Rosa","Con base en buenas condiciones","Ana Celina Pozzi","2026-05-07 08:41:14","","","","Aéreo","2026-05-07 08:41:14",""
"LedAv9deJulio1963","","LED 150W","Av 9 de Julio 1963","Santa Rosa","Con base en buenas condiciones","Ana Celina Pozzi","2026-05-07 08:42:06","","","","Aéreo","2026-05-07 08:42:06",""
"LedAv9deJulio1995","","LED 150W","Av 9 de Julio 1995","Santa Rosa","Con base en buenas condiciones","Ana Celina Pozzi","2026-05-07 08:43:18","","","","Aéreo","2026-05-07 08:42:50",""
"LedAv9deJulio2025","","LED 150W","Av 9 de Julio 2025","Santa Rosa","Con base en buenas condiciones","Ana Celina Pozzi","2026-05-07 08:44:03","","","","Aéreo","2026-05-07 08:44:03",""
"LedSaenzPeña1755","","LED 150W","Saenz Peña 1755","Santa Rosa","Con base en buenas condiciones","Ana Celina Pozzi","2026-05-07 08:59:02","","","","Aéreo","2026-05-07 08:59:02",""
"LedSaenzPeña1655","","LED 150W","Saenz Peña 1655","Santa Rosa","Con base en buenas condiciones","Ana Celina Pozzi","2026-05-07 08:59:57","","","","Aéreo","2026-05-07 08:59:57",""
"LedSaenzPeña1587","","LED 150W","Saenz Peña 1587","Santa Rosa","Con base en buenas condiciones","Ana Celina Pozzi","2026-05-07 09:00:42","","","","Aéreo","2026-05-07 09:00:42",""
"LedSaenzPeña1510","","LED 150W","Saenz Peña 1510","Santa Rosa","Con base en buenas condiciones","Ana Celina Pozzi","2026-05-07 09:05:02","","","","Aéreo","2026-05-07 09:04:14",""
"LedSaenzPeña1485","","LED 150W","Saenz Peña 1485","Santa Rosa","Con base en buenas condiciones","Ana Celina Pozzi","2026-05-07 09:11:12","","","","Aéreo","2026-05-07 09:09:36",""
"LedSaenzPeña1450","","LED 150W","Saenz Peña 1450","Santa Rosa","Sin base","Ana Celina Pozzi","2026-05-07 09:12:25","","","","Aéreo","2026-05-07 09:12:25",""
"LedFochesatto1685","","LED 150W","Fochesatto 1685","Santa Rosa","Con base en buenas condiciones","Emanuel Noriega Sosa","2026-05-07 10:01:10","","","","Aéreo","2026-05-07 09:59:32",""
"LedFochesatto1610","","LED 150W","Fochesatto 1610","Santa Rosa","Con base en buenas condiciones","Emanuel Noriega Sosa","2026-05-07 10:01:56","","","","Aéreo","2026-05-07 10:01:24",""
"LedAv25deMayo1715","","LED 150W","Av 25 de Mayo 1715","Santa Rosa","Con base en buenas condiciones","Emanuel Noriega Sosa","2026-05-07 10:03:36","","","","Aéreo","2026-05-07 10:02:05",""
"LedAv25deMayo1795","","LED 150W","Av 25 de Mayo 1795","Santa Rosa","Con base en buenas condiciones","Emanuel Noriega Sosa","2026-05-07 10:04:31","","","","Aéreo","2026-05-07 10:03:44",""
"LedAv25deMayo1835","","LED 150W","Av 25 de Mayo 1835","Santa Rosa","Sin base","Emanuel Noriega Sosa","2026-05-07 10:08:23","","","","Aéreo","2026-05-07 10:05:28",""
"LedAv25deMayo1889","","LED 150W","Av 25 de Mayo 1889","Santa Rosa","Con base en buenas condiciones","Emanuel Noriega Sosa","2026-05-07 10:09:27","","","","Aéreo","2026-05-07 10:08:31",""
"LedAv25deMayo1915","","LED 150W","Av 25 de Mayo 1915","Santa Rosa","Con base en buenas condiciones","Emanuel Noriega Sosa","2026-05-07 10:10:41","","","","Aéreo","2026-05-07 10:09:33",""
"LedAv25deMayo1995","","LED 150W","Av 25 de Mayo 1995","Santa Rosa","Con base en buenas condiciones","Emanuel Noriega Sosa","2026-05-07 10:11:47","","","","Aéreo","2026-05-07 10:10:56",""
"LedArtigas1405","","LED 150W","Artigas 1405","Los Trifolios","Con base en buenas condiciones","DOMINGUEZ GRACIELA","2026-05-08 08:06:38","","","","Aéreo","2026-05-08 08:06:38",""
"LedArtigas1315","","LED 150W","Artigas 1315","Los Trifolios","Con base en buenas condiciones","DOMINGUEZ GRACIELA","2026-05-08 08:15:27","","","","Aéreo","2026-05-08 08:15:27",""
"LedArtigas1390","","LED 150W","Artigas 1390","Los Trifolios","Con base en buenas condiciones","DOMINGUEZ GRACIELA","2026-05-08 08:20:23","","","","Aéreo","2026-05-08 08:20:23",""
"LedRegimientoDeCaballeria1450","True","LED 150W","Regimiento De Caballería 1450","Los Trifolios","Con base en buenas condiciones","DOMINGUEZ GRACIELA","2026-05-08 08:27:55","","","","Aéreo","2026-05-08 08:27:55",""
"LedArtigas1525","","LED 150W","Artigas 1525","Los Trifolios","Con base en buenas condiciones","DOMINGUEZ GRACIELA","2026-05-08 08:35:03","","","","Aéreo","2026-05-08 08:35:03",""
"LedArtigas1580","","LED 150W","Artigas 1580","Los Trifolios","Con base en buenas condiciones","DOMINGUEZ GRACIELA","2026-05-08 08:39:03","","","","Aéreo","2026-05-08 08:39:03",""
"LedArtigas1625","","LED 150W","Artigas 1625","Los Trifolios","Con base en buenas condiciones","DOMINGUEZ GRACIELA","2026-05-08 08:46:41","","","","Aéreo","2026-05-08 08:46:41",""
"LedArtigas1685","","LED 150W","Artigas 1685","Los Trifolios","Con base en buenas condiciones","DOMINGUEZ GRACIELA","2026-05-08 08:50:16","","","","Aéreo","2026-05-08 08:50:16",""
"LedAv9deJulio1695","","LED 150W","Av 9 de Julio 1605","Santa Rosa","Con base en buenas condiciones","Ana Celina Pozzi","2026-05-08 09:40:09","","","","Subterráneo","2026-05-08 09:02:41",""
"LedAv9deJulio1698","","LED 150W","Av 9 de Julio 1601","Santa Rosa","Con base en buenas condiciones","Ana Celina Pozzi","2026-05-08 09:40:24","","","","Aéreo","2026-05-08 09:04:25",""
"LedAv9DeJulio4495","","LED 150W","Av 9 DeJulio 4495","Los Trifolios","Con base en buenas condiciones","DOMINGUEZ GRACIELA","2026-05-08 09:04:52","","","","Aéreo","2026-05-08 09:04:52",""
"LedAv9deJulio1705","","LED 150W","Av 9 de Julio 1705","Santa Rosa","Con base en buenas condiciones","Ana Celina Pozzi","2026-05-08 09:39:39","","","","Aéreo","2026-05-08 09:05:08",""
"LedAv9deJulio1702","","LED 150W","Av 9 de Julio 1602","Santa Rosa","Con base en buenas condiciones","Ana Celina Pozzi","2026-05-08 09:39:55","","","","Aéreo","2026-05-08 09:07:13",""
"LedAv9DeJulio4445","","LED 150W","Av 9 De Julio 4445","Los Trifolios","Con base en buenas condiciones","DOMINGUEZ GRACIELA","2026-05-08 09:08:30","","","","Aéreo","2026-05-08 09:08:30",""
"LedAv9DeJulio4385","","LED 150W","Av 9 De Julio 4385","Los Trifolios","Con base en buenas condiciones","DOMINGUEZ GRACIELA","2026-05-08 09:15:06","","","","Aéreo","2026-05-08 09:15:06",""
"LedAv9DeJulio4355","","LED 150W","Av 9 De Julio 4355","Los Trifolios","Con base en buenas condiciones","DOMINGUEZ GRACIELA","2026-05-08 09:23:18","","","","Aéreo","2026-05-08 09:23:18",""
"LedAv9DeJulio4315","","LED 150W","Av 9 De julio 4315","Los Trifolios","Con base en buenas condiciones","DOMINGUEZ GRACIELA","2026-05-08 09:30:21","","","","Aéreo","2026-05-08 09:30:21",""
"LedAv9DeJulio4285","","LED 150W","Av 9 De Julio 4285","Los Trifolios","Con base en buenas condiciones","DOMINGUEZ GRACIELA","2026-05-08 09:38:04","","","","Aéreo","2026-05-08 09:38:04",""
"LedAv9DeJulio4215","","LED 150W","Av 9 De julio 4215","Los Trifolios","Con base en buenas condiciones","DOMINGUEZ GRACIELA","2026-05-08 09:56:48","","","","Aéreo","2026-05-08 09:56:48",""
"LedAv9DeJulio4175","","LED 150W","Av 9 De Julio 4175","Los Trifolios","Con base en buenas condiciones","DOMINGUEZ GRACIELA","2026-05-08 10:13:55","","","","Aéreo","2026-05-08 10:01:46",""
"LedAv9DeJulio4115","","LED 150W","Av 9 De Julio 4115","Los Trifolios","Con base en buenas condiciones","DOMINGUEZ GRACIELA","2026-05-08 10:06:42","","","","Aéreo","2026-05-08 10:06:42",""
"LedAv9DeJulio4095","","LED 150W","Av 9 De julio 4095","Los Trifolios","Con base en buenas condiciones","DOMINGUEZ GRACIELA","2026-05-08 10:17:49","","","","Aéreo","2026-05-08 10:17:49",""
"LedAv9DeJulio4015","","LED 150W","Av 9 De julio 4015","Los Trifolios","Con base en buenas condiciones","DOMINGUEZ GRACIELA","2026-05-08 10:21:41","","","","Aéreo","2026-05-08 10:21:41",""
"LedSalta1715","","LED 150W","Salta 1715","Santa Rosa","Sin base","Emanuel Noriega Sosa","2026-05-08 17:07:28","","","","Aéreo","2026-05-08 17:07:28",""
"LedSalta1795","","LED 150W","Salta 1795","Santa Rosa","Sin base","Emanuel Noriega Sosa","2026-05-08 17:09:16","","","","Aéreo","2026-05-08 17:09:16",""
"LedSalta1840","","LED 150W","Salta 1840","Santa Rosa","Sin base","Emanuel Noriega Sosa","2026-05-08 17:10:36","","","","Aéreo","2026-05-08 17:10:36",""
"LedSalta1870","","LED 150W","Salta 1870","Santa Rosa","Sin base","Emanuel Noriega Sosa","2026-05-08 17:11:38","","","","Aéreo","2026-05-08 17:11:38",""
"LedSalta1895","","LED 150W","Salta 1895","Santa Rosa","Con base en buenas condiciones","Emanuel Noriega Sosa","2026-05-08 17:13:04","","","","Aéreo","2026-05-08 17:13:04",""
"LedSalta1922","","LED 150W","Salta 1922","Santa Rosa","Sin base","Emanuel Noriega Sosa","2026-05-08 17:14:11","","","","Aéreo","2026-05-08 17:14:11",""
"LedSalta1975","","LED 150W","Salta 1975","Santa Rosa","Sin base","Emanuel Noriega Sosa","2026-05-08 17:14:55","","","","Aéreo","2026-05-08 17:14:55",""
"LedSalta2020","","LED 150W","Salta 2020","Santa Rosa","Sin base","Emanuel Noriega Sosa","2026-05-11 12:28:27","","","","Aéreo","2026-05-08 17:22:03",""
"LedSalta2090","","LED 150W","Salta 2090","Santa Rosa","Con base en buenas condiciones","Emanuel Noriega Sosa","2026-05-08 17:25:42","","","","Aéreo","2026-05-08 17:24:57",""
"LedMartinFierro1406","","LED 150W","Martin Fierro 1406","Santa Rosa","Sin base","Emanuel Noriega Sosa","2026-05-08 17:29:04","","","","Aéreo","2026-05-08 17:29:04",""
"LedPellegrini2015","","","Pellegrini 2015","Santa Rosa","Con base en buenas condiciones","Emanuel Noriega Sosa","2026-05-08 17:32:31","","","","Aéreo","2026-05-08 17:32:31",""
"LedAv28DeMayo1680","","LED 150W","Av 28 De Mayo 1680","Los Trifolios","Con base en buenas condiciones","DOMINGUEZ GRACIELA","2026-05-11 08:02:47","","","","Aéreo","2026-05-11 08:02:47",""
"LedAv28DeMayo1650","","LED 150W","Av 28 De Mayo 1650","Los Trifolios","Sin base","DOMINGUEZ GRACIELA","2026-05-11 08:07:09","","","","Aéreo","2026-05-11 08:07:09",""
"LedAv28DeMayo1630","","LED 150W","Av 28 De Mayo 1630","Los Trifolios","Con base en buenas condiciones","DOMINGUEZ GRACIELA","2026-05-11 08:10:44","","","","Aéreo","2026-05-11 08:10:44",""
"LedCagliero1570","","LED 150W","Cagliero 1570","Los Trifolios","Con base en buenas condiciones","DOMINGUEZ GRACIELA","2026-05-11 08:16:35","","","","Aéreo","2026-05-11 08:16:35",""
"Led Cagliero 1470","","LED 150W","Cagliero 1470","Los Trifolios","Con base en buenas condiciones","DOMINGUEZ GRACIELA","2026-05-11 08:19:50","","","","Aéreo","2026-05-11 08:19:50",""
"LedCagliero1410","","LED 150W","Cagliero 1410","Los Trifolios","Con base en buenas condiciones","DOMINGUEZ GRACIELA","2026-05-11 08:22:21","","","","Aéreo","2026-05-11 08:22:21",""
"LedLosOlivares1610","","LED 150W","Los Olivares 1610","Los Trifolios","Con base en buenas condiciones","DOMINGUEZ GRACIELA","2026-05-11 08:30:47","","","","Aéreo","2026-05-11 08:30:47",""
"LedLosOlivares1685","","LED 150W","Los Olivares 1685","Los Trifolios","Con base en buenas condiciones","DOMINGUEZ GRACIELA","2026-05-11 08:36:15","","","","Aéreo","2026-05-11 08:36:15",""
"LedLosOlivares1520","","LED 150W","Los Olivares 1520","Los Trifolios","Con base en buenas condiciones","DOMINGUEZ GRACIELA","2026-05-11 08:40:29","","","","Aéreo","2026-05-11 08:40:29",""
"LedLosOlivares1565","","LED 150W","Los Olivares 1565","Los Trifolios","Con base en buenas condiciones","DOMINGUEZ GRACIELA","2026-05-11 08:43:10","","","","Aéreo","2026-05-11 08:43:10",""
"LedLosOlivares1465","","LED 150W","Los Olivares 1465","Los Trifolios","Con base en buenas condiciones","DOMINGUEZ GRACIELA","2026-05-11 08:46:10","","","","Aéreo","2026-05-11 08:46:10",""
"LedZapata1610","","LED 150W","Zapata 1610","Los Trifolios","Con base en buenas condiciones","DOMINGUEZ GRACIELA","2026-05-11 08:54:08","","","","Aéreo","2026-05-11 08:54:08",""
"LedZapata1635","","LED 150W","Zapata 1635","Los Trifolios","Con base en buenas condiciones","DOMINGUEZ GRACIELA","2026-05-11 08:58:52","","","","Aéreo","2026-05-11 08:58:52",""
"LedZapata1320","","LED 150W","Zapata 1320","Los Trifolios","Con base en buenas condiciones","DOMINGUEZ GRACIELA","2026-05-11 09:04:33","","","","Aéreo","2026-05-11 09:04:33",""
"LedZapata1375","","LED 150W","Zapata 1375","Los Trifolios","Con base en buenas condiciones","DOMINGUEZ GRACIELA","2026-05-11 09:06:36","","","","Aéreo","2026-05-11 09:06:36",""
"LedPabloStampa4025","","LED 150W","Pablo Stampa 4025","Los Trifolios","Con base en buenas condiciones","DOMINGUEZ GRACIELA","2026-05-11 09:22:57","","","","Aéreo","2026-05-11 09:22:57",""
"LedPabloStampa4080","","LED 150W","Pablo Stampa 4080","Los Trifolios","Con base en buenas condiciones","DOMINGUEZ GRACIELA","2026-05-11 09:26:53","","","","Aéreo","2026-05-11 09:26:53",""
"LedPabloStampa4125","","LED 150W","Pablo Stampa 4125","Los Trifolios","Con base en buenas condiciones","DOMINGUEZ GRACIELA","2026-05-11 09:29:41","","","","Aéreo","2026-05-11 09:29:41",""
"LedPabloStampa4170","","LED 150W","Pablo Stampa 4170","Los Trifolios","Con base en buenas condiciones","DOMINGUEZ GRACIELA","2026-05-11 09:32:27","","","","Aéreo","2026-05-11 09:32:27",""
"LedPabloStampa4225","","LED 150W","Pablo Stampa 4225","Los Trifolios","Con base en buenas condiciones","DOMINGUEZ GRACIELA","2026-05-11 09:36:31","","","","Aéreo","2026-05-11 09:36:31",""
"LedPabloStampa4280","","LED 150W","Pablo Stampa 4280","Los Trifolios","Con base en buenas condiciones","DOMINGUEZ GRACIELA","2026-05-11 09:39:59","","","","Aéreo","2026-05-11 09:39:59",""
"LedPabloStampa4335","","LED 150W","Pablo Stampa 4335","Los Trifolios","Con base en buenas condiciones","DOMINGUEZ GRACIELA","2026-05-11 09:44:20","","","","Aéreo","2026-05-11 09:44:20",""
"LedPabloStampa4360","","LED 150W","Pablo Stampa 4360","Los Trifolios","Con base en buenas condiciones","DOMINGUEZ GRACIELA","2026-05-11 09:53:23","","","","Aéreo","2026-05-11 09:53:23",""
"LedPabloStampa4405","","LED 150W","Pablo Stampa 4405","Los Trifolios","Con base en buenas condiciones","DOMINGUEZ GRACIELA","2026-05-11 09:56:50","","","","Aéreo","2026-05-11 09:56:50",""
"LedPabloStampa4490","","LED 150W","Pablo Stampa 4490","Los Trifolios","Con base en buenas condiciones","DOMINGUEZ GRACIELA","2026-05-11 09:59:53","","","","Aéreo","2026-05-11 09:59:53",""
"LedPabloStampa4525","","LED 150W","Pablo Stampa 4525","Los Trifolios","Con base en buenas condiciones","DOMINGUEZ GRACIELA","2026-05-11 10:05:25","","","","Aéreo","2026-05-11 10:05:25",""
"LedRivadavia4510","","LED 150W","Rivadavia 4510","Los Trifolios","Con base en buenas condiciones","DOMINGUEZ GRACIELA","2026-05-11 10:21:56","","","","Aéreo","2026-05-11 10:21:56",""
"LedRivadavia4580","","LED 150W","Rivadavia 4580","Los Trifolios","Con base en buenas condiciones","DOMINGUEZ GRACIELA","2026-05-11 10:23:36","","","","Aéreo","2026-05-11 10:23:36",""
"LedRivadavia4420","","LED 150W","Rivadavia 4420","Los Trifolios","Con base en buenas condiciones","DOMINGUEZ GRACIELA","2026-05-11 10:33:52","","","","Aéreo","2026-05-11 10:33:52",""
"LedRivadavia4350","","LED 150W","Rivadavia 4350","Los Trifolios","Con base en buenas condiciones","DOMINGUEZ GRACIELA","2026-05-11 10:42:34","","","","Aéreo","2026-05-11 10:42:34",""
"LedRivadavia4230","","LED 150W","Rivadavia 4230","Los Trifolios","Con base en buenas condiciones","DOMINGUEZ GRACIELA","2026-05-11 10:50:14","","","","Aéreo","2026-05-11 10:50:14",""
"LedRivadavia4280","","LED 150W","Rivadavia 4280","Los Trifolios","Con base en buenas condiciones","DOMINGUEZ GRACIELA","2026-05-11 10:52:29","","","","Aéreo","2026-05-11 10:52:29",""
"LedPellegrini1990","","LED 150W","Pellegrini 1990","Sacachispas","Con base en buenas condiciones","Emanuel Noriega Sosa","2026-05-12 10:09:36","","","","Aéreo","2026-05-11 16:56:05",""
"LedPellegrini1925","","LED 150W","Pellegrini 1925","Santa Rosa","Con base en buenas condiciones","Emanuel Noriega Sosa","2026-05-11 16:57:41","","","","Aéreo","2026-05-11 16:57:41",""
"LedPellegrini1870","","LED 150W","Pellegrini 1870","Sacachispas","Con base en buenas condiciones","Emanuel Noriega Sosa","2026-05-12 10:09:59","","","","Aéreo","2026-05-11 16:59:27",""
"LedPellegrini1845","","LED 150W","Pellegrini 1845","Santa Rosa","Con base en buenas condiciones","Emanuel Noriega Sosa","2026-05-11 17:00:50","","","","Aéreo","2026-05-11 17:00:50",""
"LedPellegrini1760","","LED 150W","Pellegrini 1760","Sacachispas","Con base en buenas condiciones","Emanuel Noriega Sosa","2026-05-12 10:10:24","","","","Aéreo","2026-05-11 17:02:41",""
"LedPellegrini1720","","LED 150W","Pellegrini 1720","Sacachispas","Sin base","Emanuel Noriega Sosa","2026-05-12 10:10:38","","","","Aéreo","2026-05-11 17:03:47",""
"LedSalta1685","","LED 150W","Salta 1685","Santa Rosa","Con base en buenas condiciones","Emanuel Noriega Sosa","2026-05-11 17:08:50","","","","Aéreo","2026-05-11 17:08:50",""
"LedSalta1630","","LED 150W","Salta 1630","Santa Rosa","Con base en buenas condiciones","Emanuel Noriega Sosa","2026-05-11 17:10:09","","","","Aéreo","2026-05-11 17:10:09",""
"LedSalta1599","","LED 150W","Salta 1599","Santa Rosa","Con base en buenas condiciones","Emanuel Noriega Sosa","2026-05-11 17:11:24","","","","Aéreo","2026-05-11 17:11:24",""
"LedSalta1525","","LED 150W","Salta 1525","Santa Rosa","Con base en buenas condiciones","Emanuel Noriega Sosa","2026-05-11 17:14:04","","","","Aéreo","2026-05-11 17:14:04",""
"LedSalta1470","","LED 150W","Salta 1470","Santa Rosa","Con base en buenas condiciones","Emanuel Noriega Sosa","2026-05-11 17:16:32","","","","Aéreo","2026-05-11 17:16:32",""
"LedSalta1435","","LED 150W","Salta 1435","Santa Rosa","Con base en buenas condiciones","Emanuel Noriega Sosa","2026-05-11 17:18:52","","","","Aéreo","2026-05-11 17:18:52",""
"LedSalta1285","","LED 150W","Salta 1285","Santa Rosa","Con base en buenas condiciones","Emanuel Noriega Sosa","2026-05-11 17:20:27","","","","Aéreo","2026-05-11 17:20:27",""
"LedSalta1210","","LED 150W","Salta 1210","Santa Rosa","Sin base","Emanuel Noriega Sosa","2026-05-11 17:21:33","","","","Aéreo","2026-05-11 17:21:33",""
"LedSalta1175","","LED 150W","Salta 1175","Santa Rosa","Con base en buenas condiciones","Emanuel Noriega Sosa","2026-05-11 17:23:29","","","","Aéreo","2026-05-11 17:23:29",""
"LedSalta1120","","LED 150W","Salta 1120","Santa Rosa","Con base en buenas condiciones","Emanuel Noriega Sosa","2026-05-11 17:24:50","","","","Aéreo","2026-05-11 17:24:50",""
"LedSalta1080","","LED 150W","Salta 1080","Santa Rosa","Con base en buenas condiciones","Emanuel Noriega Sosa","2026-05-12 17:24:14","","","","Aéreo","2026-05-11 17:27:41",""
"LedPeru1360","","LED 150W","Peru 1360","Chaco","Con base en buenas condiciones","Emanuel Noriega Sosa","2026-05-12 09:55:36","","","","Aéreo","2026-05-11 17:41:31",""
"LedPeru1335","","LED 150W","Peru 1335","Chaco","Con base en buenas condiciones","Emanuel Noriega Sosa","2026-05-12 09:55:58","","","","Aéreo","2026-05-11 17:42:47",""
"LedPeru1280","","LED 150W","Peru 1280","Chaco","Con base en buenas condiciones","Emanuel Noriega Sosa","2026-05-12 10:01:16","","","","Aéreo","2026-05-11 17:44:03",""
"LedPeru1235","","LED 150W","Peru 1235","Chaco","Con base en buenas condiciones","Emanuel Noriega Sosa","2026-05-12 10:01:44","","","","Aéreo","2026-05-11 17:45:35",""
"LedPeru1050","","LED 150W","Peru 1050","Chaco","Con base en buenas condiciones","Emanuel Noriega Sosa","2026-06-29 08:24:02","","","R/065166","Aéreo","2026-05-11 17:48:49",""
"","","","","","","","","","","","","","Se cambio luminaria INGEMAR y fotocelula LUNMIA"
"LedPjeLasMadres1050","","LED 150W","Pasaje Las Madres 1050","Chaco","Con base en buenas condiciones","Emanuel Noriega Sosa","2026-05-11 17:53:13","","","","Aéreo","2026-05-11 17:50:55",""
"LedPjeLasMadres1005","","LED 150W","Pasaje Las Madres 1005","Chaco","Con base en buenas condiciones","Emanuel Noriega Sosa","2026-05-11 17:52:55","","","","Aéreo","2026-05-11 17:52:55",""
"LedPjeLasMadres1145","","LED 150W","Pasaje Las Madres 1145","Chaco","Con base en buenas condiciones","Emanuel Noriega Sosa","2026-05-11 17:54:58","","","","Aéreo","2026-05-11 17:54:58",""
"LedIslasMalvinas1090","","LED 150W","Islas Malvinas 1090","Chaco","Con base en buenas condiciones","Emanuel Noriega Sosa","2026-06-18 08:57:57","","","","Aéreo","2026-05-11 17:57:47","Cambio de 1 luminaria IGEMAR, fusible, 5mts de cable, morceto neutro y porfa fusible, se volvio a reconectar "
"LedIslasMalvinas1039","","LED 150W","Islas Malvinas 1039","Chaco","Con base en buenas condiciones","Emanuel Noriega Sosa","2026-05-11 18:00:28","","","","Aéreo","2026-05-11 18:00:28",""
"LedIslasMalvinas1115","","LED 150W","Islas Malvinas 1115","Chaco","Con base en buenas condiciones","Emanuel Noriega Sosa","2026-05-11 18:01:54","","","","Aéreo","2026-05-11 18:01:54",""
"LedIslasMalvinas1260","","LED 150W","Islas Malvinas 1260","Chaco","Sin base","Emanuel Noriega Sosa","2026-05-11 18:03:08","","","","Aéreo","2026-05-11 18:03:08",""
"LedAvIglesias1010","","LED 150W","Avenida Jose Iglesias 1010","Villa Libertad","Sin base","Emanuel Noriega Sosa","2026-05-14 08:51:49","","","","Aéreo","2026-05-11 18:06:44",""
"LedAvIglesias1085","","LED 150W","Avenida Jose Iglesias 1085","Villa Libertad","Sin base","Emanuel Noriega Sosa","2026-05-14 08:51:59","","","","Aéreo","2026-05-11 18:13:48",""
"LedChile1150","","LED 150W","Chile 1150","Chaco","Con base en buenas condiciones","Emanuel Noriega Sosa","2026-05-11 18:16:27","","","","Aéreo","2026-05-11 18:16:27",""
"LedAlberdi1930","","LED 150W","Alberdi 1930","Santa Rosa","Con base en buenas condiciones","Ana Celina Pozzi","2026-05-12 09:27:18","","","","Aéreo","2026-05-12 09:27:18",""
"LedAlberdi1960","","LED 150W","Alberdi 1960","Santa Rosa","Con base en buenas condiciones","Ana Celina Pozzi","2026-05-12 09:27:47","","","","Aéreo","2026-05-12 09:27:47",""
"LedPeru1695","","LED 150W","Peru 1695","Chaco","Con base en buenas condiciones","Emanuel Noriega Sosa","2026-06-30 10:23:36","","","","Aéreo","2026-05-12 17:05:36","cambio de luminaria INGEMAR"
"LedPeru1610","","LED 150W","Peru 1610","Chaco","Con base en buenas condiciones","Emanuel Noriega Sosa","2026-05-12 17:06:45","","","","Aéreo","2026-05-12 17:06:45",""
"LedPeru1575","True","LED 150W","Peru 1575","Chaco","Con base en buenas condiciones","Emanuel Noriega Sosa","2026-05-12 17:10:58","","","","Aéreo","2026-05-12 17:08:47",""
"LedPeru1530","","LED 150W","Peru 1530","Chaco","Con base en buenas condiciones","Emanuel Noriega Sosa","2026-05-12 17:10:40","","","","Aéreo","2026-05-12 17:10:40",""
"LedPeru1451","","LED 150W","Peru 1451","Chaco","Con base en buenas condiciones","Emanuel Noriega Sosa","2026-05-12 17:13:14","","","","Aéreo","2026-05-12 17:13:14",""
"LedPeru1414","","LED 150W","Peru 1414","Chaco","Con base en buenas condiciones","Emanuel Noriega Sosa","2026-05-12 17:14:39","","","","Aéreo","2026-05-12 17:14:39",""
"LedAvIglesias1350","","LED 150W","Avenida Jose Iglesias 1350","Villa Libertad","Sin base","Emanuel Noriega Sosa","2026-05-14 08:51:01","","","","Aéreo","2026-05-12 17:26:25",""
"LedAvIglesias1340","","LED 150W","Avenida Jose Iglesias 1340","Villa Libertad","Con base en buenas condiciones","Emanuel Noriega Sosa","2026-05-14 08:50:28","","","","Aéreo","2026-05-12 17:27:35",""
"LedAvIglesias1330","","LED 150W","Avenida Jose Iglesias 1330","Villa Libertad","Sin base","Emanuel Noriega Sosa","2026-05-14 08:50:38","","","","Aéreo","2026-05-12 17:28:47",""
"LedAvIglesias1310","","LED 150W","Avenida Jose Iglesias 1310","Villa Libertad","Con base en buenas condiciones","Emanuel Noriega Sosa","2026-05-14 08:50:45","","","","Aéreo","2026-05-12 17:29:39",""
"LedAvIglesias1260","","LED 150W","Avenida Jose Iglesias 1260","Villa Libertad","Sin base","Emanuel Noriega Sosa","2026-05-14 08:46:05","","","","Aéreo","2026-05-12 17:31:40",""
"LedAvIglesias1210","","LED 150W","Avenida Jose Iglesias 1210","Villa Libertad","Sin base","Emanuel Noriega Sosa","2026-05-14 08:46:17","","","","Aéreo","2026-05-12 17:32:53",""
"LedAvIglesias1420","","LED 150W","Avenida Jose Iglesias 1420","Villa Libertad","Con base en buenas condiciones","Emanuel Noriega Sosa","2026-05-14 08:46:37","","","","Aéreo","2026-05-12 17:36:49",""
"LedAvIglesias1440","","LED 150W","Avenida Jose Iglesias 1440","Villa Libertad","Con base en buenas condiciones","Emanuel Noriega Sosa","2026-05-14 08:47:35","","","","Aéreo","2026-05-12 17:37:43",""
"LedAvIglesias1480","","LED 150W","Avenida Jose Iglesias 1480","Villa Libertad","Con base en buenas condiciones","Emanuel Noriega Sosa","2026-05-14 08:49:33","","","","Aéreo","2026-05-12 17:39:05",""
"LedAvIglesias1550","","LED 150W","Avenida Jose Iglesias 1550","Villa Libertad","Sin base","Emanuel Noriega Sosa","2026-05-14 08:49:25","","","","Aéreo","2026-05-12 17:42:11",""
"LedAvIglesias1602","","LED 150W","Avenida Jose Iglesias 1602","Villa Libertad","Sin base","Emanuel Noriega Sosa","2026-05-14 08:48:47","","","","Aéreo","2026-05-12 17:43:45",""
"LedAvIglesias1670","","LED 150W","Avenida Jose Iglesias 1670","Villa Libertad","Con base en buenas condiciones","Emanuel Noriega Sosa","2026-05-14 08:49:12","","","","Aéreo","2026-05-12 17:45:29",""
"LedChile1675","","LED 150W","Chile 1675","Chaco","Con base en buenas condiciones","Emanuel Noriega Sosa","2026-05-12 17:48:18","","","","Aéreo","2026-05-12 17:48:18",""
"LedChile1624","","LED 150W","Chile 1624","Chaco","Con base en buenas condiciones","Emanuel Noriega Sosa","2026-05-12 17:49:33","","","","Aéreo","2026-05-12 17:49:33",""
"LedChile1575","","LED 150W","Chile 1575","Chaco","Sin base","Emanuel Noriega Sosa","2026-05-12 17:51:06","","","","Aéreo","2026-05-12 17:51:06",""
"LedChile1540","","LED 150W","Chile 1540","Chaco","Con base en buenas condiciones","Emanuel Noriega Sosa","2026-05-12 17:52:03","","","","Aéreo","2026-05-12 17:52:03",""
"LedChile1473","","LED 150W","Chile 1473","Chaco","Con base en buenas condiciones","Emanuel Noriega Sosa","2026-05-12 18:48:10","","","","Aéreo","2026-05-12 17:53:23",""
"LedIslasMalvinas1425","","LED 150W","Islas Malvinas 1425","Chaco","Con base en buenas condiciones","Emanuel Noriega Sosa","2026-05-12 17:57:39","","","","Aéreo","2026-05-12 17:57:39",""
"LedIslasMalvinas1488","","LED 150W","Islas Malvinas 1488","Chaco","Con base en buenas condiciones","Emanuel Noriega Sosa","2026-05-12 17:59:25","","","","Aéreo","2026-05-12 17:59:25",""
"LedIslasMalvinas1535","","LED 150W","Islas Malvinas 1535","Chaco","Con base en buenas condiciones","Emanuel Noriega Sosa","2026-05-12 18:00:24","","","","Aéreo","2026-05-12 18:00:24",""
"LedIslasMalvinas1560","","LED 150W","Islas Malvinas 1560","Chaco","Con base en buenas condiciones","Emanuel Noriega Sosa","2026-05-12 18:01:35","","","","Aéreo","2026-05-12 18:01:35",""
"LedIslasMalvinas1615","","LED 150W","Islas Malvinas 1615","Chaco","Sin base","Emanuel Noriega Sosa","2026-05-12 18:02:31","","","","Aéreo","2026-05-12 18:02:31",""
"LedIslasMalvinas1685","","LED 150W","Islas Malvinas 1685","Chaco","Sin base","Emanuel Noriega Sosa","2026-05-12 18:04:04","","","","Aéreo","2026-05-12 18:04:04",""
"LedPanchoRamirez1395","","LED 150W","Pancho Ramirez 1395","Chaco","Con base en buenas condiciones","Ana Celina Pozzi","2026-05-13 07:40:03","","","","Aéreo","2026-05-13 07:37:15",""
"LedPanchoRamirez1350","","LED 150W","Pancho Ramirez 1350","Chaco","Con base en buenas condiciones","Ana Celina Pozzi","2026-05-13 07:39:51","","","","Aéreo","2026-05-13 07:39:51",""
"LedPanchoRamirez1270","","LED 150W","Pancho Ramirez 1270","Chaco","Con base en buenas condiciones","Ana Celina Pozzi","2026-06-29 08:39:44","","","","Aéreo","2026-05-13 07:46:47","cambio de cable de conexión TPR 2X1.5 (5mts) y cambio de morceto neutro"
"LedPanchoRamirez1220","","LED 150W","Pancho Ramirez 1220","Chaco","Con base en buenas condiciones","Ana Celina Pozzi","2026-05-13 07:47:24","","","","Aéreo","2026-05-13 07:47:24",""
"LedPanchoRamirez1190","","LED 150W","Pancho Ramirez 1190","Chaco","Con base en buenas condiciones","Ana Celina Pozzi","2026-05-13 07:48:32","","","","Aéreo","2026-05-13 07:48:32",""
"LedPanchoRamirez1160","","LED 150W","Pancho Ramirez 1160","Chaco","Con base en buenas condiciones","Ana Celina Pozzi","2026-05-13 07:49:31","","","","Aéreo","2026-05-13 07:49:31",""
"LedPanchoRamirez1120","","LED 150W","Pancho Ramirez 1120","Chaco","Sin base","Ana Celina Pozzi","2026-05-13 07:50:24","","","","Aéreo","2026-05-13 07:50:19",""
"LedPanchoRamirez1080","","LED 150W","Pancho Ramirez 1080","Chaco","Sin base","Ana Celina Pozzi","2026-05-13 07:51:17","","","","Aéreo","2026-05-13 07:51:17",""
"LedPanchoRamirez1002","","LED 150W","Pancho Ramirez 1002","Chaco","Sin base","Ana Celina Pozzi","2026-05-13 07:52:02","","","","Aéreo","2026-05-13 07:52:02",""
"Led3DeFebrero4085","","LED 150W","3 De Febrero 4085","Los Trifolios","Con base en buenas condiciones","DOMINGUEZ GRACIELA","2026-05-13 08:22:28","","","","Aéreo","2026-05-13 08:22:28",""
"LedAlberdi1050","","LED 150W","Alberdi 1050","Chaco","Sin base","Ana Celina Pozzi","2026-05-13 08:23:46","","","","Aéreo","2026-05-13 08:23:46",""
"LedAlberdi1135","","LED 150W","Alberdi 1135","Chaco","Con base en buenas condiciones","Ana Celina Pozzi","2026-05-13 08:32:19","","","","Aéreo","2026-05-13 08:24:35",""
"Led3DeFebrero4135","","LED 150W","3 De Febrero 4135","Los Trifolios","Con base en buenas condiciones","DOMINGUEZ GRACIELA","2026-05-13 08:26:05","","","","Aéreo","2026-05-13 08:26:05",""
"Led3DeFebrero4175","","LED 150W","3 De Febrero 4175","Los Trifolios","Con base en buenas condiciones","DOMINGUEZ GRACIELA","2026-05-13 08:29:29","","","","Aéreo","2026-05-13 08:29:29",""
"LedAlberdi1190","","LED 150W","Alberdi 1190","Chaco","Sin base","Ana Celina Pozzi","2026-05-13 08:33:24","","","","Aéreo","2026-05-13 08:33:24",""
"Led3DeFebrero4255","","LED 150W","3 De Febrero 4255","Los Trifolios","Con base en buenas condiciones","DOMINGUEZ GRACIELA","2026-05-13 08:33:25","","","","Aéreo","2026-05-13 08:33:25",""
"Led3DeFebrero4350","","LED 150W","3 De Febrero 4350","Los Trifolios","Con base en buenas condiciones","DOMINGUEZ GRACIELA","2026-05-13 08:37:42","","","","Aéreo","2026-05-13 08:37:42",""
"Led3DeFebrero4430","","LED 150W","3 De Febrero 4430","Los Trifolios","Con base en buenas condiciones","DOMINGUEZ GRACIELA","2026-05-13 10:16:33","","","","Aéreo","2026-05-13 08:41:30",""
"Led3DeFebrero4490","","LED 150W","3 De Febrero 4490","Los Trifolios","Con base en buenas condiciones","DOMINGUEZ GRACIELA","2026-05-13 08:46:58","","","","Aéreo","2026-05-13 08:46:58",""
"LedEntreRios4285","","LED 150W","Entre Ríos 4285","Los Trifolios","Con base en buenas condiciones","DOMINGUEZ GRACIELA","2026-05-13 10:29:19","","","","Aéreo","2026-05-13 08:55:07",""
"LedEntreRios4250","","LED 150W","Entre Ríos 4250","Los Trifolios","Con base en buenas condiciones","DOMINGUEZ GRACIELA","2026-05-13 10:28:42","","","","Aéreo","2026-05-13 09:02:14",""
"LedEntreRios4225","","LED 150W","Entre Ríos 4225","Los Trifolios","Con base en buenas condiciones","DOMINGUEZ GRACIELA","2026-05-13 09:49:39","","","","Aéreo","2026-05-13 09:10:23",""
"LedEntreRios4170","","LED 150W","Entre Ríos:4170","Los Trifolios","Con base en buenas condiciones","DOMINGUEZ GRACIELA","2026-05-13 10:36:15","","","","Aéreo","2026-05-13 09:15:00",""
"LedEntreRios4040","","LED 150W","Entre rios4040","Los Trifolios","Con base en buenas condiciones","DOMINGUEZ GRACIELA","2026-05-13 10:35:56","","","","Aéreo","2026-05-13 09:18:25",""
"LedAlberdi4080","","LED 150W","Alberdi 4080","Los Trifolios","Con base en buenas condiciones","DOMINGUEZ GRACIELA","2026-05-13 09:22:13","","","","Aéreo","2026-05-13 09:22:13",""
"LedAlberdi4110","","LED 150W","Alberdi 4110","Los Trifolios","Con base en buenas condiciones","DOMINGUEZ GRACIELA","2026-05-13 09:25:31","","","","Aéreo","2026-05-13 09:25:31",""
"LedSaenzPeña4025","","LED 150W","Saenz Peña 4025","Los Trifolios","Con base en buenas condiciones","DOMINGUEZ GRACIELA","2026-05-13 10:24:41","","","","Aéreo","2026-05-13 09:28:39",""
"LedSaenzPeña4075","","LED 150W","Saenz Peña 4075","Los Trifolios","Con base en buenas condiciones","DOMINGUEZ GRACIELA","2026-05-13 09:30:33","","","","Aéreo","2026-05-13 09:30:33",""
"LedSaenzPeña4115","","LED 150W","Saenz Peña 4115","Los Trifolios","Con base en buenas condiciones","DOMINGUEZ GRACIELA","2026-05-13 09:32:22","","","","Aéreo","2026-05-13 09:32:22",""
"LedSaenzPeña4175","","LED 150W","Saenz Peña 4175","Los Trifolios","Con base en buenas condiciones","DOMINGUEZ GRACIELA","2026-05-13 09:34:37","","","","Aéreo","2026-05-13 09:34:37",""
"LedAlberdi1230","","LED 150W","Alberdi 1230","Chaco","Sin base","Ana Celina Pozzi","2026-05-13 09:35:17","","","","Aéreo","2026-05-13 09:35:17",""
"LedAlberdi1280","","LED 150W","Alberdi 1280","Chaco","Con base en buenas condiciones","Ana Celina Pozzi","2026-07-31 08:40:03","","","","Aéreo","2026-05-13 09:36:03","Cambio de luminaria IGEMAR y fotocélula LUMNIA"
"LedAlberdi1335","","LED 150W","Alberdi 1335","Chaco","Con base en buenas condiciones","Ana Celina Pozzi","2026-05-13 09:37:07","","","","Aéreo","2026-05-13 09:37:07",""
"LedAlberdi1380","","LED 150W","Alberdi 1380","Chaco","Con base en buenas condiciones","Ana Celina Pozzi","2026-05-13 09:39:05","","","","Aéreo","2026-05-13 09:39:05",""
"LedSaenzPeña1385","","LED 150W","Saenz Peña 1385","Chaco","Con base en buenas condiciones","Ana Celina Pozzi","2026-05-13 09:44:15","","","","Aéreo","2026-05-13 09:44:15",""
"LedSaenzPeña1330","","LED 150W","Saenz Peña 1330","Chaco","Con base en buenas condiciones","Ana Celina Pozzi","2026-05-13 09:45:17","","","","Aéreo","2026-05-13 09:45:17",""
"LedSaenzPeña1289","","LED 150W","Saenz Peña 1289","Chaco","Con base en buenas condiciones","Ana Celina Pozzi","2026-05-13 09:47:44","","","","Aéreo","2026-05-13 09:46:30",""
"LedSaenzPeña1230","","LED 150W","Saenz Peña 1230","Chaco","Con base en buenas condiciones","Ana Celina Pozzi","2026-05-13 09:48:34","","","","Aéreo","2026-05-13 09:48:34",""
"LedSaenzPeña1195","","LED 150W","Saenz Peña 1195","Chaco","Con base en buenas condiciones","Ana Celina Pozzi","2026-05-13 09:51:39","","","","Aéreo","2026-05-13 09:51:39",""
"LedSaenzPeña1155","","LED 150W","Saenz Peña 1155","Chaco","Con base en buenas condiciones","Ana Celina Pozzi","2026-05-13 09:52:19","","","","Aéreo","2026-05-13 09:52:19",""
"LedSaenzPeña1065","","LED 150W","Saenz Peña 1065","Chaco","Con base en buenas condiciones","Ana Celina Pozzi","2026-05-13 09:53:14","","","","Aéreo","2026-05-13 09:53:14",""
"LedPjePuertoArgentino1160","","LED 150W","Pje Puerto Argentino 1160","Chaco","Con base en buenas condiciones","Ana Celina Pozzi","2026-05-13 09:54:19","","","","Aéreo","2026-05-13 09:54:19",""
"LedSaenzPeña1870","","LED 150W","Sáenz Peña 1870","Salto","Con base en malas condiciones","Hernan Santiago Silva","2026-05-13 10:08:12","","","","Aéreo","2026-05-13 10:04:33",""
"LedSaenzPeña1810","","LED 150W","Sáenz Peña 1810","Salto","Con base en buenas condiciones","Hernan Santiago Silva","2026-05-13 10:11:51","","","","Aéreo","2026-05-13 10:11:51",""
"LedPresbiteroFochesatto1120","","LED 150W","Presbítero Fochasatto 1120","Salto","Con base en malas condiciones","Hernan Santiago Silva","2026-05-13 10:56:58","","","","Aéreo","2026-05-13 10:18:47",""
"LedAvYrigoyen1680","","LED 150W","Av Yrigoyen 1680","Salto","Sin base","Hernan Santiago Silva","2026-05-14 10:02:04","","","","Subterráneo","2026-05-13 10:32:50",""
"LedAvYrigoyen1620","","LED 150W","Av Yrigoyen 1620","Salto","Sin base","Hernan Santiago Silva","2026-05-13 11:24:35","","","","Subterráneo","2026-05-13 10:35:12",""
"LedAv25deMayo1110","","LED 150W","Av 25 de Mayo 1110","Salto","Sin base","Hernan Santiago Silva","2026-05-13 11:08:25","","","","Subterráneo","2026-05-13 10:37:46",""
"LedAvYrigoyen1624","","LED 150W","Av Yrigoyen 1624","Salto","Sin base","Alejandro Saposnik","2026-05-13 13:10:14","","","","Subterráneo","2026-05-13 11:25:22",""
"LedAvYrigoyen1684","","LED 150W","Av Yrigoyen 1684","Salto","Sin base","Alejandro Saposnik","2026-05-14 10:02:12","","","","Subterráneo","2026-05-13 11:25:22",""
"LedAv9deJulio1395","","LED 150W","Av 9 de Julio 1395","Chaco","Con base en buenas condiciones","Ana Celina Pozzi","2026-07-20 09:51:18","","","","Aéreo","2026-05-13 17:49:34",""
"LedAv9deJulio1301","","LED 150W","Av 9 de Julio 1301","Chaco","Sin base","Ana Celina Pozzi","2026-05-13 17:52:00","","","","Aéreo","2026-05-13 17:52:00",""
"LedAv9deJulio1345","","LED 150W","Avenida 9 de Julio 1345","Chaco","Con base en buenas condiciones","Emanuel Noriega Sosa","2026-05-13 17:52:16","","","","Aéreo","2026-05-13 17:52:16",""
"LedAv9deJulio1275","","LED 150W","Avenida 9 de Julio 1275","Chaco","Con base en buenas condiciones","Emanuel Noriega Sosa","2026-05-13 17:54:28","","","","Aéreo","2026-05-13 17:54:28",""
"LedAv9deJulio1235","","LED 150W","9 de Julio 1235","Chaco","Con base en buenas condiciones","Ana Celina Pozzi","2026-05-13 17:55:22","","","","Aéreo","2026-05-13 17:55:22",""
"LedAv9deJulio1185","","LED 150W","Avenida 9 de Julio 1185","Chaco","Con base en buenas condiciones","Emanuel Noriega Sosa","2026-05-13 17:58:06","","","","Aéreo","2026-05-13 17:55:51",""
"LedAv9deJulio1135","","LED 150W","Av 9 de Julio 1135","Chaco","Con base en buenas condiciones","Ana Celina Pozzi","2026-05-13 17:59:58","","","","Aéreo","2026-05-13 17:59:58",""
"LedAv9deJulio1005","","LED 150W","Av 9 de Julio 1005","Chaco","Con base en buenas condiciones","Ana Celina Pozzi","2026-05-13 18:03:41","","","","Aéreo","2026-05-13 18:02:08",""
"LedAv9deJulio1095","","LED 150W","Avenida 9 de Julio 1095","Chaco","Con base en buenas condiciones","Emanuel Noriega Sosa","2026-05-13 18:02:36","","","","Aéreo","2026-05-13 18:02:36",""
"LedAv9deJulio995","","LED 150W","Avenida 9 de Julio 995","Villa Libertad","Con base en buenas condiciones","Emanuel Noriega Sosa","2026-05-14 08:41:54","","","","Aéreo","2026-05-13 18:06:22",""
"LedAv9deJulio955","","LED 150W","Av 9 de Julio 956","Villa Libertad","Con base en buenas condiciones","Ana Celina Pozzi","2026-05-14 08:41:42","","","","Aéreo","2026-05-13 18:08:29",""
"LedAv9deJulio875","","LED 150W","Av 9 de Julio 875","Villa Libertad","Con base en buenas condiciones","Ana Celina Pozzi","2026-05-14 08:41:37","","","","Aéreo","2026-05-13 18:12:55",""
"LedAv9deJulio887","","LED 150W","Avenida 9 de Julio 887","Villa Libertad","Con base en buenas condiciones","Emanuel Noriega Sosa","2026-05-14 08:41:32","","","","Aéreo","2026-05-13 18:14:10",""
"LedAv9deJulio925","","LED 150W","Av 9 de Julio 925","Villa Libertad","Con base en buenas condiciones","Ana Celina Pozzi","2026-05-14 08:41:26","","","","Aéreo","2026-05-13 18:15:13",""
"LedAv9deJulio833","","LED 150W","Avenida 9 de Julio 833","Villa Libertad","Con base en buenas condiciones","Emanuel Noriega Sosa","2026-05-14 08:41:22","","","","Aéreo","2026-05-13 18:15:23",""
"LedAv9deJulio825","","LED 150W","Av 9 de Julio 825","Villa Libertad","Sin base","Ana Celina Pozzi","2026-05-14 08:41:18","","","","Aéreo","2026-05-13 18:18:54",""
"LedAv9deJulio885","","LED 150W","Avenida 9 de Julio 885","Villa Libertad","Con base en buenas condiciones","Emanuel Noriega Sosa","2026-05-14 08:41:14","","","","Aéreo","2026-05-13 18:18:59",""
"LedAv9deJulio805","","LED 150W","Av 9 de Julio 805","Villa Libertad","Con base en buenas condiciones","Ana Celina Pozzi","2026-05-14 08:41:09","","","","Aéreo","2026-05-13 18:20:28",""
"LedAv9deJulio795","","LED 150W","Avenida 9 de Julio 795","Villa Libertad","Con base en buenas condiciones","Emanuel Noriega Sosa","2026-05-14 08:41:05","","","","Aéreo","2026-05-13 18:21:36",""
"LedAv9deJulio757","","LED 150W","Av 9 de Julio 757","Villa Libertad","Con base en buenas condiciones","Ana Celina Pozzi","2026-05-14 08:41:00","","","","Aéreo","2026-05-13 18:23:28",""
"LedAv9deJulio815","","LED 150W","Avenida 9 de Julio 815","Villa Libertad","Con base en buenas condiciones","Emanuel Noriega Sosa","2026-05-14 08:40:48","","","","Aéreo","2026-05-13 18:24:11",""
"LedAv9deJulio580","","LED 150W","Avenida 9 de Julio 580","Villa Libertad","Sin base","Emanuel Noriega Sosa","2026-05-14 08:40:42","","","","Aéreo","2026-05-13 18:25:42",""
"LedAv9deJulio500","","LED 150W","Avenida 9 de Julio 500","Villa Libertad","Con base en buenas condiciones","Emanuel Noriega Sosa","2026-05-14 08:40:37","","","","Aéreo","2026-05-13 18:28:20",""
"LedAv9deJulio","","LED 150W","Av 9 de Julio 601","Villa Libertad","Con base en buenas condiciones","Ana Celina Pozzi","2026-05-14 08:40:27","","","","Aéreo","2026-05-13 18:29:30",""
"LedPabloStampaS/N","","LED 150W","Pablo Stampa Sin Número","Villa Libertad","Con base en buenas condiciones","Emanuel Noriega Sosa","2026-05-14 16:54:25","","","","Aéreo","2026-05-14 16:54:25",""
"LedSinNombre1529","","LED 150W","Sin Nombre 1529","Villa Libertad","Con base en malas condiciones","Emanuel Noriega Sosa","2026-05-14 16:58:18","","","","Aéreo","2026-05-14 16:58:18",""
"LedSinNombre1519","","LED 150W","Sin Nombre 1519","Villa Libertad","Con base en buenas condiciones","Emanuel Noriega Sosa","2026-05-14 16:59:45","","","","Aéreo","2026-05-14 16:59:45",""
"LedSinNombre1509","True","LED 150W","Sin Nombre 1509","Villa Libertad","Con base en buenas condiciones","Emanuel Noriega Sosa","2026-05-14 17:01:00","","","","Aéreo","2026-05-14 17:01:00",""
"LedSinNombre1415","","LED 150W","Sin Nombre 1415","Villa Libertad","Con base en buenas condiciones","Emanuel Noriega Sosa","2026-05-14 17:01:52","","","","Aéreo","2026-05-14 17:01:52",""
"LedNestorBrarda1415","","LED 150W","Nestor Brarda 1415","Villa Libertad","Con base en buenas condiciones","Emanuel Noriega Sosa","2026-05-14 17:04:20","","","","Aéreo","2026-05-14 17:04:20",""
"LedNestorBrarda1584","","LED 150W","Nestor Brarda 1584","Villa Libertad","Con base en buenas condiciones","Emanuel Noriega Sosa","2026-05-14 17:06:41","","","","Aéreo","2026-05-14 17:06:41",""
"LedNestorBrarda1529","","LED 150W","Nestor Brarda 1529","Villa Libertad","Con base en buenas condiciones","Emanuel Noriega Sosa","2026-05-14 17:08:20","","","","Aéreo","2026-05-14 17:08:20",""
"LedNestorBrardaSN1","","LED 150W","Nestor Brarda SN 1","Villa Libertad","Sin base","Emanuel Noriega Sosa","2026-05-15 08:22:06","","","","Aéreo","2026-05-14 17:11:06",""
"LedNestorBrardaSN2","","LED 150W","Nestor Brarda SN 2","Villa Libertad","Sin base","Emanuel Noriega Sosa","2026-05-15 08:24:44","","","","Aéreo","2026-05-14 17:11:08",""
"LedPabloStampa1060","","LED 150W","Pablo Stampa 1060","Chaco","Con base en buenas condiciones","Ana Celina Pozzi","2026-05-15 08:12:27","","","","Aéreo","2026-05-15 07:32:58",""
"LedPabloStampa1125","","LED 150W","Pablo Stampa 1125","Chaco","Sin base","Ana Celina Pozzi","2026-05-15 08:13:48","","","","Aéreo","2026-05-15 08:13:48",""
"LedPabloStampa1180","","LED 150W","Pablo Stampa 1180","Chaco","Con base en buenas condiciones","Ana Celina Pozzi","2026-05-15 08:14:47","","","","Aéreo","2026-05-15 08:14:47",""
"LedPabloStampa1225","True","LED 150W","Pablo Stampa 1225","Chaco","Con base en buenas condiciones","Ana Celina Pozzi","2026-05-15 08:16:15","","","","Aéreo","2026-05-15 08:16:15",""
"LedPabloStampa1270","","LED 150W","Pablo Stampa 1270","Chaco","Con base en buenas condiciones","Ana Celina Pozzi","2026-05-15 08:16:59","","","","Aéreo","2026-05-15 08:16:59",""
"LedPabloStampa1325","True","LED 150W","Pablo Stampa 1325","Chaco","Con base en buenas condiciones","Ana Celina Pozzi","2026-05-15 08:17:54","","","","Aéreo","2026-05-15 08:17:54",""
"LedPabloStampa1366","","LED 150W","Pablo Stampa 1366","Chaco","Con base en buenas condiciones","Ana Celina Pozzi","2026-05-15 08:18:39","","","","Aéreo","2026-05-15 08:18:39",""
"LedRivadavia1365","","LED 150W","Rivadavia 1365","Chaco","Con base en buenas condiciones","Ana Celina Pozzi","2026-05-15 08:19:44","","","","Aéreo","2026-05-15 08:19:44",""
"LedRivadavia1320","","LED 150W","Rivadavia 1320","Chaco","Con base en buenas condiciones","Ana Celina Pozzi","2026-05-15 08:20:37","","","","Aéreo","2026-05-15 08:20:37",""
"LedRivadavia1285","","LED 150W","Rivadavia 1285","Chaco","Con base en buenas condiciones","Ana Celina Pozzi","2026-05-15 08:21:47","","","","Aéreo","2026-05-15 08:21:47",""
"LedRivadavia1230","","LED 150W","Rivadavia 230","Chaco","Con base en buenas condiciones","Ana Celina Pozzi","2026-05-15 08:22:48","","","","Aéreo","2026-05-15 08:22:48",""
"LedAv9DeJulio4995","","LED 150W","Av 9 De Julio 4995","Paso Chajari","Con base en buenas condiciones","DOMINGUEZ GRACIELA","2026-05-15 10:43:55","","","","Aéreo","2026-05-15 08:23:00",""
"LedRivadavia1185","","LED 150W","Rivadavia 1185","Chaco","Con base en buenas condiciones","Ana Celina Pozzi","2026-05-15 08:24:20","","","","Aéreo","2026-05-15 08:24:20",""
"LedRivadavia1115","","LED 150W","Rivadavia 1115","Chaco","Con base en buenas condiciones","Ana Celina Pozzi","2026-05-15 08:25:12","","","","Aéreo","2026-05-15 08:25:12",""
"LedRivadavia1060","","LED 150W","Rivadavia 1060","Chaco","Con base en buenas condiciones","Ana Celina Pozzi","2026-05-15 08:26:01","","","","Aéreo","2026-05-15 08:26:01",""
"LedAv9DeJulio5055","","LED 150W","Av 9 De Julio 5055","Paso Chajari","Con base en buenas condiciones","DOMINGUEZ GRACIELA","2026-05-15 10:43:49","","","","Aéreo","2026-05-15 08:26:55",""
"LedRivadavia1020","","LED 150W","Rivadavia 1020","Chaco","Con base en buenas condiciones","Ana Celina Pozzi","2026-05-15 08:27:04","","","","Aéreo","2026-05-15 08:27:04",""
"LedPjeLicFleitasGarcia1025","","LED 150W","Pje Lic Fleitas Garcia 1025","Chaco","Sin base","Ana Celina Pozzi","2026-05-15 08:28:22","","","","Aéreo","2026-05-15 08:28:22",""
"LedPjeLicFleitasGarcia1065","","LED 150W","Pje Lic Fleita sGarcia 1065","Chaco","Sin base","Ana Celina Pozzi","2026-05-15 08:29:01","","","","Aéreo","2026-05-15 08:29:01",""
"LedAcostaJabre5020","","LED 150W","Acosta Jabre 5020","Paso Chajari","Con base en buenas condiciones","DOMINGUEZ GRACIELA","2026-05-15 10:43:41","","","","Aéreo","2026-05-15 08:37:28",""
"LedPasajePerla1","","LED 150W","Pasaje Perla 1","Paso Chajari","Con base en buenas condiciones","DOMINGUEZ GRACIELA","2026-05-15 09:26:03","","","","Aéreo","2026-05-15 09:17:58",""
"LedRivadavia985","","LED 150W","Rivadavia 985","Villa Libertad","Con base en buenas condiciones","Ana Celina Pozzi","2026-05-15 10:07:02","","","","Aéreo","2026-05-15 10:04:55",""
"LedRivadavia955","","LED 150W","Rivadavia 955","Villa Libertad","Con base en buenas condiciones","Ana Celina Pozzi","2026-05-15 10:06:39","","","","Aéreo","2026-05-15 10:05:30",""
"LedRivadavia925","","LED 150W","Rivadavia 925","Villa Libertad","Con base en buenas condiciones","Ana Celina Pozzi","2026-05-15 10:06:23","","","","Aéreo","2026-05-15 10:06:23",""
"LedRivadavia850","","LED 150W","Rivadavia 850","Villa Libertad","Con base en buenas condiciones","Ana Celina Pozzi","2026-05-15 10:08:14","","","","Aéreo","2026-05-15 10:08:14",""
"LedPanchoRamirez980","","LED 150W","Pancho Ramirez 980","Villa Libertad","Con base en buenas condiciones","Ana Celina Pozzi","2026-05-15 10:09:48","","","","Aéreo","2026-05-15 10:08:35",""
"LedPanchoRamirez950","","LED 150W","Pancho Ramirez 950","Villa Libertad","Con base en buenas condiciones","Ana Celina Pozzi","2026-05-15 10:10:24","","","","Aéreo","2026-05-15 10:10:24",""
"LedPanchoRamirez910","","LED 150W","Pancho Ramirez 910","Villa Libertad","Con base en buenas condiciones","Ana Celina Pozzi","2026-05-15 10:11:46","","","","Aéreo","2026-05-15 10:11:46",""
"LedAv9DeJulio4855","","LED 150W","Av 9 De Julio 4855","Paso Chajari","Con base en buenas condiciones","Alejandro Saposnik","2026-05-15 11:37:10","","","","Aéreo","2026-05-15 11:37:10",""
"LedAcostaJabre5055","","LED 150W","Acosta Jabre 5055","Paso Chajari","Con base en buenas condiciones","Alejandro Saposnik","2026-05-15 11:37:10","","","","Aéreo","2026-05-15 11:37:10",""
"LedAcostaJabre5090","","LED 150W","Acosta Jabre 5090","Paso Chajari","Con base en buenas condiciones","Alejandro Saposnik","2026-05-15 11:37:10","","","","Aéreo","2026-05-15 11:37:10",""
"Led3DeFebrero5050","","LED 150W","3 De Febrero 5050","Paso Chajari","Con base en buenas condiciones","Alejandro Saposnik","2026-05-22 09:36:15","","","","Aéreo","2026-05-15 11:37:10",""
"Led3DeFebrero4980","","LED 150W","3 De febrero 4980","Paso Chajari","Con base en buenas condiciones","Alejandro Saposnik","2026-05-15 11:37:10","","","","Aéreo","2026-05-15 11:37:10",""
"Led3DeFebrero4920","","LED 150W","3 De Febrero 4920","Paso Chajari","Con base en buenas condiciones","Alejandro Saposnik","2026-05-15 11:37:10","","","","Aéreo","2026-05-15 11:37:10",""
"Led3DeFebrero4880","","LED 150W","3 De Febrero 4880","Paso Chajari","Con base en buenas condiciones","Alejandro Saposnik","2026-05-15 11:37:10","","","","Aéreo","2026-05-15 11:37:10",""
"LedPasajePerla2","","LED 150W","Pasaje Perla 2","Paso Chajari","Con base en buenas condiciones","Alejandro Saposnik","2026-05-15 11:37:10","","","","Aéreo","2026-05-15 11:37:10",""
"LedRutaTresHermanas1620","","LED 150W","Ruta Tres Hermanas 1620","Paso Chajari","Con base en buenas condiciones","Alejandro Saposnik","2026-05-15 11:37:10","","","","Aéreo","2026-05-15 11:37:10",""
"LedRutaTresHermanas1660","","LED 150W","Ruta Tres Hermanas 1660","Paso Chajari","Con base en buenas condiciones","Alejandro Saposnik","2026-05-15 11:37:10","","","","Aéreo","2026-05-15 11:37:10",""
"LedRutaTresHermanas1490","","LED 150W","Ruta Tres Hermanas 1490","Paso Chajari","Con base en buenas condiciones","Alejandro Saposnik","2026-05-15 11:37:10","","","","Aéreo","2026-05-15 11:37:10",""
"LedRutaTresHermanas1410","","LED 150W","Ruta Tres Hermanas 1410","Paso Chajari","Con base en buenas condiciones","Alejandro Saposnik","2026-05-15 11:37:10","","","","Aéreo","2026-05-15 11:37:10",""
"LedRutaTresHermanas1380","","LED 150W","Ruta Tres Hermanas 1380","Paso Chajari","Con base en buenas condiciones","Alejandro Saposnik","2026-05-15 11:37:10","","","","Aéreo","2026-05-15 11:37:10",""
"LedRutaTresHermanas1290","","LED 150W","Ruta Tres Hermanas","Paso Chajari","Con base en buenas condiciones","Alejandro Saposnik","2026-05-15 11:37:10","","","","Aéreo","2026-05-15 11:37:10",""
"LedRutaTresHermanas1210","","LED 150W","Ruta Tres Hermanas","Paso Chajari","Con base en buenas condiciones","Alejandro Saposnik","2026-05-15 11:37:10","","","","Aéreo","2026-05-15 11:37:10",""
"LedRutaTresHermanas1180","","LED 150W","Ruta Tres Hermanas","Paso Chajari","Con base en buenas condiciones","Alejandro Saposnik","2026-05-15 11:37:10","","","","Aéreo","2026-05-15 11:37:10",""
"LedDrPlanas315","","LED 150W","Doctor Planas 315","Jardin","Con base en buenas condiciones","Emanuel Noriega Sosa","2026-05-15 17:08:48","","","","Aéreo","2026-05-15 17:08:48",""
"LedDrPlanas395","","LED 150W","Doctor Planas 395","Jardin","Con base en buenas condiciones","Emanuel Noriega Sosa","2026-05-15 17:11:38","","","","Aéreo","2026-05-15 17:11:38",""
"LedDrPlanas415","","LED 150W","Doctor Planas 415","Jardin","Con base en buenas condiciones","Emanuel Noriega Sosa","2026-05-15 17:13:38","","","","Aéreo","2026-05-15 17:12:37",""
"LedDrPlanas485","","LED 150W","Doctor Planas 485","Jardin","Con base en buenas condiciones","Emanuel Noriega Sosa","2026-05-15 17:14:29","","","","Aéreo","2026-05-15 17:14:29",""
"LedDrPlanas510","","LED 150W","Doctor Planas 510","Jardin","Con base en buenas condiciones","Emanuel Noriega Sosa","2026-05-15 17:16:08","","","","Aéreo","2026-05-15 17:16:08",""
"LedDrPlanas575","","LED 150W","Doctor Planas 575","Jardin","Con base en buenas condiciones","Emanuel Noriega Sosa","2026-05-15 17:17:16","","","","Aéreo","2026-05-15 17:17:16",""
"LedDrPlanas620","","LED 150W","Doctor Planas 620","Jardin","Con base en buenas condiciones","Emanuel Noriega Sosa","2026-05-15 17:18:06","","","","Aéreo","2026-05-15 17:18:06",""
"LedDrPlanas675","","LED 150W","Doctor Planas 675","Jardin","Con base en buenas condiciones","Emanuel Noriega Sosa","2026-05-15 17:19:35","","","","Aéreo","2026-05-15 17:19:35",""
"LedDrPlanas720","","LED 150W","Doctor Planas 720","Jardin","Con base en buenas condiciones","Emanuel Noriega Sosa","2026-05-15 17:21:23","","","","Aéreo","2026-05-15 17:21:23",""
"LedDrPlanas775","","LED 150W","Doctor Planas 775","Jardin","Con base en buenas condiciones","Emanuel Noriega Sosa","2026-05-15 17:22:32","","","","Aéreo","2026-05-15 17:22:32",""
"LedDrPlanas820","","LED 150W","Doctor Planas 820","Jardin","Con base en buenas condiciones","Emanuel Noriega Sosa","2026-05-15 17:24:14","","","","Aéreo","2026-05-15 17:24:14",""
"LedDrPlanas885","","LED 150W","Doctor Planas 885","Jardin","Con base en buenas condiciones","Emanuel Noriega Sosa","2026-05-15 17:27:32","","","","Aéreo","2026-05-15 17:26:33",""
"LedDrPlanas920","","LED 150W","Doctor Planas 920","Jardin","Con base en buenas condiciones","Emanuel Noriega Sosa","2026-05-15 17:28:45","","","","Aéreo","2026-05-15 17:28:45",""
"LedDrPlanas985","","LED 150W","Doctor Planas 985","Jardin","Con base en buenas condiciones","Emanuel Noriega Sosa","2026-05-15 17:29:47","","","","Aéreo","2026-05-15 17:29:47",""
"LedPasajeSusanaBrarda985","","LED 150W","Pasaje Susana Brarda 985","Jardin","Con base en buenas condiciones","Emanuel Noriega Sosa","2026-05-15 17:32:29","","","","Aéreo","2026-05-15 17:32:29",""
"LedPasajeSusanaBrarda920","","LED 150W","Pasaje Susana Brarda 920","Jardin","Con base en buenas condiciones","Emanuel Noriega Sosa","2026-05-15 17:33:53","","","","Aéreo","2026-05-15 17:33:53",""
"LedPasajeSusanaBrarda885","","LED 150W","Pasaje Susana Brarda 885","Jardin","Con base en buenas condiciones","Emanuel Noriega Sosa","2026-05-15 17:36:13","","","","Aéreo","2026-05-15 17:36:13",""
"LedPasajeSusanaBrarda820","","LED 150W","Pasaje Susana Brarda 820","Jardin","Con base en buenas condiciones","Emanuel Noriega Sosa","2026-05-15 17:37:54","","","","Aéreo","2026-05-15 17:37:54",""
"LedPasajeSusanaBrarda785","","LED 150W","Pasaje Susana 785","Jardin","Con base en buenas condiciones","Emanuel Noriega Sosa","2026-05-15 17:45:41","","","","Aéreo","2026-05-15 17:40:33",""
"LedPasajeSusanaBrarda720","","LED 150W","Pasaje Susana Brarda 720","Jardin","Con base en buenas condiciones","Emanuel Noriega Sosa","2026-05-15 17:46:51","","","","Aéreo","2026-05-15 17:46:51",""
"LedPasajeSusanaBrarda685","","LED 150W","Pasaje Susana Brarda 685","Jardin","Con base en buenas condiciones","Emanuel Noriega Sosa","2026-05-15 17:49:17","","","","Aéreo","2026-05-15 17:49:17",""
"LedPasajeSusanaBrarda620","","LED 150W","Pasaje Susana Brarda 620","Jardin","Con base en buenas condiciones","Emanuel Noriega Sosa","2026-05-15 17:51:00","","","","Aéreo","2026-05-15 17:51:00",""
"LedPasajeSusanaBrarda585","","LED 150W","Pasaje Susana Brarda 585","Jardin","Con base en buenas condiciones","Emanuel Noriega Sosa","2026-05-15 17:56:23","","","","Aéreo","2026-05-15 17:52:37",""
"LedPasajeSusanaBrarda520","","LED 150W","Pasaje Susana Brarda 520","Jardin","Con base en buenas condiciones","Emanuel Noriega Sosa","2026-05-15 18:03:33","","","","Aéreo","2026-05-15 18:00:13",""
"LedPasajeSusanaBrarda485","","LED 150W","Pasaje Susana Brarda 485","Jardin","Con base en buenas condiciones","Emanuel Noriega Sosa","2026-05-15 18:05:19","","","","Aéreo","2026-05-15 18:05:19",""
"LedPasajeSusanaBrarda420","","LED 150W","Pasaje Susana Brarda 420","Jardin","Con base en buenas condiciones","Emanuel Noriega Sosa","2026-05-15 18:07:10","","","","Aéreo","2026-05-15 18:07:10",""
"LedPasajeSusanaBrarda385","","LED 150W","Pasaje Susana Brarda 385","Jardin","Con base en buenas condiciones","Emanuel Noriega Sosa","2026-05-15 18:08:08","","","","Aéreo","2026-05-15 18:08:08",""
"LedPasajeSusanaBrarda320","","LED 150W","Pasaje Susana Brarda 320","Jardin","Con base en buenas condiciones","Emanuel Noriega Sosa","2026-05-15 18:09:13","","","","Aéreo","2026-05-15 18:09:13",""
"LedConcordia2051","","LED 150W","Concordia 2051","Jardin","Con base en buenas condiciones","Ana Celina Pozzi","2026-05-15 18:17:24","","","","Aéreo","2026-05-15 18:17:24",""
"LedConcordia2049","","LED 150W","Concordia 2049","Jardin","Con base en buenas condiciones","Ana Celina Pozzi","2026-05-15 18:18:22","","","","Aéreo","2026-05-15 18:18:22",""
"LedConcordia2101","","LED 150W","Concordia 2101","Jardin","Sin base","Ana Celina Pozzi","2026-05-15 18:20:40","","","","Aéreo","2026-05-15 18:20:40",""
"LedConcordia2195","","LED 150W","Concordia 2195","Jardin","Sin base","Ana Celina Pozzi","2026-05-15 18:23:16","","","","Aéreo","2026-05-15 18:23:16",""
"LedUruguay2180","","LED 150W","Uruguay 2180","Jardin","Con base en buenas condiciones","Ana Celina Pozzi","2026-05-15 18:33:44","","","","Aéreo","2026-05-15 18:33:44",""
"LedErmacora1985","","LED 150W","Ermacora 1985","Jardin","Con base en buenas condiciones","Ana Celina Pozzi","2026-05-15 18:42:08","","","","Aéreo","2026-05-15 18:42:08",""
"LedErmacora1825","","LED 150W","Ermacora 1825","Jardin","Con base en buenas condiciones","Ana Celina Pozzi","2026-05-15 18:45:03","","","","Aéreo","2026-05-15 18:45:03",""
"LedErmacora1875","","LED 150W","Ermacora 1875","Jardin","Con base en buenas condiciones","Ana Celina Pozzi","2026-05-15 18:46:20","","","","Aéreo","2026-05-15 18:46:20",""
"LedAMoreaudeJusto1965","","LED 150W","A Moreau de Justo 1965","Jardin","Con base en buenas condiciones","Ana Celina Pozzi","2026-05-18 08:40:10","","","","Aéreo","2026-05-15 18:48:04",""
"LedAMoreaudeJusto1975","","LED 150W","A Moreau de Justo 1975","Jardin","Con base en buenas condiciones","Ana Celina Pozzi","2026-05-15 18:49:04","","","","Aéreo","2026-05-15 18:49:04",""
"LedAMoreaudeJusto2025","","LED 150W","A Moreau de Justo 2025","Jardin","Con base en buenas condiciones","Ana Celina Pozzi","2026-05-15 18:50:29","","","","Aéreo","2026-05-15 18:50:29",""
"LedAMoreaudeJusto2255","","LED 150W","A Moreau de Justo 2255","Jardin","Con base en buenas condiciones","Ana Celina Pozzi","2026-05-15 18:51:27","","","","Aéreo","2026-05-15 18:51:27",""
"LedAv28DeMayo4490","","LED 150W","Av 28 De Mayo 4490","Paso Chajari","Con base en buenas condiciones","DOMINGUEZ GRACIELA","2026-05-22 09:38:46","","","","Aéreo","2026-05-18 08:10:27",""
"LedAv28DeMayo4440","","LED 150W","Av 28 De mayo 4440","Paso Chajari","Con base en buenas condiciones","DOMINGUEZ GRACIELA","2026-05-18 08:20:02","","","","Aéreo","2026-05-18 08:20:02",""
"LedAv28DeMayo4390","","LED 150W","Av 28 De Mayo 4390","Paso Chajari","Con base en buenas condiciones","DOMINGUEZ GRACIELA","2026-05-18 08:28:29","","","","Aéreo","2026-05-18 08:28:29",""
"Led28DeMayo4320","","LED 150W","Av 28 De Mayo 4320","Paso Chajari","Con base en buenas condiciones","DOMINGUEZ GRACIELA","2026-05-18 08:32:50","","","","Aéreo","2026-05-18 08:32:50",""
"LedAv28DeMayo4280","","LED 150W","Av 28 De Mayo 4280","Paso Chajari","Con base en buenas condiciones","DOMINGUEZ GRACIELA","2026-05-18 08:38:18","","","","Aéreo","2026-05-18 08:38:18",""
"LedAv28DeMayo4240","","LED 150W","Av 28 De Mayo 4240","Paso Chajari","Con base en buenas condiciones","DOMINGUEZ GRACIELA","2026-05-18 08:43:57","","","","Aéreo","2026-05-18 08:43:57",""
"LedAv28DeMayo4210","","LED 150W","Av 28 De mayo 4210","Paso Chajari","Con base en buenas condiciones","DOMINGUEZ GRACIELA","2026-05-18 08:54:20","","","","Aéreo","2026-05-18 08:54:20",""
"LedAv28DeMayo4180","","LED 150W","Av 28 De Mayo 4180","Paso Chajari","Con base en buenas condiciones","DOMINGUEZ GRACIELA","2026-05-18 08:58:10","","","","Aéreo","2026-05-18 08:58:10",""
"LedAv28DeMayo4150","","LED 150W","Av28DeMayo4150","Paso Chajari","Con base en buenas condiciones","DOMINGUEZ GRACIELA","2026-05-18 09:05:58","","","","Aéreo","2026-05-18 09:05:58",""
"LedAv28DeMayo4110","","LED 150W","Av 28 De Mayo 4110","Paso Chajari","Con base en buenas condiciones","DOMINGUEZ GRACIELA","2026-05-18 09:08:32","","","","Aéreo","2026-05-18 09:08:32",""
"LedAv28DeMayo4090","","LED 150W","Av 28 De Mayo 4090","Paso Chajari","Con base en buenas condiciones","DOMINGUEZ GRACIELA","2026-05-18 09:13:45","","","","Aéreo","2026-05-18 09:13:45",""
"LedAv28DeMayo4050","","LED 150W","Av 28 De mayo 4050","Paso Chajari","Con base en buenas condiciones","DOMINGUEZ GRACIELA","2026-05-18 09:18:26","","","","Aéreo","2026-05-18 09:18:26",""
"LedAv28DeMayo4010","","LED 150W","Av 28 De Mayo 4010","Paso Chajari","Con base en buenas condiciones","DOMINGUEZ GRACIELA","2026-05-18 09:20:57","","","","Aéreo","2026-05-18 09:20:57",""
"LedAv28DeMayo3990","","LED 150W","Av 28 De mayo 3990","Paso Chajari","Con base en buenas condiciones","DOMINGUEZ GRACIELA","2026-05-18 09:24:39","","","","Aéreo","2026-05-18 09:24:39",""
"LedAv28DeMayo3960","","LED 150W","Av 28 De Mayo 3960","Paso Chajari","Con base en buenas condiciones","DOMINGUEZ GRACIELA","2026-05-18 09:27:26","","","","Aéreo","2026-05-18 09:27:26",""
"LedAv28 DeMayo3910","","LED 150W","Av 28 De Mayo 3910","Paso Chajari","Con base en buenas condiciones","DOMINGUEZ GRACIELA","2026-05-18 09:33:32","","","","Aéreo","2026-05-18 09:33:32",""
"LedAv28DeMayo3880","","LED 150W","Av 28 De Mayo 3880","Paso Chajari","Con base en buenas condiciones","DOMINGUEZ GRACIELA","2026-05-18 09:36:40","","","","Aéreo","2026-05-18 09:36:40",""
"LedAv28DeMayo3850","","LED 150W","Av 28 De Mayo 3850","Paso Chajari","Con base en buenas condiciones","DOMINGUEZ GRACIELA","2026-05-18 09:39:12","","","","Aéreo","2026-05-18 09:39:12",""
"LedAv28DeMayo3810","","LED 150W","Av 28 De Mayo 3810","Paso Chajari","Con base en buenas condiciones","DOMINGUEZ GRACIELA","2026-05-18 09:47:50","","","","Aéreo","2026-05-18 09:47:50",""
"LedAv28DeMayo3790","","LED 150W","Av 28 De Mayo 3790","Paso Chajari","Con base en buenas condiciones","DOMINGUEZ GRACIELA","2026-05-18 09:50:23","","","","Aéreo","2026-05-18 09:50:23",""
"LedAv28DeMayo3750","","LED 150W","Av 28 De Mayo 3750","Paso Chajari","Con base en buenas condiciones","DOMINGUEZ GRACIELA","2026-05-18 09:56:15","","","","Aéreo","2026-05-18 09:56:15",""
"LedAv28DeMayo3710","","LED 150W","Av 28 De Mayo 3710","Paso Chajari","Con base en buenas condiciones","DOMINGUEZ GRACIELA","2026-05-18 10:01:14","","","","Aéreo","2026-05-18 10:01:14",""
"LedAv28 De mayo3670","","LED 150W","Av 28 De mayo 3670","Paso Chajari","Con base en buenas condiciones","DOMINGUEZ GRACIELA","2026-05-18 10:05:45","","","","Aéreo","2026-05-18 10:05:45",""
"LedAv28DeMayo3610","","LED 150W","Av 28 De mayo 3610","Paso Chajari","Con base en buenas condiciones","DOMINGUEZ GRACIELA","2026-05-18 10:10:42","","","","Aéreo","2026-05-18 10:10:42",""
"LedCavallaro675","","LED 150W","Nora Cavallaro 675","Jardin","Con base en buenas condiciones","Emanuel Noriega Sosa","2026-05-18 16:37:27","","","","Aéreo","2026-05-18 16:37:27",""
"LedCavallaro624","","LED 150W","Nora Cavallaro 624","Jardin","Con base en buenas condiciones","Emanuel Noriega Sosa","2026-05-18 16:38:48","","","","Aéreo","2026-05-18 16:38:48",""
"LedCavallaro585","","LED 150W","Nora Cavallaro 585","Jardin","Con base en buenas condiciones","Emanuel Noriega Sosa","2026-05-18 16:39:49","","","","Aéreo","2026-05-18 16:39:49",""
"LedCavallaro534","","LED 150W","Nora Cavallaro 534","Jardin","Con base en buenas condiciones","Emanuel Noriega Sosa","2026-06-25 15:05:52","","","","Aéreo","2026-05-18 16:42:39",""
"LedCavallaro485","","LED 150W","Nora Cavallaro 485","Jardin","Con base en buenas condiciones","Emanuel Noriega Sosa","2026-06-25 15:45:49","","","","Aéreo","2026-05-18 16:43:45",""
"LedCavallaro424","True","LED 150W","Nora Cavallaro 424","Jardin","Con base en buenas condiciones","Emanuel Noriega Sosa","2026-06-25 17:11:55","","","","Aéreo","2026-05-18 16:44:47",""
"LedCavallaro385","","LED 150W","Nora Cavallaro 385","Jardin","Con base en buenas condiciones","Emanuel Noriega Sosa","2026-06-25 15:47:16","","","","Aéreo","2026-05-18 16:46:12",""
"LedCavallaro310","","LED 150W","Nora Cavallaro 310","Jardin","Con base en buenas condiciones","Emanuel Noriega Sosa","2026-05-18 16:47:51","","","","Aéreo","2026-05-18 16:47:51",""
"LedAvAlmiranteBrown412","","LED 150W","Av Almirante Brown 412","Jardin","Con base en buenas condiciones","Emanuel Noriega Sosa","2026-05-18 16:50:58","","","","Aéreo","2026-05-18 16:50:58",""
"LedAvAlmiranteBrown474","","LED 150W","Av Almirante Brown 474","Jardin","Con base en buenas condiciones","Emanuel Noriega Sosa","2026-05-18 16:52:26","","","","Aéreo","2026-05-18 16:52:26",""
"LedAvAlmiranteBrown524","","LED 150W","Av Almirante Brown 524","Jardin","Con base en buenas condiciones","Emanuel Noriega Sosa","2026-05-18 16:54:15","","","","Aéreo","2026-05-18 16:54:15",""
"LedAvAlmiranteBrown574","","LED 150W","Av Almirante Brown 574","Jardin","Con base en buenas condiciones","Emanuel Noriega Sosa","2026-05-18 16:55:41","","","","Aéreo","2026-05-18 16:55:41",""
"LedAvAlmiranteBrown614","","LED 150W","Av Almirante Brown 614","Jardin","Con base en buenas condiciones","Emanuel Noriega Sosa","2026-06-12 17:09:16","","","R/064668","Aéreo","2026-05-18 16:56:40",""
"LedAvAlmiranteBrown674","","LED 150W","Av Almirante Brown 674","Jardin","Con base en buenas condiciones","Emanuel Noriega Sosa","2026-06-12 17:08:53","","","R/064676","Aéreo","2026-05-18 16:58:14",""
"","","","","","","","","","","R/064668","","",""
"LedAvAlmiranteBrown724","True","LED 150W","Av Almirante Brown 724","Jardin","Con base en buenas condiciones","Emanuel Noriega Sosa","2026-05-18 16:59:40","","","","Aéreo","2026-05-18 16:59:40",""
"LedAvAlmiranteBrown774","","LED 150W","Av Almirante Brown 774","Jardin","Con base en buenas condiciones","Emanuel Noriega Sosa","2026-05-18 17:01:07","","","","Aéreo","2026-05-18 17:01:07",""
"LedAvAlmiranteBrown814","","LED 150W","Av Almirante Brown 814","Jardin","Con base en buenas condiciones","Emanuel Noriega Sosa","2026-05-18 17:02:34","","","","Aéreo","2026-05-18 17:02:34",""
"LedAvAlmiranteBrown874","","LED 150W","Av Almirante Brown 874","Jardin","Con base en buenas condiciones","Emanuel Noriega Sosa","2026-05-18 17:03:50","","","","Aéreo","2026-05-18 17:03:50",""
"LedAvAlmiranteBrown914","True","LED 150W","Av Almirante Brown 914","Jardin","Con base en buenas condiciones","Emanuel Noriega Sosa","2026-05-18 17:04:58","","","","Aéreo","2026-05-18 17:04:58",""
"LedAvAlmiranteBrown974","","LED 150W","Av Almirante Brown 974","Jardin","Con base en buenas condiciones","Emanuel Noriega Sosa","2026-05-18 17:05:44","","","","Aéreo","2026-05-18 17:05:44",""
"LedBrasil924","","LED 150W","Brasil 924","Jardin","Con base en buenas condiciones","Emanuel Noriega Sosa","2026-05-18 17:08:33","","","","Aéreo","2026-05-18 17:08:33",""
"LedBrasil875","","LED 150W","Brasil 875","Jardin","Con base en buenas condiciones","Emanuel Noriega Sosa","2026-05-18 17:10:44","","","","Aéreo","2026-05-18 17:10:44",""
"LedBrasil824","","LED 150W","Brasil 824","Jardin","Con base en buenas condiciones","Emanuel Noriega Sosa","2026-05-18 17:11:52","","","","Aéreo","2026-05-18 17:11:52",""
"LedBrasil765","","LED 150W","Brasil 765","Jardin","Con base en buenas condiciones","Emanuel Noriega Sosa","2026-05-18 17:14:37","","","","Aéreo","2026-05-18 17:14:37",""
"LedBrasil714","","LED 150W","Brasil 714","Jardin","Con base en buenas condiciones","Emanuel Noriega Sosa","2026-05-18 17:17:08","","","","Aéreo","2026-05-18 17:17:08",""
"LedBrasil675","True","LED 150W","Brasil 675","Jardin","Con base en buenas condiciones","Emanuel Noriega Sosa","2026-05-18 17:18:18","","","","Aéreo","2026-05-18 17:18:18",""
"LedBrasil624","","LED 150W","Brasil 614","Jardin","Con base en buenas condiciones","Emanuel Noriega Sosa","2026-05-18 17:19:27","","","","Aéreo","2026-05-18 17:19:27",""
"LedBrasil575","","LED 150W","Brasil 575","Jardin","Sin base","Emanuel Noriega Sosa","2026-05-18 17:20:47","","","","Aéreo","2026-05-18 17:20:47",""
"LedBrasil534","","LED 150W","Brasil 534","Jardin","Con base en buenas condiciones","Emanuel Noriega Sosa","2026-05-18 17:22:00","","","","Aéreo","2026-05-18 17:22:00",""
"LedBrasil475","","LED 150W","Brasil 475","Jardin","Con base en buenas condiciones","Emanuel Noriega Sosa","2026-05-18 17:23:13","","","","Aéreo","2026-05-18 17:23:13",""
"LedBrasil395","","LED 150W","Brasil 395","Jardin","Con base en buenas condiciones","Emanuel Noriega Sosa","2026-05-18 17:24:33","","","","Aéreo","2026-05-18 17:24:33",""
"LedCavallaro825","","LED 150W","Nora Cavallaro 825","Jardin","Con base en buenas condiciones","Emanuel Noriega Sosa","2026-05-18 17:40:52","","","","Aéreo","2026-05-18 17:28:00",""
"LedCavallaro874","","LED 150W","Nora Cavallaro 874","Jardin","Con base en buenas condiciones","Emanuel Noriega Sosa","2026-05-18 17:42:21","","","","Aéreo","2026-05-18 17:42:21",""
"LedCavallaro915","","LED 150W","Nora Cavallaro","Jardin","Con base en buenas condiciones","Emanuel Noriega Sosa","2026-05-18 17:43:52","","","","Aéreo","2026-05-18 17:43:52",""
"LedCavallaro964","","LED 150W","Nora Cavallaro 964","Jardin","Con base en buenas condiciones","Emanuel Noriega Sosa","2026-05-18 17:44:37","","","","Aéreo","2026-05-18 17:44:37",""
"LedUruguay2190","","LED 150W","Uruguay 2190","Jardin","Con base en buenas condiciones","Ana Celina Pozzi","2026-05-18 17:59:41","","","","Aéreo","2026-05-18 17:59:41",""
"LedUruguay2045","","LED 150W","Uruguay 2045","Jardin","Con base en buenas condiciones","Ana Celina Pozzi","2026-05-18 18:05:08","","","","Aéreo","2026-05-18 18:02:01",""
"LedUruguay2025","","LED 150W","Uruguay 2025","Jardin","Con base en buenas condiciones","Ana Celina Pozzi","2026-05-18 18:06:20","","","","Aéreo","2026-05-18 18:04:08",""
"LedUruguay1975","","LED 150W","Uruguay 1975","Jardin","Con base en buenas condiciones","Ana Celina Pozzi","2026-05-18 18:07:35","","","","Aéreo","2026-05-18 18:07:35",""
"LedAvYrigoyen1850","","LED 150W","Av Yrigoyen 1850","Jardin","Sin base","Ana Celina Pozzi","2026-05-18 18:17:54","","","","Aéreo","2026-05-18 18:17:54",""
"LedErmacora2030","","LED 150W","Ermacora 2030","Jardin","Con base en buenas condiciones","Ana Celina Pozzi","2026-05-18 18:26:04","","","","Aéreo","2026-05-18 18:26:04",""
"LedErmacora2150","","LED 150W","Ermacora 2150","Jardin","Con base en buenas condiciones","Ana Celina Pozzi","2026-05-18 18:28:25","","","","Aéreo","2026-05-18 18:28:25",""
"LedPadreMugica2020","","LED 150W","Padre Mugica 2020","Jardin","Con base en buenas condiciones","Ana Celina Pozzi","2026-05-18 18:48:29","","","","Aéreo","2026-05-18 18:48:29",""
"LedPadreMugica2080","","LED 150W","Padre Mugica 2080","Jardin","Con base en buenas condiciones","Ana Celina Pozzi","2026-05-18 18:50:15","","","","Aéreo","2026-05-18 18:50:15",""
"LedPadreMugica2150","","LED 150W","Padre Mugica 2150","Jardin","Con base en buenas condiciones","Ana Celina Pozzi","2026-05-18 18:52:45","","","","Aéreo","2026-05-18 18:52:45",""
"LedYolandaMaidana2150","","LED 150W","Yolanda Maidana 2150","Jardin","Con base en buenas condiciones","Ana Celina Pozzi","2026-05-18 18:55:21","","","","Aéreo","2026-05-18 18:55:21",""
"LedYolandaMaidana2080","","LED 150W","Yolanda  Maidana 2080","Jardin","Con base en buenas condiciones","Ana Celina Pozzi","2026-05-18 18:57:10","","","","Aéreo","2026-05-18 18:57:10",""
"LedYolandaMaidana1990","True","LED 150W","Yolanda Maidana 1990","Jardin","Con base en buenas condiciones","Ana Celina Pozzi","2026-06-25 15:02:05","","","","Aéreo","2026-05-18 18:58:45",""
"LedYolandaMaidana1970","","LED 150W","Yolanda Maidana 1970","Jardin","Con base en buenas condiciones","Ana Celina Pozzi","2026-05-18 18:59:37","","","","Aéreo","2026-05-18 18:59:07",""
"LedYolandaMaidana1950","","LED 150W","Yolanda Maidana 1950","Jardin","Sin base","Ana Celina Pozzi","2026-05-18 19:00:27","","","","Aéreo","2026-05-18 19:00:27",""
"LedYolandaMaidana1930","","LED 150W","Yolanda Maidana 1930","Jardin","Con base en buenas condiciones","Ana Celina Pozzi","2026-05-18 19:01:02","","","","Aéreo","2026-05-18 19:01:02",""
"LedAv28deMayo4595","","LED 150W","Av 28 De Mayo 4595","Sin Barrio","Con base en buenas condiciones","DOMINGUEZ GRACIELA","2026-05-22 08:46:35","","","","Aéreo","2026-05-20 08:11:25",""
"LedAv28DeMayo4580","","LED 150W","Av 28 De Mayo 4580","Sin Barrio","Con base en buenas condiciones","DOMINGUEZ GRACIELA","2026-05-22 08:46:50","","","","Aéreo","2026-05-20 08:17:16",""
"LedAv28DeMayo4520","","LED 150W","Av 28 De Mayo 4520","Sin Barrio","Con base en buenas condiciones","DOMINGUEZ GRACIELA","2026-05-22 08:47:07","","","","Aéreo","2026-05-20 08:21:23",""
"LedAv28DeMayo4620","","LED 150W","Av 28 De Mayo 4620","Sin Barrio","Con base en buenas condiciones","DOMINGUEZ GRACIELA","2026-05-22 08:48:03","","","","Aéreo","2026-05-20 08:25:40",""
"LedAv28DeMayo4670","","LED 150W","Av 28 De Mayo 4670","Sin Barrio","Con base en buenas condiciones","DOMINGUEZ GRACIELA","2026-05-22 08:48:12","","","","Aéreo","2026-05-20 08:30:47",""
"LedAv28DeMayo4730","","LED 150W","Av 28 De Mayo 4730","Sin Barrio","Con base en buenas condiciones","DOMINGUEZ GRACIELA","2026-05-22 08:48:52","","","","Aéreo","2026-05-20 08:34:32",""
"LedAv28DeMayo4830","","LED 150W","Av 28 De Mayo 4830","Sin Barrio","Con base en buenas condiciones","DOMINGUEZ GRACIELA","2026-05-22 08:49:01","","","","Aéreo","2026-05-20 08:41:28",""
"LedAv28DeMayo4890","","LED 150W","Av 28 De mayo 4890","Sin Barrio","Con base en buenas condiciones","DOMINGUEZ GRACIELA","2026-05-22 08:49:29","","","","Aéreo","2026-05-20 08:45:13",""
"LedAv28DeMayo4940","","LED 150W","Av 28 De Mayo 4940","Citricola","Con base en buenas condiciones","DOMINGUEZ GRACIELA","2026-05-20 08:56:43","","","","Aéreo","2026-05-20 08:56:43",""
"LedAv28DeMayo5010","","LED 150W","Av 28 De Mayo 5010","Citricola","Con base en buenas condiciones","DOMINGUEZ GRACIELA","2026-05-22 09:53:35","","","","Aéreo","2026-05-20 09:02:25",""
"LedAv28DeMayo5070","","LED 150W","Av 28 De Mayo 5070","Citricola","Con base en buenas condiciones","DOMINGUEZ GRACIELA","2026-05-22 09:53:50","","","","Aéreo","2026-05-20 09:11:04",""
"LedAv28DeMayo5120","","LED 150W","Av 28 De mayo 5120","Citricola","Con base en buenas condiciones","DOMINGUEZ GRACIELA","2026-05-20 09:16:46","","","","Aéreo","2026-05-20 09:16:46",""
"LedAv28DeMayo5180","","LED 150W","Av 28 De Mayo 5180","Citricola","Con base en buenas condiciones","DOMINGUEZ GRACIELA","2026-05-20 09:22:26","","","","Aéreo","2026-05-20 09:22:26",""
"LedAv28DeMayo5275","","LED 150W","Av 28 De Mayo 5275","Sin Barrio","Con base en buenas condiciones","DOMINGUEZ GRACIELA","2026-05-22 10:09:08","","","","Aéreo","2026-05-20 09:26:52",""
"LedAv28DeMayo5325","","LED 150W","Av 28 De Mayo 5325","Sin Barrio","Con base en buenas condiciones","DOMINGUEZ GRACIELA","2026-05-26 09:19:19","","","","Aéreo","2026-05-20 09:28:49",""
"LedAv28DeMayo5280","","LED 150W","Av 28 De Mayo 5280","Sin Barrio","Con base en buenas condiciones","DOMINGUEZ GRACIELA","2026-05-22 10:10:53","","","","Aéreo","2026-05-20 09:32:18",""
"LedAv28DeMayo5340","","LED 150W","Av 28 De Mayo 5340","Sin Barrio","Con base en buenas condiciones","DOMINGUEZ GRACIELA","2026-05-22 10:11:20","","","","Aéreo","2026-05-20 09:33:57",""
"Led17DeJulioSN1","","LED 150W","17 De Julio SN 1","Citricola","Con base en buenas condiciones","DOMINGUEZ GRACIELA","2026-05-20 10:03:15","","","","Aéreo","2026-05-20 09:55:19",""
"Led17DeJulioSN2","","LED 150W","17 De Julio SN 2","Citricola","Con base en buenas condiciones","DOMINGUEZ GRACIELA","2026-05-20 11:09:25","","","","Aéreo","2026-05-20 10:15:18",""
"Led17DeJulioSN3","","LED 150W","17 De Julio SN 3","Citricola","Con base en buenas condiciones","DOMINGUEZ GRACIELA","2026-05-20 10:17:50","","","","Aéreo","2026-05-20 10:17:50",""
"Led17DeJulioSN4","","LED 150W","17 De Julio SN 4","Citricola","Con base en buenas condiciones","DOMINGUEZ GRACIELA","2026-05-20 10:20:18","","","","Aéreo","2026-05-20 10:20:18",""
"Led17DeJulioSN5","","LED 150W","17 De Julio SN 5","Citricola","Con base en buenas condiciones","DOMINGUEZ GRACIELA","2026-05-20 10:22:48","","","","Aéreo","2026-05-20 10:22:48",""
"Led17DeJulioSN6","","LED 150W","17 De Julio SN 6","Citricola","Con base en buenas condiciones","DOMINGUEZ GRACIELA","2026-05-20 10:26:41","","","","Aéreo","2026-05-20 10:26:41",""
"Led17DeJulioSN7","","LED 150W","17 De Julio SN 7","Citricola","Con base en buenas condiciones","DOMINGUEZ GRACIELA","2026-05-20 10:29:38","","","","Aéreo","2026-05-20 10:29:38",""
"Led17DeJulioSN8","","LED 150W","17 De Julio SN 8","Citricola","Con base en buenas condiciones","DOMINGUEZ GRACIELA","2026-05-20 10:33:02","","","","Aéreo","2026-05-20 10:33:02",""
"Led17DeJulioSN9","","LED 150W","17 De Julio SN 9","Citricola","Con base en buenas condiciones","DOMINGUEZ GRACIELA","2026-05-20 10:36:20","","","","Aéreo","2026-05-20 10:36:20",""
"Led17DeJulioSN10","","LED 150W","17 De Julio SN10","Citricola","Con base en buenas condiciones","DOMINGUEZ GRACIELA","2026-05-20 11:09:56","","","","Aéreo","2026-05-20 10:40:59",""
"Led17DeJulioSN11","","LED 150W","17 De Julio SN 11","Citricola","Con base en buenas condiciones","DOMINGUEZ GRACIELA","2026-05-20 10:43:16","","","","Aéreo","2026-05-20 10:43:16",""
"LedPasoDeLosAndes645","","LED 150W","Paso De Los Andes 645","Citricola","Con base en buenas condiciones","DOMINGUEZ GRACIELA","2026-05-20 10:47:34","","","","Aéreo","2026-05-20 10:47:34",""
"LedSusanaDalmolin2150","","LED 150W","Susana Dalmolin 2150","Jardin","Con base en buenas condiciones","Ana Celina Pozzi","2026-05-21 07:58:57","","","","Aéreo","2026-05-21 07:58:57",""
"LedSusanaDalmolin2080","","LED 150W","Susana Dalmolin 2080","Jardin","Con base en buenas condiciones","Ana Celina Pozzi","2026-05-21 07:59:57","","","","Aéreo","2026-05-21 07:59:57",""
"LedLasOrquideasSN","","LED 150W","Las orquideasSn","Citricola","Con base en buenas condiciones","DOMINGUEZ GRACIELA","2026-05-22 08:08:25","","","","Aéreo","2026-05-22 08:08:25",""
"LedLasOrquideasSN2","","LED 150W","Las orquídeas SN 2","Citricola","Con base en buenas condiciones","DOMINGUEZ GRACIELA","2026-05-22 08:14:09","","","","Aéreo","2026-05-22 08:14:09",""
"LedLasOrquideasSn3","","LED 150W","Las Orquídeas SN 3","Citricola","Con base en buenas condiciones","DOMINGUEZ GRACIELA","2026-05-22 08:18:41","","","","Aéreo","2026-05-22 08:18:41",""
"Led23DeAgostoSN1","","LED 150W","23 De Agosto SN 1","Citricola","Con base en buenas condiciones","DOMINGUEZ GRACIELA","2026-05-22 09:58:39","","","","Aéreo","2026-05-22 08:28:23",""
"Led23DeAgostoSN2","","LED 150W","23 De Agosto SN 2","Citricola","Con base en buenas condiciones","DOMINGUEZ GRACIELA","2026-05-22 09:59:07","","","","Aéreo","2026-05-22 08:33:57",""
"LedReneFavaloroSN1","","LED 150W","René Favaloro En 1","Citricola","Con base en buenas condiciones","DOMINGUEZ GRACIELA","2026-05-22 09:56:40","","","","Aéreo","2026-05-22 08:39:55",""
"Led23DeAgostoSN3","","LED 150W","23 De Agosto SN 3","Citricola","Con base en buenas condiciones","DOMINGUEZ GRACIELA","2026-05-22 09:59:21","","","","Aéreo","2026-05-22 08:48:53",""
"LedAvBrown1705","","LED 150W","Av Alte Brown 1705","Villa Alejandrina","Con base en buenas condiciones","Hernan Santiago Silva","2026-06-02 11:14:52","","","","Aéreo","2026-06-02 09:38:55",""
"LedAvBrown1793","","LED 150W","Av Alte Brown 1793","Villa Alejandrina","Sin base","Hernan Santiago Silva","2026-06-02 09:47:24","","","","Aéreo","2026-06-02 09:47:24",""
"LedAvBrown1835","","LED 150W","Av Alte Brown 1835","Villa Alejandrina","Con base en buenas condiciones","Hernan Santiago Silva","2026-06-02 09:50:50","","","","Aéreo","2026-06-02 09:50:50",""
"LedAvBrown1885","","LED 150W","Av Alte Brown 1885","Villa Alejandrina","Sin base","Hernan Santiago Silva","2026-06-02 11:16:33","","","","Aéreo","2026-06-02 09:53:17",""
"LedAvBrown1905","","LED 150W","Av Alte Brown 1905","Villa Alejandrina","Con base en malas condiciones","Hernan Santiago Silva","2026-06-02 10:02:02","","","","Aéreo","2026-06-02 10:00:26",""
"LedAvBrown1999","","LED 150W","Av Alte Brown 1999","Villa Alejandrina","Con base en buenas condiciones","Hernan Santiago Silva","2026-06-02 11:34:17","","","","Subterráneo","2026-06-02 10:05:00",""
"LedAvBrown2009","","LED 150W","Av Alte Brown 2009","Villa Alejandrina","Con base en buenas condiciones","Hernan Santiago Silva","2026-06-02 10:06:56","","","","Subterráneo","2026-06-02 10:06:56",""
"LedAvBrown2049","","LED 150W","Av Alte Brown 2049","Villa Alejandrina","Con base en buenas condiciones","Hernan Santiago Silva","2026-06-02 10:09:27","","","","Subterráneo","2026-06-02 10:09:27",""
"LedAvBrown2095","","LED 150W","Av Alte Brown 2095","Villa Alejandrina","Con base en buenas condiciones","Hernan Santiago Silva","2026-06-02 10:12:53","","","","Subterráneo","2026-06-02 10:12:53",""
"LedAvBrown2099","","LED 150W","Av Alte Brown 2099","Villa Alejandrina","Con base en buenas condiciones","Hernan Santiago Silva","2026-06-02 10:15:07","","","","Subterráneo","2026-06-02 10:15:07",""
"LedAvBrown2115","","LED 150W","Av Alte Brown 2115","Villa Alejandrina","Con base en buenas condiciones","Hernan Santiago Silva","2026-06-02 10:17:13","","","","Subterráneo","2026-06-02 10:17:13",""
"LedAvBrown2117","","LED 150W","Av Alte Brown 2117","Villa Alejandrina","Con base en buenas condiciones","Hernan Santiago Silva","2026-06-02 11:14:07","","","","Subterráneo","2026-06-02 10:19:58",""
"LedAvBrown2175","","LED 150W","Av Alte Brown 2175","Villa Alejandrina","Con base en buenas condiciones","Hernan Santiago Silva","2026-06-02 11:14:15","","","","Subterráneo","2026-06-02 10:28:49",""
"LedAvBrown2199","","LED 150W","Av Alte Brown 2199","Villa Alejandrina","Con base en buenas condiciones","Hernan Santiago Silva","2026-06-02 10:32:01","","","","Subterráneo","2026-06-02 10:32:01",""
"LedAvBrown2205","","LED 150W","Av Alte Brown 2205","Villa Alejandrina","Con base en buenas condiciones","Hernan Santiago Silva","2026-06-02 10:35:44","","","","Subterráneo","2026-06-02 10:32:39",""
"LedAvBrown2255","","LED 150W","Av Alte Brown 2255","Villa Alejandrina","Con base en buenas condiciones","Hernan Santiago Silva","2026-06-02 10:38:20","","","","Subterráneo","2026-06-02 10:38:20",""
"LedAvBrown2245","","LED 150W","Av Alte Brown 2245","Villa Alejandrina","Con base en buenas condiciones","Hernan Santiago Silva","2026-06-02 10:40:27","","","","Subterráneo","2026-06-02 10:40:27",""
"LedAvBrown2281","","LED 150W","Av Alte Brown 2281","Villa Alejandrina","Con base en buenas condiciones","Hernan Santiago Silva","2026-06-02 11:09:10","","","","Subterráneo","2026-06-02 11:09:10",""
"LedAvBelgrano2250","","LED 150W","Av Belgrano 2250","Villa Alejandrina","Con base en buenas condiciones","Hernan Santiago Silva","2026-06-02 11:41:48","","","","Subterráneo","2026-06-02 11:39:35",""
"LedAvBelgrano2210","","LED 150W","Av Belgrano 2210","Villa Alejandrina","Con base en buenas condiciones","Hernan Santiago Silva","2026-06-02 11:44:43","","","","Subterráneo","2026-06-02 11:44:43",""
"LedAvBelgrano2194","","LED 150W","Av Belgrano 2194","Villa Alejandrina","Con base en malas condiciones","Hernan Santiago Silva","2026-06-02 11:47:43","","","","Subterráneo","2026-06-02 11:47:43",""
"LedAvBelgrano2142","","LED 150W","Av Belgrano 2142","Villa Alejandrina","Con base en buenas condiciones","Hernan Santiago Silva","2026-06-02 11:50:58","","","","Subterráneo","2026-06-02 11:50:58",""
"LedAvBelgrano2120","","LED 150W","Av Belgrano 2120","Villa Alejandrina","Con base en buenas condiciones","Hernan Santiago Silva","2026-06-03 07:50:49","","","","Subterráneo","2026-06-02 11:53:41",""
"LedAvBelgrano2090","","LED 150W","Av Belgrano 2090","Villa Alejandrina","Con base en buenas condiciones","Hernan Santiago Silva","2026-06-02 11:56:40","","","","Subterráneo","2026-06-02 11:56:40",""
"LedAvBelgrano2022","","LED 150W","Av Belgrano 2022","Villa Alejandrina","Con base en buenas condiciones","Hernan Santiago Silva","2026-06-02 12:02:21","","","","Subterráneo","2026-06-02 12:02:21",""
"LedAvAlem1975","","LED 150W","Av Alem 1975","Angelita Tagliapietra","Con base en buenas condiciones","DOMINGUEZ GRACIELA","2026-06-03 08:09:14","","","","Aéreo","2026-06-03 08:09:14",""
"LedAvAlem1925","","LED 150W","Av Alem 1925","Angelita Tagliapietra","Con base en buenas condiciones","DOMINGUEZ GRACIELA","2026-06-03 08:13:25","","","","Aéreo","2026-06-03 08:13:25",""
"LedAvAlem1899","","LED 150W","Av Alem 1899","Angelita Tagliapietra","Con base en buenas condiciones","DOMINGUEZ GRACIELA","2026-06-03 08:33:49","","","","Aéreo","2026-06-03 08:20:44",""
"LedAvAlem1845","","LED 150W","Av Alem 1845","Angelita Tagliapietra","Con base en buenas condiciones","DOMINGUEZ GRACIELA","2026-06-03 08:25:08","","","","Aéreo","2026-06-03 08:25:08",""
"LedAvAlem1785","","LED 150W","Av Alem 1785","Angelita Tagliapietra","Con base en buenas condiciones","DOMINGUEZ GRACIELA","2026-06-03 08:29:28","","","","Aéreo","2026-06-03 08:29:28",""
"LedAvAlem1735","","LED 150W","Av Alem 1735","Angelita Tagliapietra","Con base en buenas condiciones","DOMINGUEZ GRACIELA","2026-06-03 08:32:39","","","","Aéreo","2026-06-03 08:32:39",""
"LedAv9DeJulio4050","","LED 150W","Av 9 De Julio 4050","Angelita Tagliapietra","Con base en buenas condiciones","DOMINGUEZ GRACIELA","2026-06-03 08:38:31","","","","Aéreo","2026-06-03 08:38:31",""
"LedAv9DeJulio4150","","LED 150W","Av 9 De Julio 4150","Angelita Tagliapietra","Con base en buenas condiciones","DOMINGUEZ GRACIELA","2026-06-03 08:41:39","","","","Aéreo","2026-06-03 08:41:39",""
"LedAv9DeJulio4190","","LED 150W","Av 9 De Julio 4190","Angelita Tagliapietra","Con base en buenas condiciones","DOMINGUEZ GRACIELA","2026-06-03 08:52:35","","","","Aéreo","2026-06-03 08:52:35",""
"LedAv9DeJulio4210","","LED 150W","Av 9 De Julio 4210","Angelita Tagliapietra","Con base en buenas condiciones","DOMINGUEZ GRACIELA","2026-06-03 08:58:48","","","","Aéreo","2026-06-03 08:58:48",""
"LedAv9DeJulio4290","","LED 150W","Av 9 De Julio 4290","Angelita Tagliapietra","Con base en buenas condiciones","DOMINGUEZ GRACIELA","2026-06-03 09:05:38","","","","Aéreo","2026-06-03 09:05:38",""
"LedAv9DeJulio4310","","LED 150W","Av 9 De Julio 4310","Angelita Tagliapietra","Con base en buenas condiciones","DOMINGUEZ GRACIELA","2026-06-03 09:09:32","","","","Aéreo","2026-06-03 09:09:32",""
"LedAv9DeJulio4350","","LED 150W","Av 9 De Julio 4350","Angelita Tagliapietra","Con base en buenas condiciones","DOMINGUEZ GRACIELA","2026-06-03 09:12:11","","","","Aéreo","2026-06-03 09:12:11",""
"LedAv9DeJulio4390","","LED 150W","Av 9 De Julio 4390","Angelita Tagliapietra","Con base en buenas condiciones","DOMINGUEZ GRACIELA","2026-06-03 09:18:14","","","","Aéreo","2026-06-03 09:18:14",""
"LedAv9DeJulio4430","","LED 150W","Av 9 De Julio 4430","Angelita Tagliapietra","Con base en buenas condiciones","DOMINGUEZ GRACIELA","2026-06-03 09:20:56","","","","Aéreo","2026-06-03 09:20:56",""
"LedAv9DeJulio4480","","LED 150W","Av 9 De Julio 4480","Angelita Tagliapietra","Con base en buenas condiciones","DOMINGUEZ GRACIELA","2026-06-03 09:22:57","","","","Aéreo","2026-06-03 09:22:57",""
"LedAv28DeMayo1740","","LED 150W","Av 28 De Mayo 1740","Angelita Tagliapietra","Con base en buenas condiciones","DOMINGUEZ GRACIELA","2026-06-03 09:37:27","","","","Aéreo","2026-06-03 09:37:27",""
"LedAv28DeMayo1790","","LED 150W","Av 28 De Mayo 1790","Angelita Tagliapietra","Con base en buenas condiciones","DOMINGUEZ GRACIELA","2026-06-03 09:40:30","","","","Aéreo","2026-06-03 09:40:30",""
"LedAv28DeMayo1850","","LED 150W","Av 28 De Mayo 1850","Angelita Tagliapietra","Con base en buenas condiciones","DOMINGUEZ GRACIELA","2026-06-03 09:42:53","","","","Aéreo","2026-06-03 09:42:53",""
"LedAv28DeMayo1912","","LED 150W","Av 28 De Mayo 1912","Angelita Tagliapietra","Con base en buenas condiciones","DOMINGUEZ GRACIELA","2026-06-03 09:56:51","","","","Aéreo","2026-06-03 09:56:51",""
"LedAv28DeMayo1970","","LED 150W","Av 28 De Mayo 1970","Angelita Tagliapietra","Con base en buenas condiciones","DOMINGUEZ GRACIELA","2026-06-03 10:01:08","","","","Aéreo","2026-06-03 10:01:08",""
"LedAv28DeMayo2030","","LED 150W","Av 28 De Mayo 2030","Angelita Tagliapietra","Con base en buenas condiciones","DOMINGUEZ GRACIELA","2026-06-03 10:05:26","","","","Aéreo","2026-06-03 10:05:26",""
"LedAv28DeMayo2070","","LED 150W","Av 28 De Mayo 2070","Angelita Tagliapietra","Con base en buenas condiciones","DOMINGUEZ GRACIELA","2026-06-05 09:46:01","","","","Aéreo","2026-06-03 10:08:41",""
"LedSanAntonio1985","","LED 150W","San Antonio 1985","Angelita Tagliapietra","Con base en buenas condiciones","DOMINGUEZ GRACIELA","2026-06-05 09:54:44","","","","Aéreo","2026-06-03 10:15:58",""
"LedSanAntonio1930","","LED 150W","San Antonio 1930","Angelita Tagliapietra","Con base en buenas condiciones","DOMINGUEZ GRACIELA","2026-06-03 10:18:29","","","","Aéreo","2026-06-03 10:18:29",""
"LedSanAntonio1885","","LED 150W","San Antonio 1885","Angelita Tagliapietra","Con base en buenas condiciones","DOMINGUEZ GRACIELA","2026-06-03 10:22:32","","","","Aéreo","2026-06-03 10:22:32",""
"LedSanAntonio1820","","LED 150W","San Antonio 1820","Angelita Tagliapietra","Con base en buenas condiciones","DOMINGUEZ GRACIELA","2026-06-03 10:24:41","","","","Aéreo","2026-06-03 10:24:41",""
"LedGregoriaPerez1915","","LED 150W","Gregoria Pérez 1915","Angelita Tagliapietra","Con base en buenas condiciones","DOMINGUEZ GRACIELA","2026-06-03 10:29:35","","","","Aéreo","2026-06-03 10:29:35",""
"LedGregoriaPerez1885","","LED 150W","Gregoria Pérez 1885","Angelita Tagliapietra","Con base en buenas condiciones","DOMINGUEZ GRACIELA","2026-06-03 10:33:13","","","","Aéreo","2026-06-03 10:33:13",""
"LedGregoriaPerez1820","","LED 150W","Gregoria Pérez 1820","Angelita Tagliapietra","Con base en buenas condiciones","DOMINGUEZ GRACIELA","2026-06-05 09:24:16","","","","Aéreo","2026-06-03 10:35:43",""
"LedEstrada2685","","LED 150W","Estrada 2685","Villa Alejandrina","Sin base","Emanuel Noriega Sosa","2026-06-03 17:05:28","","","","Aéreo","2026-06-03 17:05:28",""
"LedEstrada2696","","LED 150W","Estrada 1696","Villa Alejandrina","Con base en buenas condiciones","Emanuel Noriega Sosa","2026-06-03 17:06:50","","","","Aéreo","2026-06-03 17:06:50",""
"LedEstrada2640","","LED 150W","Estrada 2640","Villa Alejandrina","Con base en buenas condiciones","Emanuel Noriega Sosa","2026-06-03 17:08:52","","","","Aéreo","2026-06-03 17:08:52",""
"LedEstrada2615","","LED 150W","Estrada 2615","Villa Alejandrina","Sin base","Emanuel Noriega Sosa","2026-06-03 17:10:08","","","","Aéreo","2026-06-03 17:10:08",""
"LedEstrada2590","","LED 150W","Estrada 2590","Villa Alejandrina","Con base en buenas condiciones","Emanuel Noriega Sosa","2026-06-03 17:13:40","","","","Aéreo","2026-06-03 17:13:40",""
"LedEstrada2525","","LED 150W","Estrada 2525","Villa Alejandrina","Sin base","Emanuel Noriega Sosa","2026-06-03 17:15:20","","","","Aéreo","2026-06-03 17:15:20",""
"LedEstrada2470","","LED 150W","Estrada 2470","Villa Alejandrina","Con base en buenas condiciones","Emanuel Noriega Sosa","2026-06-03 17:17:45","","","","Aéreo","2026-06-03 17:17:45",""
"LedEstrada2415","","LED 150W","Estrada 2415","Villa Alejandrina","Sin base","Emanuel Noriega Sosa","2026-06-03 17:19:27","","","","Aéreo","2026-06-03 17:19:27",""
"LedEstrada2380","","LED 150W","Estrada 2380","Villa Alejandrina","Sin base","Emanuel Noriega Sosa","2026-06-03 17:21:01","","","","Aéreo","2026-06-03 17:21:01",""
"LedEstrada2325","","LED 150W","Estrada2325","Villa Alejandrina","Con base en buenas condiciones","Emanuel Noriega Sosa","2026-06-03 17:22:32","","","","Aéreo","2026-06-03 17:22:32",""
"LedEstrada2290","","LED 150W","Estrada 2290","Villa Alejandrina","Con base en malas condiciones","Emanuel Noriega Sosa","2026-06-03 17:23:59","","","","Aéreo","2026-06-03 17:23:59",""
"LedEstrada2265","True","LED 150W","Estrada 2265","Villa Alejandrina","Sin base","Emanuel Noriega Sosa","2026-06-03 17:25:00","","","","Aéreo","2026-06-03 17:25:00",""
"LedEstrada2210","","LED 150W","Estrada 2210","Villa Alejandrina","Sin base","Emanuel Noriega Sosa","2026-06-03 17:26:06","","","","Aéreo","2026-06-03 17:26:06",""
"LedRepetto2235","","LED 150W","Repetto 2235","Villa Alejandrina","Con base en buenas condiciones","Emanuel Noriega Sosa","2026-06-03 17:30:31","","","","Aéreo","2026-06-03 17:30:31",""
"LedRepetto2285","","LED 150W","Repetto 2285","Villa Alejandrina","Sin base","Emanuel Noriega Sosa","2026-06-03 17:31:55","","","","Aéreo","2026-06-03 17:31:55",""
"LedRepetto2315","True","LED 150W","Repetto 2315","Villa Alejandrina","Con base en malas condiciones","Emanuel Noriega Sosa","2026-06-03 17:34:13","","","","Aéreo","2026-06-03 17:34:13",""
"LedRepetto2345","","LED 150W","Repetto 2345","Villa Alejandrina","Con base en buenas condiciones","Emanuel Noriega Sosa","2026-06-03 17:35:00","","","","Aéreo","2026-06-03 17:35:00",""
"LedRepetto2440","","LED 150W","Repetto 2440","Villa Alejandrina","Sin base","Emanuel Noriega Sosa","2026-06-03 17:37:07","","","","Aéreo","2026-06-03 17:37:07",""
"LedRepetto2475","","LED 150W","Repetto 2475","Villa Alejandrina","Sin base","Emanuel Noriega Sosa","2026-06-03 17:38:07","","","","Aéreo","2026-06-03 17:38:07",""
"LedRepetto2530","","LED 150W","Repetto 2530","Villa Alejandrina","Con base en buenas condiciones","Emanuel Noriega Sosa","2026-06-03 17:40:10","","","","Aéreo","2026-06-03 17:40:10",""
"LedRepetto2570","","LED 150W","Repetto 2570","Villa Alejandrina","Sin base","Emanuel Noriega Sosa","2026-06-03 17:41:34","","","","Aéreo","2026-06-03 17:41:34",""
"LedRepetto2636","","LED 150W","Repetto 2636","Villa Alejandrina","Sin base","Emanuel Noriega Sosa","2026-06-03 17:43:20","","","","Aéreo","2026-06-03 17:43:20",""
"LedRepetto2670","","LED 150W","Repetto 2670","Villa Alejandrina","Sin base","Emanuel Noriega Sosa","2026-06-03 17:44:41","","","","Aéreo","2026-06-03 17:44:41",""
"LedRepetto2698","","LED 150W","Repetto 2698","Villa Alejandrina","Sin base","Emanuel Noriega Sosa","2026-06-03 17:45:49","","","","Aéreo","2026-06-03 17:45:49",""
"LedGuarumba2698","","LED 150W","Guarumba 2698","Villa Alejandrina","Sin base","Emanuel Noriega Sosa","2026-06-03 17:52:23","","","","Aéreo","2026-06-03 17:52:23",""
"LedGuarumba2666","","LED 150W","Guarumba 2666","Villa Alejandrina","Sin base","Emanuel Noriega Sosa","2026-06-03 17:57:14","","","","Aéreo","2026-06-03 17:54:16",""
"LedGuarumba2666 2","","LED 150W","Guarumba 2666","Villa Alejandrina","Sin base","Emanuel Noriega Sosa","2026-06-03 17:57:20","","","","Aéreo","2026-06-03 17:54:34",""
"LedGuarumba2664","","LED 150W","Guarumba 2664","Villa Alejandrina","Sin base","Emanuel Noriega Sosa","2026-06-03 17:58:32","","","","Aéreo","2026-06-03 17:58:32",""
"LedGuarumba2626","","LED 150W","Guarumba 2626","Villa Alejandrina","Sin base","Emanuel Noriega Sosa","2026-06-03 18:00:26","","","","Aéreo","2026-06-03 18:00:26",""
"LedGuarumba2626 2","","LED 150W","Guarumba 2626","Villa Alejandrina","Sin base","Emanuel Noriega Sosa","2026-06-03 18:00:35","","","","Aéreo","2026-06-03 18:00:29",""
"LedGuarumba2610","","LED 150W","Guarumba 2610","Villa Alejandrina","Sin base","Emanuel Noriega Sosa","2026-06-03 18:01:49","","","","Aéreo","2026-06-03 18:01:49",""
"LedGuarumba2575","","LED 150W","Guarumba 2575","Villa Alejandrina","Sin base","Emanuel Noriega Sosa","2026-06-03 18:04:50","","","","Aéreo","2026-06-03 18:04:50",""
"LedGuarumba2545","","LED 150W","Guarumba 2545","Villa Alejandrina","Sin base","Emanuel Noriega Sosa","2026-06-03 18:06:19","","","","Aéreo","2026-06-03 18:06:19",""
"LedGuarumba2480","","LED 150W","Guarumba 2480","Villa Alejandrina","Con base en buenas condiciones","Emanuel Noriega Sosa","2026-06-03 18:10:01","","","","Aéreo","2026-06-03 18:07:39",""
"LedGuarumba2420","","LED 150W","Guarumba 2420","Villa Alejandrina","Con base en buenas condiciones","Emanuel Noriega Sosa","2026-06-03 18:12:57","","","","Aéreo","2026-06-03 18:12:57",""
"LedGuarumba2370","","LED 150W","Guarumba 2370","Villa Alejandrina","Sin base","Emanuel Noriega Sosa","2026-06-03 18:13:54","","","","Aéreo","2026-06-03 18:13:54",""
"LedGuarumba2320","","LED 150W","Guarumba 2320","Villa Alejandrina","Con base en buenas condiciones","Emanuel Noriega Sosa","2026-06-03 18:15:39","","","","Aéreo","2026-06-03 18:15:39",""
"LedGuarumba2270","","LED 150W","Guarumba 2270","Villa Alejandrina","Sin base","Emanuel Noriega Sosa","2026-06-03 18:17:37","","","","Aéreo","2026-06-03 18:17:37",""
"LedGuarumba2255","","LED 150W","Guarumba 2255","Villa Alejandrina","Con base en buenas condiciones","Emanuel Noriega Sosa","2026-06-03 18:19:57","","","","Aéreo","2026-06-03 18:19:57",""
"LedGuarumba2305","","LED 150W","Guarumba 2305","Villa Alejandrina","Con base en buenas condiciones","Emanuel Noriega Sosa","2026-06-03 18:20:49","","","","Aéreo","2026-06-03 18:20:49",""
"LedTabeni1709","","LED 150W","Tabeni 1709","Villa Alejandrina","Con base en malas condiciones","Ana Celina Pozzi","2026-06-04 07:45:47","","","","Aéreo","2026-06-04 07:45:47",""
"LedTabeni1792","","LED 150W","Tabeni 1792","Villa Alejandrina","Con base en buenas condiciones","Ana Celina Pozzi","2026-06-04 07:50:25","","","","Aéreo","2026-06-04 07:47:30",""
"LedSanAntonio1797","","LED 150W","San Antonio 1797","Angelita Tagliapietra","Con base en buenas condiciones","DOMINGUEZ GRACIELA","2026-06-04 08:37:47","","","","Aéreo","2026-06-04 08:37:47",""
"LedSanAntonio1720","","LED 150W","San Antonio 1720","Angelita Tagliapietra","Con base en buenas condiciones","DOMINGUEZ GRACIELA","2026-06-04 08:39:57","","","","Aéreo","2026-06-04 08:39:57",""
"LedTabeni1819","","LED 150W","Tabeni 1819","Villa Alejandrina","Sin base","Ana Celina Pozzi","2026-06-04 08:41:09","","","","Aéreo","2026-06-04 08:41:09",""
"LedTabeni1850","","LED 150W","Tabeni 1850","Villa Alejandrina","Sin base","Ana Celina Pozzi","2026-06-04 08:42:45","","","","Aéreo","2026-06-04 08:42:45",""
"LedGregoriaPerez1770","","LED 150W","Gregoria Pérez 1770","Angelita Tagliapietra","Con base en buenas condiciones","DOMINGUEZ GRACIELA","2026-06-04 08:42:46","","","","Aéreo","2026-06-04 08:42:46",""
"LedTabeni1935","","LED 150W","Tabeni 1935","Villa Alejandrina","Sin base","Ana Celina Pozzi","2026-06-04 08:43:36","","","","Aéreo","2026-06-04 08:43:29",""
"LedTabeni1970","","LED 150W","Tabeni 1970","Villa Alejandrina","Con base en buenas condiciones","Ana Celina Pozzi","2026-06-04 08:46:06","","","","Aéreo","2026-06-04 08:44:49",""
"LedGregoriaPerez1715","","LED 150W","Gregoria Pérez 1715","Angelita Tagliapietra","Con base en buenas condiciones","DOMINGUEZ GRACIELA","2026-06-05 09:23:35","","","","Aéreo","2026-06-04 08:46:17",""
"LedTabeni2015","","LED 150W","Tabeni 2015","Villa Alejandrina","Sin base","Ana Celina Pozzi","2026-06-04 08:47:56","","","","Aéreo","2026-06-04 08:47:10",""
"LedArtigas1725","","LED 150W","Artigas 1725","Angelita Tagliapietra","Con base en buenas condiciones","DOMINGUEZ GRACIELA","2026-06-04 08:49:57","","","","Aéreo","2026-06-04 08:49:57",""
"LedTabeni2017","","LED 150W","LedTabeni2017","Villa Alejandrina","Sin base","Ana Celina Pozzi","2026-06-04 08:50:15","","","","Aéreo","2026-06-04 08:50:15",""
"LedArtigas1780","","LED 150W","Artigas 1780","Angelita Tagliapietra","Con base en buenas condiciones","DOMINGUEZ GRACIELA","2026-06-04 08:51:37","","","","Aéreo","2026-06-04 08:51:37",""
"LedTabeni2045","","LED 150W","Tabeni 2045","Villa Alejandrina","Sin base","Ana Celina Pozzi","2026-06-04 08:53:02","","","","Aéreo","2026-06-04 08:53:02",""
"LedTabeni2070","","LED 150W","Tabeni 2070","Villa Alejandrina","Con base en buenas condiciones","Ana Celina Pozzi","2026-06-04 08:53:52","","","","Aéreo","2026-06-04 08:53:52",""
"LedTabeni2125","","LED 150W","Tabeni 2125","Villa Alejandrina","Con base en buenas condiciones","Ana Celina Pozzi","2026-06-04 08:55:03","","","","Aéreo","2026-06-04 08:55:03",""
"LedArtigas1820","","LED 150W","Artigas 1880","Angelita Tagliapietra","Con base en buenas condiciones","DOMINGUEZ GRACIELA","2026-06-04 08:55:28","","","","Aéreo","2026-06-04 08:55:28",""
"LedTabeni2186","","LED 150W","Tabeni 2186","Villa Alejandrina","Sin base","Ana Celina Pozzi","2026-06-04 08:56:01","","","","Aéreo","2026-06-04 08:56:01",""
"LedTabeni2241","","LED 150W","Tabeni 2241","Villa Alejandrina","Sin base","Ana Celina Pozzi","2026-06-04 08:57:07","","","","Aéreo","2026-06-04 08:57:07",""
"LedTabeni2270","","LED 150W","Tabeni 2270","Villa Alejandrina","Con base en buenas condiciones","Ana Celina Pozzi","2026-06-04 08:58:00","","","","Aéreo","2026-06-04 08:57:11",""
"LedArtigas1885","","LED 150W","Artigas 1885","Angelita Tagliapietra","Con base en buenas condiciones","DOMINGUEZ GRACIELA","2026-06-04 08:57:30","","","","Aéreo","2026-06-04 08:57:30",""
"LedSalvarredy2260","","LED 150W","Salvarredy 2260","Villa Alejandrina","Con base en buenas condiciones","Ana Celina Pozzi","2026-06-04 09:05:01","","","","Aéreo","2026-06-04 09:05:01",""
"LedSalvarredy2215","","LED 150W","Salvarredy 2215","Villa Alejandrina","Con base en buenas condiciones","Ana Celina Pozzi","2026-06-04 09:06:07","","","","Aéreo","2026-06-04 09:06:07",""
"LedSalvarredy2180","","LED 150W","Salvarredy 2180","Villa Alejandrina","Con base en buenas condiciones","Ana Celina Pozzi","2026-06-04 09:39:05","","","","Aéreo","2026-06-04 09:39:05",""
"LedSalvarredy2135","","LED 150W","Salvarredy 2135","Villa Alejandrina","Con base en buenas condiciones","Ana Celina Pozzi","2026-06-04 09:40:26","","","","Aéreo","2026-06-04 09:40:26",""
"LedSalvarredy2080","","LED 150W","Salvarredy 2080","Villa Alejandrina","Con base en buenas condiciones","Ana Celina Pozzi","2026-06-04 09:45:53","","","","Aéreo","2026-06-04 09:41:07",""
"LedSalvarredy2015","","LED 150W","Salvarredy 2015","Villa Alejandrina","Con base en buenas condiciones","Ana Celina Pozzi","2026-06-04 09:46:53","","","","Aéreo","2026-06-04 09:46:53",""
"LedSalvarredy1970","","LED 150W","Salvarredy 1970","Villa Alejandrina","Con base en buenas condiciones","Ana Celina Pozzi","2026-06-04 09:47:46","","","","Aéreo","2026-06-04 09:47:46",""
"LedSalvarredy1919","","LED 150W","Salvarredy 1919","Villa Alejandrina","Con base en buenas condiciones","Ana Celina Pozzi","2026-06-04 09:48:52","","","","Aéreo","2026-06-04 09:48:52",""
"LedSalvarredy1885","","LED 150W","Salvarredy 1885","Villa Alejandrina","Sin base","Ana Celina Pozzi","2026-06-04 09:49:37","","","","Aéreo","2026-06-04 09:49:37",""
"LedSalvarredy1830","","LED 150W","Salvarredy 1830","Villa Alejandrina","Con base en buenas condiciones","Ana Celina Pozzi","2026-06-04 09:51:40","","","","Aéreo","2026-06-04 09:50:37",""
"LedSalvarredy1785","","LED 150W","Salvarredy 1785","Villa Alejandrina","Con base en buenas condiciones","Ana Celina Pozzi","2026-06-04 09:53:19","","","","Aéreo","2026-06-04 09:53:19",""
"LedSalvarredy1730","","LED 150W","Salvarredy 1730","Villa Alejandrina","Con base en buenas condiciones","Ana Celina Pozzi","2026-06-04 09:54:19","","","","Aéreo","2026-06-04 09:54:19",""
"LedEstrada4390","","LED 150W","Estrada 4390","Angelita Tagliapietra","Con base en buenas condiciones","DOMINGUEZ GRACIELA","2026-06-04 10:35:58","","","","Aéreo","2026-06-04 10:35:58",""
"LedEstrada4355","","LED 150W","Estrada 4355","Angelita Tagliapietra","Con base en buenas condiciones","DOMINGUEZ GRACIELA","2026-06-04 10:38:46","","","","Aéreo","2026-06-04 10:38:46",""
"LedAvBelgrano2294","","LED 150W","Av Belgrano 2294","Villa Alejandrina","Con base en buenas condiciones","Alejandro Saposnik","2026-06-04 11:00:21","","","","Subterráneo","2026-06-04 10:57:49",""
"LedEstrada2020","","LED 150W","Estrada 2020","Villa Alejandrina","Con base en buenas condiciones","Emanuel Noriega Sosa","2026-06-04 16:57:19","","","","Aéreo","2026-06-04 16:57:19",""
"LedEstrada2075","","LED 150W","Estrada 2075","Villa Alejandrina","Con base en buenas condiciones","Emanuel Noriega Sosa","2026-06-04 16:59:43","","","","Aéreo","2026-06-04 16:59:43",""
"LedEstrada2155","","LED 150W","Estrada 2155","Villa Alejandrina","Sin base","Emanuel Noriega Sosa","2026-06-04 17:01:47","","","","Aéreo","2026-06-04 17:00:42",""
"LedRepetto2120","","LED 150W","Repetto","Villa Alejandrina","Con base en buenas condiciones","Emanuel Noriega Sosa","2026-06-04 17:05:09","","","","Aéreo","2026-06-04 17:05:09",""
"LedMartinFierro2040","","LED 150W","Martin Fierro 2040","Villa Alejandrina","Con base en buenas condiciones","Emanuel Noriega Sosa","2026-06-04 17:12:51","","","","Aéreo","2026-06-04 17:12:51",""
"LedMartinFierro2095","","LED 150W","Martin Fierro 2095","Villa Alejandrina","Con base en buenas condiciones","Emanuel Noriega Sosa","2026-06-04 17:14:19","","","","Aéreo","2026-06-04 17:14:19",""
"LedCorrientes2040","","LED 150W","Corrientes 2040","Villa Alejandrina","Con base en buenas condiciones","Emanuel Noriega Sosa","2026-06-04 17:16:01","","","","Aéreo","2026-06-04 17:16:01",""
"LedCorrientes2095","","LED 150W","Corrientes 2095","Villa Alejandrina","Con base en buenas condiciones","Emanuel Noriega Sosa","2026-06-04 17:16:58","","","","Aéreo","2026-06-04 17:16:58",""
"LedCorrientes2206","","LED 150W","Corrientes 2230","Villa Alejandrina","Con base en buenas condiciones","Emanuel Noriega Sosa","2026-06-04 17:24:48","","","","Aéreo","2026-06-04 17:24:48",""
"LedCorrientes2275","","LED 150W","Corrientes 2275","Villa Alejandrina","Con base en buenas condiciones","Emanuel Noriega Sosa","2026-06-04 17:28:01","","","","Aéreo","2026-06-04 17:28:01",""
"LedCorrientes2320","","LED 150W","Corrientes 2320","Las Leñas","Sin base","Emanuel Noriega Sosa","2026-06-08 08:05:01","","","","Aéreo","2026-06-04 17:29:45",""
"LedCorrientes2357","","LED 150W","Corrientes 2357","Villa Alejandrina","Sin base","Emanuel Noriega Sosa","2026-06-04 17:30:56","","","","Aéreo","2026-06-04 17:30:56",""
"LedCorrientes2380","","LED 150W","Corrientes 2380","Las Leñas","Sin base","Emanuel Noriega Sosa","2026-06-08 08:05:31","","","","Aéreo","2026-06-04 17:32:54",""
"LedCorrientes2435","","LED 150W","Corrientes 2435","Villa Alejandrina","Con base en buenas condiciones","Emanuel Noriega Sosa","2026-06-04 17:35:03","","","","Aéreo","2026-06-04 17:35:03",""
"LedCorrientes2470","","LED 150W","Corrientes 2470","Villa Alejandrina","Sin base","Emanuel Noriega Sosa","2026-06-04 17:36:53","","","","Aéreo","2026-06-04 17:36:53",""
"LedCorrientes2535","","LED 150W","Corrientes 2535","Villa Alejandrina","Con base en buenas condiciones","Emanuel Noriega Sosa","2026-06-04 17:39:01","","","","Aéreo","2026-06-04 17:39:01",""
"LedCorrientes2570","","LED 150W","Corrientes 2570","Villa Alejandrina","Con base en buenas condiciones","Emanuel Noriega Sosa","2026-06-04 17:40:41","","","","Aéreo","2026-06-04 17:40:41",""
"LedCorrientes2617","","LED 150W","Corrientes 2617","Villa Alejandrina","Sin base","Emanuel Noriega Sosa","2026-06-04 17:43:21","","","","Aéreo","2026-06-04 17:43:21",""
"LedCorrientes2688","","LED 150W","Corrientes 2688","Villa Alejandrina","Con base en buenas condiciones","Emanuel Noriega Sosa","2026-06-04 17:44:51","","","","Aéreo","2026-06-04 17:44:51",""
"LedMartinFierro2677","","LED 150W","Martin Fierro 2677","Villa Alejandrina","Sin base","Emanuel Noriega Sosa","2026-06-04 17:56:27","","","","Aéreo","2026-06-04 17:56:27",""
"LedMartinFierro2635","","LED 150W","Martin Fierro 2635","Villa Alejandrina","Sin base","Emanuel Noriega Sosa","2026-06-04 17:58:33","","","","Aéreo","2026-06-04 17:58:33",""
"LedMartinFierro2570","","LED 150W","Martin Fierro 2570","Villa Alejandrina","Sin base","Emanuel Noriega Sosa","2026-06-04 18:00:11","","","","Aéreo","2026-06-04 18:00:11",""
"LedMartinFierro2535","","LED 150W","Martin Fierro 2535","Villa Alejandrina","Con base en buenas condiciones","Emanuel Noriega Sosa","2026-06-04 18:01:25","","","","Aéreo","2026-06-04 18:01:25",""
"LedMartinFierro2470","","LED 150W","Martin Fierro 2470","Villa Alejandrina","Sin base","Emanuel Noriega Sosa","2026-06-04 18:03:28","","","","Aéreo","2026-06-04 18:03:28",""
"LedMartinFierro2435","","LED 150W","Martin Fierro 2435","Villa Alejandrina","Con base en buenas condiciones","Emanuel Noriega Sosa","2026-06-05 08:26:44","","","","Aéreo","2026-06-04 18:05:34",""
"LedMartinFierro2380","","LED 150W","Martin Fierro 2380","Villa Alejandrina","Sin base","Emanuel Noriega Sosa","2026-06-05 10:09:51","","","","Aéreo","2026-06-04 18:07:25",""
"LedMartinFierro2325","","LED 150W","Martin Fierro 2325","Villa Alejandrina","Sin base","Emanuel Noriega Sosa","2026-06-04 18:09:46","","","","Aéreo","2026-06-04 18:09:46",""
"LedMartinFierro2270","","LED 150W","Martin Fierro 2270","Villa Alejandrina","Con base en buenas condiciones","Emanuel Noriega Sosa","2026-06-04 18:15:40","","","","Aéreo","2026-06-04 18:15:40",""
"LedMartinFierro2225","","LED 150W","Martin 2225","Villa Alejandrina","Sin base","Emanuel Noriega Sosa","2026-06-04 18:16:36","","","","Aéreo","2026-06-04 18:16:36",""
"LedMartinFierro2202","","LED 150W","Martin Fierro 2202","Villa Alejandrina","Con base en buenas condiciones","Emanuel Noriega Sosa","2026-06-04 18:18:08","","","","Aéreo","2026-06-04 18:18:08",""
"LedMartinFierro2070","","LED 150W","Martin Fierro 2070","Villa Alejandrina","Con base en buenas condiciones","Emanuel Noriega Sosa","2026-06-04 18:20:14","","","","Aéreo","2026-06-04 18:20:14",""
"LedMartinFierro2020","","LED 150W","Martin Fierro 2020","Villa Alejandrina","Sin base","Emanuel Noriega Sosa","2026-06-04 18:21:42","","","","Aéreo","2026-06-04 18:21:42",""
"LedCorrientes2070","","LED 150W","Corrientes 2070","Villa Alejandrina","Con base en buenas condiciones","Emanuel Noriega Sosa","2026-06-04 18:25:03","","","","Aéreo","2026-06-04 18:25:03",""
"LedCorrientes2020","","LED 150W","Corrientes 2020","Villa Alejandrina","Sin base","Emanuel Noriega Sosa","2026-06-11 11:15:01","","","","Aéreo","2026-06-04 18:26:59",""
"LedRepetto2084","","LED 150W","Repetto 2084","Villa Alejandrina","Con base en buenas condiciones","Emanuel Noriega Sosa","2026-06-05 08:53:41","","","","Aéreo","2026-06-04 18:33:36",""
"LedRepetto2030","","LED 150W","Repetto 2030","Villa Alejandrina","Con base en buenas condiciones","Emanuel Noriega Sosa","2026-06-04 18:35:15","","","","Aéreo","2026-06-04 18:35:15",""
"LedBaloni1725","","LED 150W","Baloni 1725","Villa Alejandrina","Con base en buenas condiciones","Ana Celina Pozzi","2026-06-05 07:27:12","","","","Aéreo","2026-06-05 07:25:38",""
"LedBaloni1780","","LED 150W","Baloni 1780","Villa Alejandrina","Con base en buenas condiciones","Ana Celina Pozzi","2026-06-05 07:28:53","","","","Aéreo","2026-06-05 07:28:53",""
"LedBaloni1845","","LED 150W","Baloni 1845","Villa Alejandrina","Con base en buenas condiciones","Ana Celina Pozzi","2026-06-05 07:29:42","","","","Aéreo","2026-06-05 07:28:59",""
"LedBaloni1880","","LED 150W","Baloni 1880","Villa Alejandrina","Con base en buenas condiciones","Ana Celina Pozzi","2026-06-05 07:30:35","","","","Aéreo","2026-06-05 07:30:35",""
"LedBaloni1915","","LED 150W","Baloni 1915","Villa Alejandrina","Sin base","Ana Celina Pozzi","2026-06-05 07:31:37","","","","Aéreo","2026-06-05 07:30:49",""
"LedBaloni1980","","LED 150W","Baloni 1980","Villa Alejandrina","Con base en buenas condiciones","Ana Celina Pozzi","2026-06-05 07:33:38","","","","Aéreo","2026-06-05 07:33:38",""
"LedBaloni2021","","LED 150W","Baloni 2021","Villa Alejandrina","Con base en buenas condiciones","Ana Celina Pozzi","2026-06-05 07:34:37","","","","Aéreo","2026-06-05 07:34:37",""
"LedBaloni2080","","LED 150W","Baloni 2080","Villa Alejandrina","Con base en buenas condiciones","Ana Celina Pozzi","2026-06-05 07:35:23","","","","Aéreo","2026-06-05 07:35:23",""
"LedBaloni2125","","LED 150W","Baloni 2125","Villa Alejandrina","Con base en buenas condiciones","Ana Celina Pozzi","2026-06-05 07:36:16","","","","Aéreo","2026-06-05 07:36:16",""
"LedBaloni2170","","LED 150W","Baloni 2170","Villa Alejandrina","Con base en buenas condiciones","Ana Celina Pozzi","2026-06-05 07:37:45","","","","Aéreo","2026-06-05 07:36:47",""
"LedBaloni2235","","LED 150W","Baloni 2235","Villa Alejandrina","Con base en buenas condiciones","Ana Celina Pozzi","2026-06-05 07:41:24","","","","Aéreo","2026-06-05 07:37:59",""
"LedBaloni2278","","LED 150W","Baloni 2278","Las Leñas","Con base en buenas condiciones","Ana Celina Pozzi","2026-06-08 08:03:42","","","","Aéreo","2026-06-05 07:42:32",""
"LedPjeAlgarrobo83","","LED 150W","Pje Algarrobo 83","Las Leñas","Con base en buenas condiciones","Ana Celina Pozzi","2026-06-08 08:04:17","","","","Aéreo","2026-06-05 07:43:13",""
"LedPjeAlgarrobo54","","LED 150W","Pje Algarrobo 54","Las Leñas","Sin base","Ana Celina Pozzi","2026-06-08 08:04:29","","","","Aéreo","2026-06-05 07:43:40",""
"LedAlvarezCondarco2270","","LED 150W","Alvarez Condarco 2270","Villa Alejandrina","Con base en buenas condiciones","Ana Celina Pozzi","2026-06-05 07:46:44","","","","Aéreo","2026-06-05 07:46:44",""
"LedAlvarezCondarco2280","","LED 150W","Alvarez Condarco 2280","Villa Alejandrina","Sin base","Ana Celina Pozzi","2026-06-05 08:28:02","","","","Aéreo","2026-06-05 07:47:30",""
"LedAlvarezCondarco2139","","LED 150W","Alvarez Condarco 2139","Villa Alejandrina","Con base en buenas condiciones","Ana Celina Pozzi","2026-06-05 07:54:05","","","","Aéreo","2026-06-05 07:51:29",""
"LedAlvarezCondarco2120","","LED 150W","Alvarez Condarco 2120","Villa Alejandrina","Con base en buenas condiciones","Ana Celina Pozzi","2026-06-05 07:54:58","","","","Aéreo","2026-06-05 07:54:58",""
"LedAlvarezCondarco2080","","LED 150W","Alvarez Condarco 2080","Villa Alejandrina","Con base en buenas condiciones","Ana Celina Pozzi","2026-06-05 07:55:49","","","","Aéreo","2026-06-05 07:55:49",""
"LedAlvarezCondarco2020","","LED 150W","Alvarez Condarco 2020","Villa Alejandrina","Con base en buenas condiciones","Ana Celina Pozzi","2026-06-08 07:50:15","","","","Aéreo","2026-06-05 07:56:38",""
"LedAlvarezCondarco1970","","LED 150W","Alvarez Condarco 1970","Villa Alejandrina","Con base en buenas condiciones","Ana Celina Pozzi","2026-06-05 08:58:21","","","","Aéreo","2026-06-05 08:03:09",""
"LedEstrada4365","","LED 150W","Estrada 4365","Angelita Tagliapietra","Con base en buenas condiciones","DOMINGUEZ GRACIELA","2026-06-05 08:16:04","","","","Aéreo","2026-06-05 08:16:04",""
"LedEstrada4315","True","LED 150W","Estrada 4315","Angelita Tagliapietra","Con base en buenas condiciones","DOMINGUEZ GRACIELA","2026-06-05 08:22:28","","","","Aéreo","2026-06-05 08:18:33",""
"LedEstrada4310","","LED 150W","Estrada 4310","Angelita Tagliapietra","Con base en buenas condiciones","DOMINGUEZ GRACIELA","2026-06-05 08:24:48","","","","Aéreo","2026-06-05 08:24:48",""
"LedEstrada4280","","LED 150W","Estrada 4280","Angelita Tagliapietra","Con base en buenas condiciones","DOMINGUEZ GRACIELA","2026-06-05 09:51:40","","","","Aéreo","2026-06-05 08:27:44",""
"LedEstrada4215","","LED 150W","Estrada 4215","Angelita Tagliapietra","Con base en buenas condiciones","DOMINGUEZ GRACIELA","2026-06-05 08:30:18","","","","Aéreo","2026-06-05 08:30:18",""
"LedEstrada4180","","LED 150W","Estrada 4180","Angelita Tagliapietra","Con base en buenas condiciones","DOMINGUEZ GRACIELA","2026-06-05 08:33:19","","","","Aéreo","2026-06-05 08:33:19",""
"LedEstrada4125","","LED 150W","Estrada 4125","Angelita Tagliapietra","Con base en buenas condiciones","DOMINGUEZ GRACIELA","2026-06-05 08:37:02","","","","Aéreo","2026-06-05 08:37:02",""
"LedEstrada4080","","LED 150W","Estrada 4080","Angelita Tagliapietra","Con base en buenas condiciones","DOMINGUEZ GRACIELA","2026-06-05 08:39:28","","","","Aéreo","2026-06-05 08:39:28",""
"LedEstrada4035","","LED 150W","Estrada 4035","Angelita Tagliapietra","Con base en buenas condiciones","DOMINGUEZ GRACIELA","2026-06-05 09:48:43","","","","Aéreo","2026-06-05 08:42:02",""
"LedRepetto4020","","LED 150W","Repetto 4020","Angelita Tagliapietra","Con base en buenas condiciones","DOMINGUEZ GRACIELA","2026-06-05 08:49:50","","","","Aéreo","2026-06-05 08:49:50",""
"LedRepetto4085","","LED 150W","Repetto 4085","Angelita Tagliapietra","Con base en buenas condiciones","DOMINGUEZ GRACIELA","2026-06-05 08:53:33","","","","Aéreo","2026-06-05 08:53:33",""
"LedRepetto4120","","LED 150W","Repetto 4120","Angelita Tagliapietra","Con base en buenas condiciones","DOMINGUEZ GRACIELA","2026-06-05 08:56:17","","","","Aéreo","2026-06-05 08:56:17",""
"LedAlvarezCondarco1935","","LED 150W","Alvarez Condarco 1935","Villa Alejandrina","Con base en buenas condiciones","Ana Celina Pozzi","2026-06-05 09:00:46","","","","Aéreo","2026-06-05 09:00:46",""
"LedAlvarezCondarco1870","","LED 150W","Alvarez Condarco 1870","Villa Alejandrina","Con base en buenas condiciones","Ana Celina Pozzi","2026-06-05 09:02:11","","","","Aéreo","2026-06-05 09:02:11",""
"LedAlvarezCondarco1829","","LED 150W","Alvarez Condarco 1829","Villa Alejandrina","Con base en buenas condiciones","Ana Celina Pozzi","2026-06-05 09:02:54","","","","Aéreo","2026-06-05 09:02:54",""
"LedAlvarezCondarco1780","","LED 150W","Alvarez Condarco 1780","Villa Alejandrina","Con base en buenas condiciones","Ana Celina Pozzi","2026-06-05 09:03:51","","","","Aéreo","2026-06-05 09:03:44",""
"LedAlvarezCondarco1725","","LED 150W","Alvarez Condarco 1725","Villa Alejandrina","Con base en buenas condiciones","Ana Celina Pozzi","2026-06-05 09:04:28","","","","Aéreo","2026-06-05 09:04:28",""
"LedRepetto4189","","LED 150W","Repetto 4189","Angelita Tagliapietra","Con base en buenas condiciones","DOMINGUEZ GRACIELA","2026-06-05 09:07:39","","","","Aéreo","2026-06-05 09:07:39",""
"LedRepetto4250","","LED 150W","Repetto 4250","Angelita Tagliapietra","Con base en buenas condiciones","DOMINGUEZ GRACIELA","2026-06-05 09:10:11","","","","Aéreo","2026-06-05 09:10:11",""
"LedAvBrown1740","","LED 150W","Av Alte Brown 1740","Villa Alejandrina","Sin base","Hernan Santiago Silva","2026-06-05 10:05:13","","","","Aéreo","2026-06-05 10:05:13",""
"LedAvBrown1800","","LED 150W","Av Alte Brown 1800","Villa Alejandrina","Sin base","Hernan Santiago Silva","2026-06-05 10:09:03","","","","Aéreo","2026-06-05 10:07:27",""
"LedAvBrown1840","","LED 150W","Av Alte Brown 1840","Villa Alejandrina","Con base en buenas condiciones","Hernan Santiago Silva","2026-06-05 10:10:42","","","","Aéreo","2026-06-05 10:10:42",""
"LedAvBrown1890","","LED 150W","Av Alte Brown 1890","Villa Alejandrina","Sin base","Hernan Santiago Silva","2026-06-05 10:14:06","","","","Aéreo","2026-06-05 10:14:06",""
"LedAvBrown1950","","LED 150W","Av Alte Brown 1950","Villa Alejandrina","Con base en buenas condiciones","Hernan Santiago Silva","2026-06-05 10:21:13","","","","Aéreo","2026-06-05 10:21:13",""
"LedAvBrown2000","","LED 150W","Av Alte Brown 2000","Villa Alejandrina","Con base en buenas condiciones","Hernan Santiago Silva","2026-06-05 10:54:27","","","","Subterráneo","2026-06-05 10:24:09",""
"LedAvBrown2010","","LED 150W","Av Alte Brown 2010","Villa Alejandrina","Con base en buenas condiciones","Hernan Santiago Silva","2026-06-05 10:29:17","","","","Subterráneo","2026-06-05 10:29:17",""
"LedAvBrown2050","","LED 150W","Av Alte Brown 2050","Villa Alejandrina","Con base en buenas condiciones","Hernan Santiago Silva","2026-06-05 10:31:58","","","","Subterráneo","2026-06-05 10:30:08",""
"LedAvBrown2070","","LED 150W","Av Alte Brown 2070","Villa Alejandrina","Con base en buenas condiciones","Hernan Santiago Silva","2026-06-08 07:49:01","","","","Subterráneo","2026-06-05 10:34:07",""
"LedAvBrown2080","","LED 150W","Av Alte Brown 2080","Villa Alejandrina","Con base en buenas condiciones","Hernan Santiago Silva","2026-06-08 07:49:35","","","","Subterráneo","2026-06-05 10:36:06",""
"LedAvBrown2102","","LED 150W","Av Alte Brown 2102","Villa Alejandrina","Con base en buenas condiciones","Hernan Santiago Silva","2026-06-08 07:49:12","","","","Subterráneo","2026-06-05 10:38:49",""
"LedAvBrown2130","","LED 150W","Av Alte Brown 2130","Villa Alejandrina","Con base en buenas condiciones","Hernan Santiago Silva","2026-06-08 07:49:26","","","","Subterráneo","2026-06-05 10:40:50",""
"LedAvBrown2170","","LED 150W","Av Alte Brown 2170","Villa Alejandrina","Con base en buenas condiciones","Hernan Santiago Silva","2026-06-08 07:49:46","","","","Subterráneo","2026-06-05 10:43:50",""
"LedAvBrown2190","","LED 150W","Av Alte Brown","Villa Alejandrina","Con base en buenas condiciones","Hernan Santiago Silva","2026-06-05 10:47:15","","","","Subterráneo","2026-06-05 10:47:15",""
"LedAvBrown2200","","LED 150W","Av Alte Brown 2200","Villa Alejandrina","Con base en buenas condiciones","Hernan Santiago Silva","2026-06-05 10:50:07","","","","Subterráneo","2026-06-05 10:50:07",""
"LedAvBrown2230","","LED 150W","Av Alte Brown 2230","Villa Alejandrina","Con base en buenas condiciones","Hernan Santiago Silva","2026-06-05 10:59:27","","","","Subterráneo","2026-06-05 10:51:58",""
"LedAvDrCasillas5","","LED 150W","Av Dr Casillas 5","Guarumba","Con base en buenas condiciones","Alejandro Saposnik","2026-06-05 11:00:25","","","","Subterráneo","2026-06-05 10:56:32",""
"LedAvBrown2270","","LED 150W","Av Alte Brown","Villa Alejandrina","Con base en buenas condiciones","Hernan Santiago Silva","2026-06-05 11:10:46","","","","Subterráneo","2026-06-05 10:59:38",""
"LedAvDrCasillas55","","LED 150W","Av Dr Casillas 55","Guarumba","Con base en buenas condiciones","Alejandro Saposnik","2026-06-05 11:02:11","","","","Subterráneo","2026-06-05 11:01:32",""
"LedAvDrCasillas95","","LED 150W","Av Dr Casillas 95","Guarumba","Con base en buenas condiciones","Alejandro Saposnik","2026-06-05 11:02:39","","","","Subterráneo","2026-06-05 11:01:40",""
"LedAvBrown2290","","LED 150W","Av Alte Brown 2290","Villa Alejandrina","Con base en buenas condiciones","Hernan Santiago Silva","2026-06-05 11:32:38","","","","Subterráneo","2026-06-05 11:32:38",""
"LedEstrada3298","","LED 150W","Estrada 3298","La Tablada","Sin base","Emanuel Noriega Sosa","2026-06-05 16:45:59","","","","Aéreo","2026-06-05 16:45:59",""
"LedEstrada3290","","LED 150W","Estrada 3290","La Tablada","Con base en buenas condiciones","Emanuel Noriega Sosa","2026-06-05 16:46:56","","","","Aéreo","2026-06-05 16:46:56",""
"LedEstrada3235","","LED 150W","Estrada 3235","La Tablada","Con base en buenas condiciones","Emanuel Noriega Sosa","2026-06-05 16:48:04","","","","Aéreo","2026-06-05 16:48:04",""
"LedEstrada3170","","LED 150W","Estrada 3170","La Tablada","Con base en buenas condiciones","Emanuel Noriega Sosa","2026-06-05 16:49:49","","","","Aéreo","2026-06-05 16:49:49",""
"LedEstrada3115","","LED 150W","Estrada 3115","La Tablada","Con base en buenas condiciones","Emanuel Noriega Sosa","2026-06-05 16:51:00","","","","Aéreo","2026-06-05 16:51:00",""
"LedEstrada3093","","LED 150W","Estrada 3093","La Tablada","Con base en buenas condiciones","Emanuel Noriega Sosa","2026-06-05 16:52:07","","","","Aéreo","2026-06-05 16:52:07",""
"LedEstrada3035","","LED 150W","Estrada 3035","La Tablada","Con base en malas condiciones","Emanuel Noriega Sosa","2026-06-05 16:55:52","","","","Aéreo","2026-06-05 16:55:52",""
"LedEstrada2990","","LED 150W","Estrada 2990","La Tablada","Con base en buenas condiciones","Emanuel Noriega Sosa","2026-06-05 16:56:41","","","","Aéreo","2026-06-05 16:56:41",""
"LedEstrada2915","","LED 150W","Estrada 2915","La Tablada","Con base en buenas condiciones","Emanuel Noriega Sosa","2026-06-08 08:36:35","","","","Aéreo","2026-06-05 16:57:55",""
"LedEstrada2890","","LED 150W","Estrada 2890","La Tablada","Con base en buenas condiciones","Emanuel Noriega Sosa","2026-06-05 16:59:17","","","","Aéreo","2026-06-05 16:59:17",""
"LedEstrada2825","","LED 150W","Estrada 2825","La Tablada","Con base en buenas condiciones","Emanuel Noriega Sosa","2026-06-05 17:00:50","","","","Aéreo","2026-06-05 17:00:50",""
"LedEstrada2790","","LED 150W","Estrada 2790","La Tablada","Sin base","Emanuel Noriega Sosa","2026-06-05 17:02:47","","","","Aéreo","2026-06-05 17:02:47",""
"LedEstrada1721","","LED 150W","Estrada 2721","La Tablada","Con base en buenas condiciones","Emanuel Noriega Sosa","2026-06-05 17:04:02","","","","Aéreo","2026-06-05 17:04:02",""
"LedEstrada2799","","LED 150W","Estrada 2791","La Tablada","Sin base","Emanuel Noriega Sosa","2026-06-05 17:06:44","","","","Aéreo","2026-06-05 17:06:44",""
"LedRepetto2705","","LED 150W","Repetto 2705","La Tablada","Sin base","Emanuel Noriega Sosa","2026-06-05 17:08:52","","","","Aéreo","2026-06-05 17:08:52",""
"LedRepetto2725","","LED 150W","Repetto 2725","La Tablada","Con base en malas condiciones","Emanuel Noriega Sosa","2026-06-05 17:09:54","","","","Aéreo","2026-06-05 17:09:54",""
"LedRepetto2795","","LED 150W","Repetto 2795","La Tablada","Con base en buenas condiciones","Emanuel Noriega Sosa","2026-06-05 17:11:18","","","","Aéreo","2026-06-05 17:11:18",""
"LedRepetto2828","","LED 150W","Repetto 2828","La Tablada","Con base en buenas condiciones","Emanuel Noriega Sosa","2026-06-05 17:14:42","","","","Aéreo","2026-06-05 17:13:12",""
"LedRepetto2889","","LED 150W","Repetto 2889","La Tablada","Con base en buenas condiciones","Emanuel Noriega Sosa","2026-06-05 17:16:11","","","","Aéreo","2026-06-05 17:16:11",""
"LedRepetto2926","True","LED 150W","Repetto 2926","La Tablada","Con base en buenas condiciones","Emanuel Noriega Sosa","2026-06-05 17:17:38","","","","Aéreo","2026-06-05 17:17:38",""
"LedRepetto2975","","LED 150W","Repetto 2975","La Tablada","Con base en buenas condiciones","Emanuel Noriega Sosa","2026-06-05 17:18:53","","","","Aéreo","2026-06-05 17:18:53",""
"LedRepetto3010","","LED 150W","Repetto 3010","La Tablada","Sin base","Emanuel Noriega Sosa","2026-06-05 17:20:38","","","","Aéreo","2026-06-05 17:20:38",""
"LedRepetto3098","","LED 150W","Repetto 3098","La Tablada","Con base en buenas condiciones","Emanuel Noriega Sosa","2026-06-10 17:50:42","","","","Aéreo","2026-06-05 17:22:35",""
"LedBrasil1705","","LED 150W","Brasil 1705","Villa Alejandrina","Con base en buenas condiciones","Ana Celina Pozzi","2026-06-08 07:35:42","","","","Aéreo","2026-06-08 07:34:37",""
"LedBrasil1785","","LED 150W","Brasil 1785","Villa Alejandrina","Con base en buenas condiciones","Ana Celina Pozzi","2026-06-08 07:36:17","","","","Aéreo","2026-06-08 07:36:17",""
"LedBrasil1805","","LED 150W","Brasil 1805","Villa Alejandrina","Con base en buenas condiciones","Ana Celina Pozzi","2026-06-08 07:37:01","","","","Aéreo","2026-06-08 07:37:01",""
"LedBrasil1845","","LED 150W","Brasil 1845","Villa Alejandrina","Con base en buenas condiciones","Ana Celina Pozzi","2026-06-08 07:37:36","","","","Aéreo","2026-06-08 07:37:36",""
"LedBrasil1925","","LED 150W","Brasil 1925","Villa Alejandrina","Con base en buenas condiciones","Ana Celina Pozzi","2026-06-08 07:38:16","","","","Aéreo","2026-06-08 07:38:16",""
"LedBrasil1965","","LED 150W","Brasil 1965","Villa Alejandrina","Con base en buenas condiciones","Ana Celina Pozzi","2026-06-08 07:39:13","","","","Aéreo","2026-06-08 07:39:13",""
"LedBrasil1995","","LED 150W","Brasil 1995","Villa Alejandrina","Sin base","Ana Celina Pozzi","2026-06-08 07:39:59","","","","Aéreo","2026-06-08 07:39:59",""
"LedBrasil2015","","LED 150W","Brasil 2015","Villa Alejandrina","Sin base","Ana Celina Pozzi","2026-06-08 07:40:50","","","","Aéreo","2026-06-08 07:40:50",""
"LedBrasil2085","","LED 150W","Brasil 2085","Villa Alejandrina","Sin base","Ana Celina Pozzi","2026-06-08 07:41:32","","","","Aéreo","2026-06-08 07:41:32",""
"LedBrasil2175","","LED 150W","Brasil 2175","Villa Alejandrina","Con base en buenas condiciones","Ana Celina Pozzi","2026-06-08 07:42:18","","","","Aéreo","2026-06-08 07:42:18",""
"LedBrasil2225","","LED 150W","Brasil 2225","Villa Alejandrina","Con base en buenas condiciones","Ana Celina Pozzi","2026-06-08 07:43:39","","","","Aéreo","2026-06-08 07:43:39",""
"LedBrasil2275","","LED 150W","Brasil 2275","Villa Alejandrina","Con base en buenas condiciones","Ana Celina Pozzi","2026-06-09 09:54:55","","","","Aéreo","2026-06-08 07:45:45",""
"LedCagliero2255","","LED 150W","Cagliero 2255","Guarumba","Con base en buenas condiciones","DOMINGUEZ GRACIELA","2026-06-08 08:18:16","","","","Aéreo","2026-06-08 08:18:16",""
"LedCagliero2315","","LED 150W","Cagliero 2315","Guarumba","Con base en buenas condiciones","DOMINGUEZ GRACIELA","2026-06-08 08:25:30","","","","Aéreo","2026-06-08 08:25:30",""
"LedCagliero2275","","LED 150W","Cagliero 2275","Guarumba","Con base en buenas condiciones","DOMINGUEZ GRACIELA","2026-06-08 09:46:29","","","","Aéreo","2026-06-08 08:29:48",""
"LedCagliero2185","","LED 150W","Cagliero 2185","Guarumba","Con base en buenas condiciones","DOMINGUEZ GRACIELA","2026-06-08 08:34:10","","","","Aéreo","2026-06-08 08:34:10",""
"LedCagliero2155","","LED 150W","Cagliero 2155","Guarumba","Con base en buenas condiciones","DOMINGUEZ GRACIELA","2026-06-08 08:38:42","","","","Aéreo","2026-06-08 08:38:42",""
"LedCagliero2005","","LED 150W","Cagliero 2005","Guarumba","Con base en buenas condiciones","DOMINGUEZ GRACIELA","2026-06-08 08:45:51","","","","Aéreo","2026-06-08 08:45:51",""
"LedCagliero2055","","LED 150W","Cagliero 2055","Guarumba","Con base en buenas condiciones","DOMINGUEZ GRACIELA","2026-06-08 08:50:18","","","","Aéreo","2026-06-08 08:50:18",""
"LedGregoriaCastro1855","","LED 150W","Gregoria Castro 1855","Guarumba","Con base en buenas condiciones","DOMINGUEZ GRACIELA","2026-06-08 08:56:32","","","","Aéreo","2026-06-08 08:56:32",""
"Led GregoriaCastro4182","","LED 150W","Gregoria Castro 4182","Guarumba","Con base en buenas condiciones","DOMINGUEZ GRACIELA","2026-06-08 09:03:48","","","","Aéreo","2026-06-08 09:03:48",""
"LedGregoriaCastro4120","","LED 150W","Gregoria Castro 4120","Guarumba","Con base en buenas condiciones","DOMINGUEZ GRACIELA","2026-06-08 09:07:52","","","","Aéreo","2026-06-08 09:07:52",""
"LedArtigas2380","","LED 150W","Artigas 2380","Guarumba","Con base en buenas condiciones","DOMINGUEZ GRACIELA","2026-06-08 09:18:43","","","","Aéreo","2026-06-08 09:18:43",""
"LedArtigas2320","","LED 150W","Artigas 2320","Guarumba","Con base en buenas condiciones","DOMINGUEZ GRACIELA","2026-06-08 09:27:52","","","","Aéreo","2026-06-08 09:27:52",""
"LedArtigas2185","","LED 150W","Artigas 2185","Guarumba","Con base en buenas condiciones","DOMINGUEZ GRACIELA","2026-06-08 09:32:14","","","","Aéreo","2026-06-08 09:32:14",""
"LedArtigas2160","","LED 150W","Artigas 2160","Guarumba","Con base en buenas condiciones","DOMINGUEZ GRACIELA","2026-06-08 09:40:44","","","","Aéreo","2026-06-08 09:40:44",""
"LedArtigas2050","","LED 150W","Artigas 2050","Guarumba","Con base en buenas condiciones","DOMINGUEZ GRACIELA","2026-06-08 09:43:06","","","","Aéreo","2026-06-08 09:43:06",""
"LedArtigas1970","","LED 150W","Artigas 1970","Guarumba","Con base en buenas condiciones","DOMINGUEZ GRACIELA","2026-06-08 09:48:16","","","","Aéreo","2026-06-08 09:48:16",""
"LedArtigas1930","","LED 150W","Artigas 1930","Guarumba","Con base en buenas condiciones","DOMINGUEZ GRACIELA","2026-06-08 09:50:55","","","","Aéreo","2026-06-08 09:50:55",""
"LedGregoriaPerez2036","","LED 150W","Gregoria Perez 2036","Guarumba","Con base en buenas condiciones","DOMINGUEZ GRACIELA","2026-06-08 10:36:49","","","","Aéreo","2026-06-08 10:36:49",""
"LedGregoriaPerez2010","","LED 150W","Gregoria Pérez 2010","Guarumba","Con base en buenas condiciones","DOMINGUEZ GRACIELA","2026-06-08 10:40:13","","","","Aéreo","2026-06-08 10:40:13",""
"LedGregoriaPerez2090","","LED 150W","Gregoria Pérez 2090","Guarumba","Con base en buenas condiciones","DOMINGUEZ GRACIELA","2026-06-08 10:46:48","","","","Aéreo","2026-06-08 10:46:48",""
"LedGregoriaPerez2228","","LED 150W","Gregoria Pérez 2228","Guarumba","Con base en buenas condiciones","DOMINGUEZ GRACIELA","2026-06-08 10:50:31","","","","Aéreo","2026-06-08 10:50:31",""
"LedGregoriaPerez2218","","LED 150W","Gregoria Pérez 2218","Guarumba","Con base en buenas condiciones","DOMINGUEZ GRACIELA","2026-06-08 10:57:11","","","","Aéreo","2026-06-08 10:57:11",""
"LedMitre1760","","LED 150W","Mitre 1760","La Tablada","Sin base","Ana Celina Pozzi","2026-06-09 09:06:10","","","","Aéreo","2026-06-08 18:46:16",""
"LedMitre1720","","LED 150W","Mitre 1720","La Tablada","Con base en buenas condiciones","Ana Celina Pozzi","2026-06-09 09:06:25","","","","Aéreo","2026-06-08 18:47:31",""
"LedMitre1820","","LED 150W","Mitre 1820","La Tablada","Sin base","Ana Celina Pozzi","2026-06-08 18:49:07","","","","Aéreo","2026-06-08 18:49:07",""
"LedMitre1880","","LED 150W","Mitre 1880","La Tablada","Con base en buenas condiciones","Ana Celina Pozzi","2026-06-08 18:50:06","","","","Aéreo","2026-06-08 18:50:06",""
"LedMitre1940","","LED 150W","Mitre 1940","La Tablada","Con base en buenas condiciones","Ana Celina Pozzi","2026-06-08 18:51:10","","","","Aéreo","2026-06-08 18:51:10",""
"LedMitre1975","","LED 150W","Mitre 1975","La Tablada","Sin base","Ana Celina Pozzi","2026-06-08 18:53:14","","","","Aéreo","2026-06-08 18:53:14",""
"LedMitre2030","","LED 150W","Mitre 2030","La Tablada","Con base en buenas condiciones","Ana Celina Pozzi","2026-06-08 18:54:06","","","","Aéreo","2026-06-08 18:54:06",""
"LedMitre2079","","LED 150W","Mitre 2079","La Tablada","Sin base","Ana Celina Pozzi","2026-06-08 18:55:12","","","","Aéreo","2026-06-08 18:55:12",""
"LedMitre2134","","LED 150W","Mitre 2134","La Tablada","Con base en buenas condiciones","Ana Celina Pozzi","2026-06-08 18:57:23","","","","Aéreo","2026-06-08 18:57:23",""
"LedMitre2165","","LED 150W","Mitre 2165","La Tablada","Con base en buenas condiciones","Ana Celina Pozzi","2026-06-08 18:58:24","","","","Aéreo","2026-06-08 18:58:24",""
"LedMitre2220","","LED 150W","Mitre 2220","La Tablada","Sin base","Ana Celina Pozzi","2026-06-08 18:59:21","","","","Aéreo","2026-06-08 18:59:21",""
"LedMitre2275","","LED 150W","Mitre 2275","La Tablada","Con base en buenas condiciones","Ana Celina Pozzi","2026-06-08 19:00:10","","","","Aéreo","2026-06-08 19:00:10",""
"LedMoreno2285","","LED 150W","Moreno 2285","La Tablada","Con base en buenas condiciones","Ana Celina Pozzi","2026-06-08 19:07:52","","","","Aéreo","2026-06-08 19:07:52",""
"LedMoreno2230","","LED 150W","Moreno 2230","La Tablada","Con base en buenas condiciones","Ana Celina Pozzi","2026-06-08 19:08:41","","","","Aéreo","2026-06-08 19:08:41",""
"LedMoreno2185","","LED 150W","Moreno 2185","La Tablada","Con base en buenas condiciones","Ana Celina Pozzi","2026-06-08 19:11:23","","","","Aéreo","2026-06-08 19:10:47",""
"LedMoreno2120","","LED 150W","Moreno 2120","La Tablada","Con base en buenas condiciones","Ana Celina Pozzi","2026-06-08 19:13:03","","","","Aéreo","2026-06-08 19:13:03",""
"LedMoreno2095","","LED 150W","Moreno 2095","La Tablada","Con base en buenas condiciones","Ana Celina Pozzi","2026-06-08 19:13:58","","","","Aéreo","2026-06-08 19:13:58",""
"LedMoreno2040","","LED 150W","Moreno 2040","La Tablada","Con base en buenas condiciones","Ana Celina Pozzi","2026-06-08 19:15:03","","","","Aéreo","2026-06-08 19:15:03",""
"LedMoreno1975","","LED 150W","Moreno 1975","La Tablada","Con base en malas condiciones","Ana Celina Pozzi","2026-06-08 19:15:59","","","","Aéreo","2026-06-08 19:15:59",""
"LedMoreno1930","","LED 150W","Moreno 1930","La Tablada","Sin base","Ana Celina Pozzi","2026-06-08 19:16:55","","","","Aéreo","2026-06-08 19:16:55",""
"LedMoreno1895","","LED 150W","Moreno 1895","La Tablada","Con base en buenas condiciones","Ana Celina Pozzi","2026-06-08 19:18:14","","","","Aéreo","2026-06-08 19:18:14",""
"LedMoreno1839","","LED 150W","Moreno 1839","La Tablada","Sin base","Ana Celina Pozzi","2026-06-08 19:19:23","","","","Aéreo","2026-06-08 19:19:23",""
"LedMoreno1805","","LED 150W","Moreno 1805","La Tablada","Sin base","Ana Celina Pozzi","2026-06-08 19:20:40","","","","Aéreo","2026-06-08 19:20:00",""
"LedMoreno1765","","LED 150W","Moreno 1765","La Tablada","Con base en buenas condiciones","Ana Celina Pozzi","2026-06-08 19:22:18","","","","Aéreo","2026-06-08 19:22:18",""
"LedMoreno1730","","LED 150W","Moreno 1730","La Tablada","Con base en buenas condiciones","Ana Celina Pozzi","2026-06-08 19:22:59","","","","Aéreo","2026-06-08 19:22:59",""
"LedUrquiza1745","","LED 150W","Urquiza 1745","La Tablada","Sin base","Ana Celina Pozzi","2026-06-08 19:27:03","","","","Aéreo","2026-06-08 19:27:03",""
"LedUrquiza1782","","LED 150W","Urquiza 1782","La Tablada","Con base en buenas condiciones","Ana Celina Pozzi","2026-06-08 19:28:07","","","","Aéreo","2026-06-08 19:28:07",""
"LedUrquiza1845","","LED 150W","Urquiza 1845","La Tablada","Con base en buenas condiciones","Ana Celina Pozzi","2026-06-08 19:29:28","","","","Aéreo","2026-06-08 19:29:28",""
"LedUrquiza1895","","LED 150W","Urquiza 1895","La Tablada","Con base en buenas condiciones","Ana Celina Pozzi","2026-06-08 19:30:39","","","","Aéreo","2026-06-08 19:30:39",""
"LedUrquiza1935","","LED 150W","Urquiza 1935","La Tablada","Con base en buenas condiciones","Ana Celina Pozzi","2026-06-08 19:32:25","","","","Aéreo","2026-06-08 19:32:25",""
"LedUrquiza1995","","LED 150W","Urquiza 1995","La Tablada","Con base en buenas condiciones","Ana Celina Pozzi","2026-06-08 19:33:08","","","","Aéreo","2026-06-08 19:33:08",""
"LedUrquiza2055","","LED 150W","Urquiza 2055","La Tablada","Con base en buenas condiciones","Ana Celina Pozzi","2026-06-08 19:34:01","","","","Aéreo","2026-06-08 19:34:01",""
"LedUrquiza2080","","LED 150W","Urquiza 2080","La Tablada","Sin base","Ana Celina Pozzi","2026-06-09 07:30:15","","","","Aéreo","2026-06-09 07:30:15",""
"LedUrquiza2125","","LED 150W","Urquiza 2125","La Tablada","Con base en buenas condiciones","Ana Celina Pozzi","2026-06-09 07:31:30","","","","Aéreo","2026-06-09 07:31:30",""
"LedUrquiza2180","","LED 150W","Urquiza 2180","La Tablada","Sin base","Ana Celina Pozzi","2026-06-09 07:32:35","","","","Aéreo","2026-06-09 07:32:35",""
"LedUrquiza2205","","LED 150W","Urquiza 2205","La Tablada","Con base en buenas condiciones","Ana Celina Pozzi","2026-06-23 10:27:47","","","","Aéreo","2026-06-09 07:33:33",""
"LedUrquiza2240","","LED 150W","Urquiza 2240","La Tablada","Con base en buenas condiciones","Ana Celina Pozzi","2026-06-09 07:34:30","","","","Aéreo","2026-06-09 07:34:16",""
"LedSAntonio2455","","LED 150W","S Antonio 2455","Guarumba","Con base en buenas condiciones","DOMINGUEZ GRACIELA","2026-06-09 16:15:26","","","","Aéreo","2026-06-09 16:15:26",""
"LedSAntonio2350","","LED 150W","S Antonio 2350","Guarumba","Con base en buenas condiciones","DOMINGUEZ GRACIELA","2026-06-09 16:18:52","","","","Aéreo","2026-06-09 16:18:52",""
"LedSAntonio2310","","LED 150W","S Antonio 2310","Guarumba","Con base en buenas condiciones","DOMINGUEZ GRACIELA","2026-06-09 16:20:58","","","","Aéreo","2026-06-09 16:20:58",""
"LedSAntonio2285","","LED 150W","S Antonio 2285","Guarumba","Con base en buenas condiciones","DOMINGUEZ GRACIELA","2026-06-09 16:23:48","","","","Aéreo","2026-06-09 16:23:48",""
"LedSAntonio2240","","LED 150W","S Antonio 2240","Guarumba","Con base en buenas condiciones","DOMINGUEZ GRACIELA","2026-06-09 16:26:35","","","","Aéreo","2026-06-09 16:26:35",""
"LedSAntonio2185","","LED 150W","S Antonio 2185","Guarumba","Con base en buenas condiciones","DOMINGUEZ GRACIELA","2026-06-09 16:33:21","","","","Aéreo","2026-06-09 16:33:21",""
"LedSAntonio2135","","LED 150W","S Antonio 2135","Guarumba","Con base en buenas condiciones","DOMINGUEZ GRACIELA","2026-06-09 16:37:31","","","","Aéreo","2026-06-09 16:37:31",""
"LedSAntonio2015","","LED 150W","S Antonio 2015","Guarumba","Con base en buenas condiciones","DOMINGUEZ GRACIELA","2026-06-09 16:43:03","","","","Aéreo","2026-06-09 16:43:03",""
"LedSAntonio2080","","LED 150W","S Antonio 2080","Guarumba","Con base en buenas condiciones","DOMINGUEZ GRACIELA","2026-06-09 16:45:12","","","","Aéreo","2026-06-09 16:45:12",""
"LedHernandarias2090","","LED 150W","Hernandarias 2090","Guarumba","Con base en buenas condiciones","DOMINGUEZ GRACIELA","2026-06-09 16:53:12","","","","Aéreo","2026-06-09 16:53:12",""
"LedHernandarias2050","","LED 150W","Hernandarias 2050","Guarumba","Con base en buenas condiciones","DOMINGUEZ GRACIELA","2026-06-09 16:56:32","","","","Aéreo","2026-06-09 16:56:32",""
"LedHernandarias1980","","LED 150W","Hernandarias 1980","Guarumba","Con base en buenas condiciones","DOMINGUEZ GRACIELA","2026-06-09 17:05:40","","","","Aéreo","2026-06-09 17:05:40",""
"LedHernandarias1957","","LED 150W","Hernandarias 1957","Guarumba","Con base en buenas condiciones","DOMINGUEZ GRACIELA","2026-06-10 10:26:17","","","","Aéreo","2026-06-09 17:06:44",""
"LedHernandarias1890","","LED 150W","Hernandarias 1890","Guarumba","Con base en buenas condiciones","DOMINGUEZ GRACIELA","2026-06-09 17:12:46","","","","Aéreo","2026-06-09 17:12:46",""
"LedHernandarias1825","","LED 150W","Hernandarias 1825","Guarumba","Con base en buenas condiciones","DOMINGUEZ GRACIELA","2026-06-09 17:17:57","","","","Aéreo","2026-06-09 17:17:57",""
"LedHernandarias1765","","LED 150W","Hernandarias 1765","Guarumba","Con base en buenas condiciones","DOMINGUEZ GRACIELA","2026-06-09 17:20:42","","","","Aéreo","2026-06-09 17:20:42",""
"LedHernandarias1730","","LED 150W","Hernandarias 1730","Guarumba","Con base en buenas condiciones","DOMINGUEZ GRACIELA","2026-06-09 17:24:24","","","","Aéreo","2026-06-09 17:24:24",""
"LedJuanDeSanMartin2017","","LED 150W","Juan De San Martin 2017","Guarumba","Con base en buenas condiciones","DOMINGUEZ GRACIELA","2026-06-09 17:31:16","","","","Aéreo","2026-06-09 17:31:16",""
"LedJuanDeSanMartin1980","","LED 150W","Juan De San Martín 1980","Guarumba","Con base en buenas condiciones","DOMINGUEZ GRACIELA","2026-06-09 17:34:29","","","","Aéreo","2026-06-09 17:34:29",""
"LedJuanDeSanMartin1920","","LED 150W","Juan De San Martín 1920","Guarumba","Con base en buenas condiciones","DOMINGUEZ GRACIELA","2026-06-09 17:36:57","","","","Aéreo","2026-06-09 17:36:57",""
"LedJuanDeSanMartin4280","","LED 150W","Juan De San Martín 4280","Guarumba","Con base en buenas condiciones","DOMINGUEZ GRACIELA","2026-06-09 17:41:25","","","","Aéreo","2026-06-09 17:41:25",""
"Led JuanDeSanMartin4215","","LED 150W","Juan De San Martín 4215","Guarumba","Con base en buenas condiciones","DOMINGUEZ GRACIELA","2026-06-09 17:45:13","","","","Aéreo","2026-06-09 17:45:13",""
"LedJuanDeSanMartin3454","","LED 150W","Juan De San Martín 3454","Guarumba","Con base en buenas condiciones","DOMINGUEZ GRACIELA","2026-06-09 17:52:49","","","","Aéreo","2026-06-09 17:52:49",""
"LedJuanDeSanMartin4381","","LED 150W","Juan De San Martín 4381","Guarumba","Con base en buenas condiciones","DOMINGUEZ GRACIELA","2026-06-09 18:02:23","","","","Aéreo","2026-06-09 18:02:23",""
"LedAv9deJulio2100","","LED 150W","Av 9 de Julio 2100","Villa Alejandrina","Con base en buenas condiciones","Hernan Santiago Silva","2026-06-10 08:56:18","","","","Aéreo","2026-06-10 08:52:51",""
"LedAv9deJulio2198","","","Av 9 de Julio 2198","Villa Alejandrina","Con base en buenas condiciones","Hernan Santiago Silva","2026-06-10 09:01:22","","","","Aéreo","2026-06-10 09:01:22",""
"LedAv9deJulio2240","","LED 150W","Av 9 de Julio 2240","Villa Alejandrina","Con base en buenas condiciones","Hernan Santiago Silva","2026-06-10 09:04:11","","","","Aéreo","2026-06-10 09:04:11",""
"LedAv9deJulio2280","","LED 150W","Av 9 de Julio 2280","Villa Alejandrina","Con base en buenas condiciones","Hernan Santiago Silva","2026-06-10 09:07:23","","","","Aéreo","2026-06-10 09:07:23",""
"LedAv9deJulio2300","","LED 150W","Av9deJulio2300","Villa Alejandrina","Con base en buenas condiciones","Hernan Santiago Silva","2026-06-10 09:10:25","","","","Aéreo","2026-06-10 09:10:25",""
"LedAv9deJulio2370","","LED 150W","Av 9 de Julio","Villa Alejandrina","Con base en buenas condiciones","Hernan Santiago Silva","2026-06-10 09:13:06","","","","Aéreo","2026-06-10 09:13:06",""
"LedAv9deJulio2410","","LED 150W","Av 9 de Julio 2410","Villa Alejandrina","Con base en buenas condiciones","Hernan Santiago Silva","2026-06-10 09:15:50","","","","Aéreo","2026-06-10 09:15:50",""
"LedAv2460","","LED 150W","Av 9 de Julio 2460","Villa Alejandrina","Con base en buenas condiciones","Hernan Santiago Silva","2026-06-10 09:18:16","","","","Aéreo","2026-06-10 09:18:16",""
"LedAv9deJulilo2510","","LED 150W","Av 9 de Julio 2510","Villa Alejandrina","Con base en buenas condiciones","Hernan Santiago Silva","2026-06-10 09:38:21","","","","Aéreo","2026-06-10 09:18:28",""
"LedAv9deJulio2560","","LED 150W","Av 9 de Julio","Villa Alejandrina","Con base en buenas condiciones","Hernan Santiago Silva","2026-06-10 09:41:28","","","","Aéreo","2026-06-10 09:41:28",""
"LedAv9deJulio2590","","LED 150W","Av 9 de Julio 2590","Villa Alejandrina","Con base en buenas condiciones","Hernan Santiago Silva","2026-06-10 10:53:21","","","","Aéreo","2026-06-10 09:43:38",""
"LedAv9deJulio 2624","","LED 150W","Av 9 de Julio","Villa Alejandrina","Con base en buenas condiciones","Hernan Santiago Silva","2026-06-10 09:47:43","","","","Aéreo","2026-06-10 09:47:43",""
"LedAv9dejulio2684","","LED 150W","Av 9 de Julio 2684","Villa Alejandrina","Con base en buenas condiciones","Hernan Santiago Silva","2026-06-10 09:54:08","","","","Aéreo","2026-06-10 09:51:01",""
"LedAvBelgrano1710","","LED 150W","Av Belgrano 1710","Villa Alejandrina","Con base en buenas condiciones","Hernan Santiago Silva","2026-06-19 08:56:05","","","","Subterráneo","2026-06-10 09:55:39",""
"LedCombatienteDeMalvinas2290","","LED 150W","Combatientes De Malvinas 2290","Guarumba","Con base en buenas condiciones","DOMINGUEZ GRACIELA","2026-06-24 10:21:23","","","","Aéreo","2026-06-10 09:58:17",""
"LedAvBelgrano1750","","LED 150W","Av Belgrano 1750","Villa Alejandrina","Con base en buenas condiciones","Hernan Santiago Silva","2026-06-10 10:04:47","","","","Subterráneo","2026-06-10 09:58:56",""
"LedCombatientesDeMalvinas2230","","LED 150W","Combatientes De Malvinas 2230","Guarumba","Con base en buenas condiciones","DOMINGUEZ GRACIELA","2026-06-10 10:00:55","","","","Aéreo","2026-06-10 10:00:55",""
"LedAvBelgrano1790","","LED 150W","Av Belgrano 1790","Villa Alejandrina","Con base en buenas condiciones","Hernan Santiago Silva","2026-06-10 10:01:15","","","","Subterráneo","2026-06-10 10:01:15",""
"LedPuertoArgentino4695","","LED 150W","Puerto Argentino 4695","Guarumba","Con base en buenas condiciones","DOMINGUEZ GRACIELA","2026-06-10 10:06:13","","","","Aéreo","2026-06-10 10:06:13",""
"LedPuertoArgentino4050","","LED 150W","Puerto Argentino 4050","Guarumba","Con base en buenas condiciones","DOMINGUEZ GRACIELA","2026-06-10 10:08:34","","","","Aéreo","2026-06-10 10:08:34",""
"LedAvBelgrano1814","","LED 150W","Av Belgrano 1814","Villa Alejandrina","Con base en buenas condiciones","Hernan Santiago Silva","2026-06-10 10:10:06","","","","Subterráneo","2026-06-10 10:10:06",""
"LedAvBelgrano1830","","LED 150W","Av Belgrano 1830","Villa Alejandrina","Con base en buenas condiciones","Hernan Santiago Silva","2026-06-10 10:12:09","","","","Subterráneo","2026-06-10 10:12:09",""
"LedPasajeLuisVernet2170","","LED 150W","Pasaje Luis Vernet 2170","Guarumba","Con base en buenas condiciones","DOMINGUEZ GRACIELA","2026-06-10 10:12:18","","","","Aéreo","2026-06-10 10:12:18",""
"LedAvBelgrano1852","","LED 150W","Av Belgrano 1852","Villa Alejandrina","Con base en buenas condiciones","Hernan Santiago Silva","2026-06-10 10:15:38","","","","Subterráneo","2026-06-10 10:12:18",""
"LedAvBelgrano1896","","LED 150W","Av Belgrano 1896","Villa Alejandrina","Con base en buenas condiciones","Hernan Santiago Silva","2026-06-10 10:18:40","","","","Subterráneo","2026-06-10 10:18:40",""
"LedAvBelgrano1910","","LED 150W","Av Belgrano 1910","Villa Alejandrina","Con base en buenas condiciones","Hernan Santiago Silva","2026-06-10 10:30:11","","","","Subterráneo","2026-06-10 10:30:11",""
"LedAvBelgrano1926","","LED 150W","Av Belgrano 1926","Villa Alejandrina","Con base en buenas condiciones","Hernan Santiago Silva","2026-06-10 10:36:08","","","","Subterráneo","2026-06-10 10:32:59",""
"LedAvBelgrano1956","","LED 150W","Av Belgrano 1956","Villa Alejandrina","Con base en buenas condiciones","Hernan Santiago Silva","2026-06-10 10:41:02","","","","Subterráneo","2026-06-10 10:41:02",""
"LedAvBelgrano1998","","LED 150W","Av Belgrano 1998","Villa Alejandrina","Con base en buenas condiciones","Hernan Santiago Silva","2026-06-10 10:43:09","","","","Subterráneo","2026-06-10 10:43:09",""
"LedAvBelgrano2010","","LED 150W","Av Belgrano 2010","Villa Alejandrina","Con base en buenas condiciones","Hernan Santiago Silva","2026-06-24 17:34:05","","","","Subterráneo","2026-06-10 10:49:30",""
"LedPasajeCruceroGeneralBelgrano4730","","LED 150W","Pasaje Crucero General Belgrano 4730","Guarumba","Con base en buenas condiciones","DOMINGUEZ GRACIELA","2026-06-10 10:50:52","","","","Aéreo","2026-06-10 10:50:52",""
"LedPasajeCruceroGeneralBelgrano4780","","LED 150W","Pasaje Crucero General Belgrano 4780","Guarumba","Con base en buenas condiciones","DOMINGUEZ GRACIELA","2026-06-10 10:53:03","","","","Aéreo","2026-06-10 10:53:03",""
"LedAvBelgrano2030","","LED 150W","Av Belgrano 2030","Villa Alejandrina","Con base en buenas condiciones","Hernan Santiago Silva","2026-06-10 11:18:23","","","","Subterráneo","2026-06-10 10:58:56",""
"LedAvBelgrano2098","","LED 150W","Av Belgrano 2098","Villa Alejandrina","Con base en buenas condiciones","Hernan Santiago Silva","2026-06-10 11:02:08","","","","Subterráneo","2026-06-10 11:02:08",""
"LedMartinFierro3015","","LED 150W","Martin Fierro 3015","La Tablada","Con base en buenas condiciones","Emanuel Noriega Sosa","2026-06-10 16:28:03","","","","Aéreo","2026-06-10 16:28:03",""
"LedMartinFierro3070","True","LED 150W","Martin Fierro 3070","La Tablada","Con base en malas condiciones","Emanuel Noriega Sosa","2026-06-10 16:29:32","","","","Aéreo","2026-06-10 16:29:32",""
"LedMartinFierro3125","","LED 150W","Martin Fierro 3125","La Tablada","Con base en buenas condiciones","Emanuel Noriega Sosa","2026-06-10 16:31:08","","","","Aéreo","2026-06-10 16:31:08",""
"LedMartinFierro3170","","LED 150W","Martin Fierro 3170","La Tablada","Con base en buenas condiciones","Emanuel Noriega Sosa","2026-06-10 16:32:32","","","","Aéreo","2026-06-10 16:32:32",""
"LedMartinFierro3215","","LED 150W","Martin Fierro 3215","La Tablada","Con base en buenas condiciones","Emanuel Noriega Sosa","2026-06-10 16:34:13","","","","Aéreo","2026-06-10 16:34:13",""
"LedMartinFierro3270","","LED 150W","Martin Fierro 3270","La Tablada","Con base en buenas condiciones","Emanuel Noriega Sosa","2026-06-10 16:35:06","","","","Aéreo","2026-06-10 16:35:06",""
"LedSanMartin2275","","LED 150W","San Martin 2275","La Tablada","Con base en buenas condiciones","Ana Celina Pozzi","2026-06-10 16:35:39","","","","Aéreo","2026-06-10 16:35:39",""
"LedSanMartin2240","","LED 150W","San Martin 2240","La Tablada","Con base en buenas condiciones","Ana Celina Pozzi","2026-06-10 16:39:06","","","","Aéreo","2026-06-10 16:36:57",""
"LedMartinFierro3298","","LED 150W","Martin Fierro 3298","La Tablada","Sin base","Emanuel Noriega Sosa","2026-06-10 16:36:59","","","","Aéreo","2026-06-10 16:36:59",""
"LedCorrientes3298","","LED 150W","Corrientes 3298","La Tablada","Sin base","Emanuel Noriega Sosa","2026-06-10 16:38:41","","","","Aéreo","2026-06-10 16:38:41",""
"LedCorrientes3270","True","","Corrientes 3270","La Tablada","Con base en buenas condiciones","Emanuel Noriega Sosa","2026-06-10 16:40:08","","","","Aéreo","2026-06-10 16:40:08",""
"LedCorrientes3225","","LED 150W","Corrientes 3225","La Tablada","Con base en buenas condiciones","Emanuel Noriega Sosa","2026-06-10 16:41:03","","","","Aéreo","2026-06-10 16:41:03",""
"LedCorrientes3150","","LED 150W","Corrientes 3150","La Tablada","Con base en buenas condiciones","Emanuel Noriega Sosa","2026-06-10 16:42:06","","","","Aéreo","2026-06-10 16:42:06",""
"LedCorrientes3125","","LED 150W","Corrientes 3125","La Tablada","Con base en buenas condiciones","Emanuel Noriega Sosa","2026-06-10 16:43:29","","","","Aéreo","2026-06-10 16:43:29",""
"LedSanMartin2165","","LED 150W","San Martin 2165","La Tablada","Con base en buenas condiciones","Ana Celina Pozzi","2026-06-10 16:44:34","","","","Aéreo","2026-06-10 16:44:34",""
"LedCorrientes3080","","LED 150W","Corrientes 3080","La Tablada","Con base en buenas condiciones","Emanuel Noriega Sosa","2026-06-10 16:44:47","","","","Aéreo","2026-06-10 16:44:47",""
"LedCorrientes3015","","LED 150W","Corrientes 3015","La Tablada","Con base en buenas condiciones","Emanuel Noriega Sosa","2026-06-10 16:46:32","","","","Aéreo","2026-06-10 16:46:32",""
"LedSanMartin2110","","LED 150W","San Martin 2110","La Tablada","Sin base","Ana Celina Pozzi","2026-06-10 16:50:02","","","","Aéreo","2026-06-10 16:48:23",""
"LedCorrientes2990","","LED 150W","Corrientes 2990","La Tablada","Con base en buenas condiciones","Emanuel Noriega Sosa","2026-06-10 16:48:24","","","","Aéreo","2026-06-10 16:48:24",""
"LedCorrientes2817","","LED 150W","Corrientes 2917","La Tablada","Con base en buenas condiciones","Emanuel Noriega Sosa","2026-06-10 16:49:55","","","","Aéreo","2026-06-10 16:49:55",""
"LedCorrientes2888","","LED 150W","Corrientes 2988","La Tablada","Con base en buenas condiciones","Emanuel Noriega Sosa","2026-06-10 16:50:56","","","","Aéreo","2026-06-10 16:50:56",""
"LedSanMartin2079","","LED 150W","San Martin 2079","La Tablada","Con base en buenas condiciones","Ana Celina Pozzi","2026-06-10 16:52:25","","","","Aéreo","2026-06-10 16:52:25",""
"LedCorrientes2815","","LED 150W","Corrientes 2815","La Tablada","Con base en buenas condiciones","Emanuel Noriega Sosa","2026-06-10 16:52:37","","","","Aéreo","2026-06-10 16:52:37",""
"LedSanMartin2020","","LED 150W","San Martin 2020","La Tablada","Con base en buenas condiciones","Ana Celina Pozzi","2026-06-10 16:54:09","","","","Aéreo","2026-06-10 16:52:42",""
"LedCorrientes2785","","LED 150W","Corrientes 2785","La Tablada","Con base en buenas condiciones","Emanuel Noriega Sosa","2026-06-10 16:54:35","","","","Aéreo","2026-06-10 16:54:35",""
"LedCorrientes2715","","LED 150W","Corrientes 2715","La Tablada","Con base en buenas condiciones","Emanuel Noriega Sosa","2026-06-18 10:08:10","","","","Aéreo","2026-06-10 16:56:29",""
"LedMartinFierro2709","","LED 150W","Martin Fierro 2709","La Tablada","Con base en buenas condiciones","Emanuel Noriega Sosa","2026-06-10 16:58:54","","","","Aéreo","2026-06-10 16:58:54",""
"LedMartinFierro2780","","LED 150W","Martin Fierro 2780","La Tablada","Con base en buenas condiciones","Emanuel Noriega Sosa","2026-06-10 17:00:23","","","","Aéreo","2026-06-10 17:00:23",""
"LedMartinFierro2817","","LED 150W","Martin Fierro 2817","La Tablada","Con base en buenas condiciones","Emanuel Noriega Sosa","2026-06-10 17:01:25","","","","Aéreo","2026-06-10 17:01:25",""
"LedSanMartin1975","","LED 150W","San Martin 1975","La Tablada","Con base en buenas condiciones","Ana Celina Pozzi","2026-06-10 17:01:44","","","","Aéreo","2026-06-10 17:01:44",""
"LedMartinFierro2890","","LED 150W","Martin Fierro 2890","La Tablada","Con base en buenas condiciones","Emanuel Noriega Sosa","2026-06-10 17:02:48","","","","Aéreo","2026-06-10 17:02:48",""
"LedSanMartin1920","","LED 150W","San Martin 1920","La Tablada","Con base en buenas condiciones","Ana Celina Pozzi","2026-06-10 17:03:15","","","","Aéreo","2026-06-10 17:03:15",""
"LedMartinFierro2935","","LED 150W","Martin 2935","La Tablada","Con base en buenas condiciones","Emanuel Noriega Sosa","2026-06-10 17:03:54","","","","Aéreo","2026-06-10 17:03:54",""
"LedSanMartin1885","","LED 150W","San Martin 1885","La Tablada","Con base en buenas condiciones","Ana Celina Pozzi","2026-06-10 17:08:38","","","","Aéreo","2026-06-10 17:05:50",""
"LedSanMartin1820","","LED 150W","San Martin 1820","La Tablada","Con base en buenas condiciones","Ana Celina Pozzi","2026-06-10 17:11:53","","","","Aéreo","2026-06-10 17:11:53",""
"LedSanMartin1765","","LED 150W","San Martin 176585","La Tablada","Con base en buenas condiciones","Ana Celina Pozzi","2026-06-10 17:19:27","","","","Aéreo","2026-06-10 17:16:40",""
"LedSanMartin1735","","LED 150W","San Martin 1735","La Tablada","Sin base","Ana Celina Pozzi","2026-06-12 17:58:47","","","R/065146","Aéreo","2026-06-10 17:21:10",""
"LedBolivar1720","","LED 150W","Bolivar 1720","La Tablada","Con base en buenas condiciones","Ana Celina Pozzi","2026-06-12 17:42:58","","","","Aéreo","2026-06-10 17:22:11",""
"","","","","","","","","","","R/065166","","",""
"LedRepetto3140","","LED 150W","Repetto 3140","La Tablada","Con base en buenas condiciones","Emanuel Noriega Sosa","2026-06-10 17:23:40","","","","Aéreo","2026-06-10 17:23:40",""
"LedBolivar1775","","LED 150W","Bolivar 1775","La Tablada","Sin base","Ana Celina Pozzi","2026-06-10 17:25:46","","","","Aéreo","2026-06-10 17:25:46",""
"LedBolivar1830","","LED 150W","Bolivar 1830","La Tablada","Con base en buenas condiciones","Ana Celina Pozzi","2026-06-10 17:30:30","","","","Aéreo","2026-06-10 17:25:55",""
"LedRepetto3176","","LED 150W","Repetto 3176","La Tablada","Sin base","Emanuel Noriega Sosa","2026-06-10 17:26:16","","","","Aéreo","2026-06-10 17:26:16",""
"LedRepetto3210","","LED 150W","Repetto 3210","La Tablada","Sin base","Emanuel Noriega Sosa","2026-06-10 17:29:23","","","","Aéreo","2026-06-10 17:28:26",""
"LedRepetto3298","","LED 150W","Repetto 3298","La Tablada","Sin base","Emanuel Noriega Sosa","2026-06-10 17:31:06","","","","Aéreo","2026-06-10 17:31:06",""
"LedBolivar1885","","LED 150W","Bolivar 1885","La Tablada","Con base en buenas condiciones","Ana Celina Pozzi","2026-06-10 17:33:26","","","","Aéreo","2026-06-10 17:31:58",""
"LedRepetto3260","","LED 150W","Repetto 3260","La Tablada","Sin base","Emanuel Noriega Sosa","2026-06-10 17:34:28","","","","Aéreo","2026-06-10 17:34:00",""
"LedBolivar1940","","LED 150W","Bolivar 1940","La Tablada","Con base en buenas condiciones","Ana Celina Pozzi","2026-06-22 09:04:44","","","","Aéreo","2026-06-10 17:35:04",""
"LedGuarumba3290","","LED 150W","Guarumba 3290","La Tablada","Con base en buenas condiciones","Emanuel Noriega Sosa","2026-06-10 17:36:10","","","","Aéreo","2026-06-10 17:36:10",""
"LedBolivar1987","","LED 150W","Bolivar 1987","La Tablada","Con base en buenas condiciones","Ana Celina Pozzi","2026-06-10 17:37:11","","","","Aéreo","2026-06-10 17:37:11",""
"LedGuarumba3230","","LED 150W","Guarumba 3230","La Tablada","Con base en buenas condiciones","Emanuel Noriega Sosa","2026-06-10 17:38:33","","","","Aéreo","2026-06-10 17:37:58",""
"LedBolivar2020","","LED 150W","Bolivar 2020","La Tablada","Con base en buenas condiciones","Ana Celina Pozzi","2026-06-11 11:11:29","","","","Aéreo","2026-06-10 17:39:01",""
"LedBolivar2075","","LED 150W","Bolivar 2075","La Tablada","Con base en buenas condiciones","Ana Celina Pozzi","2026-06-10 17:41:50","","","","Aéreo","2026-06-10 17:39:20",""
"LedGuarumba3190","","LED 150W","Guarumba 3190","La Tablada","Con base en buenas condiciones","Emanuel Noriega Sosa","2026-06-10 17:39:35","","","","Aéreo","2026-06-10 17:39:35",""
"LedGuarumba3120","","LED 150W","Guarumba 3120","La Tablada","Con base en buenas condiciones","Emanuel Noriega Sosa","2026-06-10 17:40:36","","","","Aéreo","2026-06-10 17:40:36",""
"LedGuarumba3070","","LED 150W","Guarumba 3070","La Tablada","Con base en malas condiciones","Emanuel Noriega Sosa","2026-06-10 17:41:52","","","","Aéreo","2026-06-10 17:41:52",""
"LedGuarumba3010","","LED 150W","Guarumba 3010","La Tablada","Con base en buenas condiciones","Emanuel Noriega Sosa","2026-06-10 17:42:39","","","","Aéreo","2026-06-10 17:42:39",""
"LedGuarumba2980","","LED 150W","Guarumab 2980","La Tablada","Con base en buenas condiciones","Emanuel Noriega Sosa","2026-06-10 17:43:40","","","","Aéreo","2026-06-10 17:43:40",""
"LedBolivar2135","","LED 150W","Bolivar 2135","La Tablada","Con base en buenas condiciones","Ana Celina Pozzi","2026-06-10 17:44:28","","","","Aéreo","2026-06-10 17:44:28",""
"LedGuarumba2940","","LED 150W","Guarumba 2940","La Tablada","Con base en buenas condiciones","Emanuel Noriega Sosa","2026-06-10 17:44:39","","","","Aéreo","2026-06-10 17:44:39",""
"LedGuarumba2880","","LED 150W","Guarumba 2880","La Tablada","Con base en buenas condiciones","Emanuel Noriega Sosa","2026-06-10 17:46:04","","","","Aéreo","2026-06-10 17:46:04",""
"LedGuarumba2820","","LED 150W","Guarumba 2820","La Tablada","Con base en buenas condiciones","Emanuel Noriega Sosa","2026-06-10 17:46:58","","","","Aéreo","2026-06-10 17:46:58",""
"LedGuarumba2786","","LED 150W","Guarumba 2786","La Tablada","Sin base","Emanuel Noriega Sosa","2026-06-10 17:48:00","","","","Aéreo","2026-06-10 17:48:00",""
"LedGuarumba2730","","LED 150W","Guarumba 2730","La Tablada","Con base en buenas condiciones","Emanuel Noriega Sosa","2026-06-10 17:48:50","","","","Aéreo","2026-06-10 17:48:50",""
"LedGuarumba2701","","LED 150W","Guarumba 2701","La Tablada","Con base en buenas condiciones","Emanuel Noriega Sosa","2026-06-10 17:49:31","","","","Aéreo","2026-06-10 17:49:31",""
"LedBolivar2185","","LED 150W","Bolivar 2185","La Tablada","Con base en buenas condiciones","Ana Celina Pozzi","2026-06-11 11:06:08","","","","Aéreo","2026-06-10 17:52:56",""
"LedBolivar2235","","LED 150W","Bolivar 2235","La Tablada","Con base en buenas condiciones","Ana Celina Pozzi","2026-06-10 18:00:57","","","","Aéreo","2026-06-10 17:59:40",""
"LedBolivar2290","","LED 150W","Bolivar 2290","La Tablada","Con base en buenas condiciones","Ana Celina Pozzi","2026-06-10 18:01:37","","","","Aéreo","2026-06-10 18:01:37",""
"LedPioXII995","","LED 150W","Pio XII 995","Jardin","Sin base","Emanuel Noriega Sosa","2026-06-11 10:10:03","","","","Aéreo","2026-06-11 10:08:14",""
"LedPioXII915","","LED 150W","Pio XII 915","Jardin","Sin base","Emanuel Noriega Sosa","2026-06-11 10:19:57","","","","Aéreo","2026-06-11 10:11:03",""
"LedPioXII895","","LED 150W","Pio XII 895","Jardin","Sin base","Emanuel Noriega Sosa","2026-06-11 10:11:45","","","","Aéreo","2026-06-11 10:11:45",""
"LedPioXII815","","LED 150W","Pio XII 815","Jardin","Sin base","Emanuel Noriega Sosa","2026-06-11 10:12:28","","","","Aéreo","2026-06-11 10:12:28",""
"LedPioXII795","","LED 150W","Pio XII 795","Jardin","Sin base","Emanuel Noriega Sosa","2026-06-11 10:13:14","","","","Aéreo","2026-06-11 10:13:14",""
"LedPioXII715","","LED 150W","Pio XII 715","Jardin","Sin base","Emanuel Noriega Sosa","2026-06-11 10:14:09","","","","Aéreo","2026-06-11 10:14:09",""
"LedPioXII695","","LED 150W","Pio XII 695","Jardin","Sin base","Emanuel Noriega Sosa","2026-06-11 10:14:49","","","","Aéreo","2026-06-11 10:14:49",""
"LedPioXII615","","LED 150W","Pio XII 615","Jardin","Sin base","Emanuel Noriega Sosa","2026-06-11 10:15:36","","","","Aéreo","2026-06-11 10:15:36",""
"LedPioXII595","","LED 150W","Pio XII 595","Jardin","Sin base","Emanuel Noriega Sosa","2026-06-11 10:16:09","","","","Aéreo","2026-06-11 10:16:09",""
"LedPioXII515","","LED 150W","Pio XII 515","Jardin","Sin base","Emanuel Noriega Sosa","2026-06-11 10:16:42","","","","Aéreo","2026-06-11 10:16:42",""
"LedFochesatto985","","LED 150W","Fochesatto 985","Jardin","Sin base","Emanuel Noriega Sosa","2026-06-11 10:18:43","","","","Aéreo","2026-06-11 10:16:58",""
"LedFochesatto950","","LED 150W","Fochesatto 950","Jardin","Sin base","Emanuel Noriega Sosa","2026-06-11 10:19:23","","","","Aéreo","2026-06-11 10:19:23",""
"LedPasajeSoledad S/N 1","","LED 150W","Pasaje Soledad S/N 1","La Tablada","Sin base","Emanuel Noriega Sosa","2026-06-11 10:31:43","","","","Aéreo","2026-06-11 10:31:43",""
"LedPasajeSoledad S/N 2","","LED 150W","Pasaje Soledad S/N 2","La Tablada","Sin base","Emanuel Noriega Sosa","2026-06-11 10:32:08","","","","Aéreo","2026-06-11 10:31:47",""
"LedFochesatto850","","LED 150W","Fochesatto 850","Jardin","Sin base","Emanuel Noriega Sosa","2026-06-12 07:30:14","","","","Aéreo","2026-06-12 07:30:14",""
"LedEstrada4530","","LED 150W","Estrada 4530","Guarumba","Con base en buenas condiciones","DOMINGUEZ GRACIELA","2026-06-12 08:14:19","","","","Aéreo","2026-06-12 08:13:10",""
"LedEstrada4580","","LED 150W","Estrada 4580","Guarumba","Con base en buenas condiciones","DOMINGUEZ GRACIELA","2026-06-12 08:16:51","","","","Aéreo","2026-06-12 08:16:51",""
"LedEstrada4635","","LED 150W","Estrada 4635","Guarumba","Con base en buenas condiciones","DOMINGUEZ GRACIELA","2026-06-12 08:20:41","","","","Aéreo","2026-06-12 08:20:41",""
"LedEstrada4611","","LED 150W","Estrada 4611","Guarumba","Con base en buenas condiciones","DOMINGUEZ GRACIELA","2026-06-12 08:24:15","","","","Aéreo","2026-06-12 08:24:15",""
"LedCagliero1955","","LED 150W","Cagliero 1955","Guarumba","Con base en buenas condiciones","DOMINGUEZ GRACIELA","2026-06-12 08:30:15","","","","Aéreo","2026-06-12 08:30:15",""
"LedPasajeZucco2085","","LED 150W","Pasaje Zucco 2085","Guarumba","Con base en buenas condiciones","DOMINGUEZ GRACIELA","2026-06-12 08:35:00","","","","Aéreo","2026-06-12 08:35:00",""
"LedPasajeZucco2005","","LED 150W","Pasaje Zucco 2005","Guarumba","Con base en buenas condiciones","DOMINGUEZ GRACIELA","2026-06-12 08:37:01","","","","Aéreo","2026-06-12 08:37:01",""
"LedPasajeZucco1935","","LED 150W","Pasaje Zucco 1935","Guarumba","Con base en buenas condiciones","DOMINGUEZ GRACIELA","2026-06-12 08:40:21","","","","Aéreo","2026-06-12 08:38:06",""
"LedPasajeZucco1910","","LED 150W","Pasaje Zucco 1910","Guarumba","Con base en buenas condiciones","DOMINGUEZ GRACIELA","2026-06-12 08:45:59","","","","Aéreo","2026-06-12 08:45:59",""
"LedCamilaQuiroga1725","","LED 150W","Camila Quiroga 1725","Guarumba","Con base en buenas condiciones","DOMINGUEZ GRACIELA","2026-06-12 09:01:06","","","","Aéreo","2026-06-12 09:01:06",""
"LedCamilaQuiroga1760","","LED 150W","Camila Quiroga 1760","Guarumba","Con base en buenas condiciones","DOMINGUEZ GRACIELA","2026-06-12 09:03:10","","","","Aéreo","2026-06-12 09:03:10",""
"LedCamilaQuiroga1840","","LED 150W","Camila Quiroga 1840","Guarumba","Con base en buenas condiciones","DOMINGUEZ GRACIELA","2026-06-12 09:06:42","","","","Aéreo","2026-06-12 09:06:42",""
"LedCamilaQuiroga4235","","LED 150W","Camila Quiroga 4235","Guarumba","Con base en buenas condiciones","DOMINGUEZ GRACIELA","2026-06-12 09:08:58","","","","Aéreo","2026-06-12 09:08:58",""
"LedCamilaQuiroga1957","","LED 150W","Camila Quiroga 1957","Guarumba","Con base en buenas condiciones","DOMINGUEZ GRACIELA","2026-06-12 09:11:15","","","","Aéreo","2026-06-12 09:11:15",""
"LedCamilaQuiroga1960","","LED 150W","Camila Quiroga 1960","Guarumba","Con base en buenas condiciones","DOMINGUEZ GRACIELA","2026-06-12 09:13:55","","","","Aéreo","2026-06-12 09:13:55",""
"LedCamilaQuiroga2045","","LED 150W","Camila Quiroga 2045","Guarumba","Con base en buenas condiciones","DOMINGUEZ GRACIELA","2026-06-12 09:16:04","","","","Aéreo","2026-06-12 09:16:04",""
"Led28DeMayo1935","","LED 150W","28 De Mayo 1935","Guarumba","Con base en buenas condiciones","DOMINGUEZ GRACIELA","2026-06-12 09:24:26","","","","Aéreo","2026-06-12 09:24:26",""
"Led28DeMayo1985","","LED 150W","28 De Mayo 1985","Guarumba","Con base en buenas condiciones","DOMINGUEZ GRACIELA","2026-06-16 08:24:40","","","","Aéreo","2026-06-12 09:27:05",""
"Led28DeMayo2045","","LED 150W","28 De Mayo 2045","Guarumba","Con base en buenas condiciones","DOMINGUEZ GRACIELA","2026-06-12 09:32:13","","","","Aéreo","2026-06-12 09:32:13",""
"LedAv28DeMayo","","LED 150W","Av 28 De Mayo 2085","Guarumba","Con base en buenas condiciones","DOMINGUEZ GRACIELA","2026-06-12 09:34:28","","","","Aéreo","2026-06-12 09:34:28",""
"LedAvCasillas105","","LED 150W","Av Casillas 105","Guarumba","Con base en buenas condiciones","DOMINGUEZ GRACIELA","2026-06-23 11:00:21","","","","Aéreo","2026-06-12 09:46:28",""
"LedAvCasillas157","","LED 150W","Av Casillas 157","Guarumba","Con base en buenas condiciones","DOMINGUEZ GRACIELA","2026-06-23 11:00:04","","","","Aéreo","2026-06-12 09:55:10",""
"LedAvCasillas199","","LED 150W","Av Casillas 199","Guarumba","Con base en buenas condiciones","DOMINGUEZ GRACIELA","2026-06-23 10:59:04","","","","Aéreo","2026-06-12 09:56:48",""
"LedAvCasillas251","","LED 150W","Av Casillas 251","Guarumba","Con base en buenas condiciones","DOMINGUEZ GRACIELA","2026-06-23 10:58:31","","","","Aéreo","2026-06-12 10:02:24",""
"LedAvCasillas285","","LED 150W","Av Casillas 285","Guarumba","Con base en buenas condiciones","DOMINGUEZ GRACIELA","2026-06-23 10:58:12","","","","Aéreo","2026-06-12 10:04:20",""
"LedAvCasillas305","","LED 150W","Av Casillas 305","Guarumba","Con base en buenas condiciones","DOMINGUEZ GRACIELA","2026-06-23 10:57:54","","","","Aéreo","2026-06-12 10:06:49",""
"LedAvCasillas345","","LED 150W","Av Casillas 345","Guarumba","Con base en buenas condiciones","DOMINGUEZ GRACIELA","2026-06-23 10:57:37","","","","Aéreo","2026-06-12 10:08:46",""
"LedGregoriaPerez5175","","LED 150W","Gregoria Perez 5175","Tacuabe","Con base en buenas condiciones","DOMINGUEZ GRACIELA","2026-06-17 11:36:45","","","","Aéreo","2026-06-17 11:36:45",""
"LedGregoriaPerez5130","","LED 150W","Gregoria Perez 5130","Tacuabe","Con base en buenas condiciones","DOMINGUEZ GRACIELA","2026-06-17 11:38:38","","","","Aéreo","2026-06-17 11:38:38",""
"LedGregoriaPerez5075","","LED 150W","Gregoria Perez 5075","Tacuabe","Con base en buenas condiciones","DOMINGUEZ GRACIELA","2026-06-18 08:22:51","","","","Aéreo","2026-06-18 08:22:51",""
"LedGregoriaPerez5030","","LED 150W","Gregoria Perez 5030","Tacuabe","Con base en buenas condiciones","DOMINGUEZ GRACIELA","2026-06-18 08:25:48","","","","Aéreo","2026-06-18 08:25:48",""
"LedGregoriaPerez4985","","LED 150W","Gregoria Perez 4985","Tacuabe","Con base en buenas condiciones","DOMINGUEZ GRACIELA","2026-06-18 11:10:55","","","","Aéreo","2026-06-18 08:35:29",""
"LedGregoriaPerez4920","","LED 150W","Gregoria Perez 4920","Tacuabe","Con base en buenas condiciones","DOMINGUEZ GRACIELA","2026-06-18 08:38:44","","","","Aéreo","2026-06-18 08:38:44",""
"LedGregoriaPerez4890","","LED 150W","Gregoria Perez 4890","Tacuabe","Con base en buenas condiciones","DOMINGUEZ GRACIELA","2026-06-18 10:45:15","","","","Aéreo","2026-06-18 08:40:43",""
"LedGregoriaPerez4830","","LED 150W","Gregoria Perez 4830","Tacuabe","Con base en buenas condiciones","DOMINGUEZ GRACIELA","2026-06-18 08:45:52","","","","Aéreo","2026-06-18 08:45:52",""
"LedGregoriaPerez4835","","LED 150W","Gregoria Perez 4835","Tacuabe","Con base en buenas condiciones","DOMINGUEZ GRACIELA","2026-06-18 08:47:58","","","","Aéreo","2026-06-18 08:47:58",""
"LedGregoriaPerez4790","","LED 150W","Gregoria Perez 4790","Tacuabe","Con base en buenas condiciones","DOMINGUEZ GRACIELA","2026-06-18 08:51:02","","","","Aéreo","2026-06-18 08:51:02",""
"LedGregoriaPerez4720","","LED 150W","Gregoria Perez 4720","Tacuabe","Con base en buenas condiciones","DOMINGUEZ GRACIELA","2026-06-18 08:53:12","","","","Aéreo","2026-06-18 08:53:12",""
"LedGregoriaPerez4690","","LED 150W","Gregoria Perez 4690","Tacuabe","Con base en buenas condiciones","DOMINGUEZ GRACIELA","2026-06-18 08:56:37","","","","Aéreo","2026-06-18 08:56:37",""
"LedPasajeBaum2325","","LED 150W","Pasaje Baum 2325","Tacuabe","Con base en buenas condiciones","DOMINGUEZ GRACIELA","2026-06-18 08:59:37","","","","Aéreo","2026-06-18 08:59:37",""
"LedPasajeBaum2385","","LED 150W","Pasaje Baum 2385","Tacuabe","Con base en buenas condiciones","DOMINGUEZ GRACIELA","2026-06-18 09:01:24","","","","Aéreo","2026-06-18 09:01:24",""
"Led1roDeMayo5125","","LED 150W","1ro de Mayo 5125","Tacuabe","Con base en buenas condiciones","DOMINGUEZ GRACIELA","2026-08-05 08:27:49","","","","Aéreo","2026-06-18 09:51:58",""
"Led1roDeMayo5185","","LED 150W","1ro de Mayo 5185","Tacuabe","Con base en buenas condiciones","DOMINGUEZ GRACIELA","2026-08-05 08:28:14","","","","Aéreo","2026-06-18 09:54:09",""
"LedSanAntonio5090","","LED 150W","San Antonio 5090","Tacuabe","Con base en buenas condiciones","DOMINGUEZ GRACIELA","2026-06-18 10:20:41","","","","Aéreo","2026-06-18 10:20:41",""
"LedDanAntonio5015","","LED 150W","San Antonio 5015","Tacuabe","Con base en buenas condiciones","DOMINGUEZ GRACIELA","2026-06-18 10:22:44","","","","Aéreo","2026-06-18 10:22:44",""
"LedSanAntonio4905","","LED 150W","San Antonio 4905","Tacuabe","Con base en buenas condiciones","DOMINGUEZ GRACIELA","2026-06-18 10:25:21","","","","Aéreo","2026-06-18 10:25:21",""
"LedSanAntonio4894","","LED 150W","San Antonio 4894","Tacuabe","Con base en buenas condiciones","DOMINGUEZ GRACIELA","2026-06-18 10:28:44","","","","Aéreo","2026-06-18 10:28:44",""
"LedSanAntonio4870","","LED 150W","San Antonio 4870","Tacuabe","Con base en buenas condiciones","DOMINGUEZ GRACIELA","2026-06-18 10:31:41","","","","Aéreo","2026-06-18 10:31:41",""
"LedSanAntonio4835","","LED 150W","San Antonio 4835","Tacuabe","Con base en buenas condiciones","DOMINGUEZ GRACIELA","2026-06-18 10:33:42","","","","Aéreo","2026-06-18 10:33:42",""
"LedSanAntonio4640","","LED 150W","San Antonio 4640","Tacuabe","Con base en buenas condiciones","DOMINGUEZ GRACIELA","2026-06-18 10:37:17","","","","Aéreo","2026-06-18 10:37:17",""
"Led SanAntonio4790","","LED 150W","San Antonio 4790","Tacuabe","Con base en buenas condiciones","DOMINGUEZ GRACIELA","2026-06-18 13:25:33","","","","Aéreo","2026-06-18 13:22:48",""
"LedSanAntonio4720","","LED 150W","San Antonio 4720","Tacuabe","Con base en buenas condiciones","DOMINGUEZ GRACIELA","2026-06-18 13:27:44","","","","Aéreo","2026-06-18 13:27:44",""
"LedSanAntonio4690","","LED 150W","San Antonio 4690","Tacuabe","Con base en buenas condiciones","DOMINGUEZ GRACIELA","2026-06-18 13:33:31","","","","Aéreo","2026-06-18 13:33:31",""
"LedSanAntonio4620","","LED 150W","San Antonio 4620","Tacuabe","Con base en buenas condiciones","DOMINGUEZ GRACIELA","2026-06-18 13:36:27","","","","Aéreo","2026-06-18 13:36:27",""
"LedSanAntonio4590","","LED 150W","San Antonio 4590","Tacuabe","Con base en buenas condiciones","DOMINGUEZ GRACIELA","2026-06-18 13:41:56","","","","Aéreo","2026-06-18 13:41:56",""
"LedSanAntonio4520","","LED 150W","San Antonio 4520","Tacuabe","Con base en buenas condiciones","DOMINGUEZ GRACIELA","2026-06-18 13:43:56","","","","Aéreo","2026-06-18 13:43:56",""
"LedMonseñorCagliero2375","","LED 150W","Monseñor Cagliero 2375","Tacuabe","Con base en buenas condiciones","DOMINGUEZ GRACIELA","2026-06-18 13:49:00","","","","Aéreo","2026-06-18 13:49:00",""
"LedMonseñorCaliero2315","","LED 150W","Monseñor Cagliero 2315","Tacuabe","Con base en buenas condiciones","DOMINGUEZ GRACIELA","2026-06-18 13:52:17","","","","Aéreo","2026-06-18 13:52:17",""
"LedMonseñorCagliero2445","","LED 150W","Monseñor Cagliero 2445","Tacuabe","Con base en buenas condiciones","DOMINGUEZ GRACIELA","2026-06-18 13:54:10","","","","Aéreo","2026-06-18 13:54:10",""
"LedHonduras2320","","LED 150W","Honduras 2320","Tacuabe","Con base en buenas condiciones","DOMINGUEZ GRACIELA","2026-06-18 13:59:35","","","","Aéreo","2026-06-18 13:59:35",""
"LedHonduras2350","","LED 150W","Honduras 2350","Tacuabe","Con base en buenas condiciones","DOMINGUEZ GRACIELA","2026-06-18 14:01:38","","","","Aéreo","2026-06-18 14:01:38",""
"LedHonduras2390","","LED 150W","Honduras 2390","Tacuabe","Con base en buenas condiciones","DOMINGUEZ GRACIELA","2026-06-18 14:03:21","","","","Aéreo","2026-06-18 14:03:21",""
"LedHonduras2335","","LED 150W","Honduras 2335","Tacuabe","Con base en buenas condiciones","DOMINGUEZ GRACIELA","2026-06-18 14:06:26","","","","Aéreo","2026-06-18 14:06:26",""
"LedHonduras2488","","LED 150W","Honduras 2488","Tacuabe","Con base en buenas condiciones","DOMINGUEZ GRACIELA","2026-06-18 14:08:20","","","","Aéreo","2026-06-18 14:08:20",""
"LedHonduras2315","","LED 150W","Honduras 2315","Tacuabe","Con base en buenas condiciones","DOMINGUEZ GRACIELA","2026-06-18 14:11:38","","","","Aéreo","2026-06-18 14:11:38",""
"LedHonduras4995","","LED 150W","Honduras 4995","Tacuabe","Con base en buenas condiciones","DOMINGUEZ GRACIELA","2026-06-18 14:14:34","","","","Aéreo","2026-06-18 14:14:34",""
"LedHonduras2490","","LED 150W","Honduras 2490","Tacuabe","Con base en buenas condiciones","DOMINGUEZ GRACIELA","2026-06-18 14:17:42","","","","Aéreo","2026-06-18 14:17:42",""
"LedElSalvador2315","","LED 150W","El Salvador 2315","Tacuabe","Con base en buenas condiciones","DOMINGUEZ GRACIELA","2026-06-18 14:26:28","","","","Aéreo","2026-06-18 14:20:54",""
"LedElSalvador2380","","LED 150W","El Salvador 2380","Tacuabe","Con base en buenas condiciones","DOMINGUEZ GRACIELA","2026-06-18 14:29:17","","","","Aéreo","2026-06-18 14:29:17",""
"LedElSalvador2415","","LED 150W","El Salvador 2415","Tacuabe","Con base en buenas condiciones","DOMINGUEZ GRACIELA","2026-06-18 14:31:31","","","","Aéreo","2026-06-18 14:31:31",""
"LedElSalvador2470","","LED 150W","El Salvador 2470","Tacuabe","Con base en buenas condiciones","DOMINGUEZ GRACIELA","2026-06-18 14:33:37","","","","Aéreo","2026-06-18 14:33:37",""
"LedElSalvador2525","","LED 150W","El Salvador 2525","Tacuabe","Con base en buenas condiciones","DOMINGUEZ GRACIELA","2026-06-18 14:35:08","","","","Aéreo","2026-06-18 14:35:08",""
"LedElSalvador2575","","LED 150W","El Salvador2575","Tacuabe","Con base en buenas condiciones","DOMINGUEZ GRACIELA","2026-06-18 14:36:42","","","","Aéreo","2026-06-18 14:36:42",""
"LedAvBelgrano2299","","LED 150W","Av Belgrano 2299","La Tablada","Con base en buenas condiciones","Alejandro Saposnik","2026-06-19 09:40:14","","","","Subterráneo","2026-06-19 09:40:14",""
"LedAvBelgrano2255","","LED 150W","Av Belgrano 2255","La Tablada","Con base en buenas condiciones","Alejandro Saposnik","2026-06-19 09:40:14","","","","Subterráneo","2026-06-19 09:40:14",""
"LedAvBelgrano2215","","LED 150W","Av Belgrano 2215","La Tablada","Con base en buenas condiciones","Alejandro Saposnik","2026-06-19 09:40:14","","","","Subterráneo","2026-06-19 09:40:14",""
"LedAvBelgrano2199","","LED 150W","Av Belgrano 2199","La Tablada","Con base en malas condiciones","Alejandro Saposnik","2026-06-19 09:40:14","","","","Subterráneo","2026-06-19 09:40:14",""
"LedAvBelgrano2147","","LED 150W","Av Belgrano 2147","La Tablada","Con base en buenas condiciones","Alejandro Saposnik","2026-06-19 09:40:14","","","","Subterráneo","2026-06-19 09:40:14",""
"LedAvBelgrano2125","","LED 150W","Av Belgrano 2125","La Tablada","Con base en buenas condiciones","Alejandro Saposnik","2026-06-19 09:40:14","","","","Subterráneo","2026-06-19 09:40:14",""
"LedAvBelgrano2103","","LED 150W","Av Belgrano 2103","La Tablada","Con base en buenas condiciones","Alejandro Saposnik","2026-06-19 09:40:14","","","","Subterráneo","2026-06-19 09:40:14",""
"LedAvBelgrano2035","","LED 150W","Av Belgrano 2035","La Tablada","Con base en buenas condiciones","Alejandro Saposnik","2026-06-19 09:40:14","","","","Subterráneo","2026-06-19 09:40:14",""
"LedAvBelgrano2027","","LED 150W","Av Belgrano 2027","La Tablada","Con base en buenas condiciones","Alejandro Saposnik","2026-06-19 09:40:14","","","","Subterráneo","2026-06-19 09:40:14",""
"LedAvBelgrano2003","","LED 150W","Av Belgrano 2003","La Tablada","Con base en buenas condiciones","Alejandro Saposnik","2026-06-19 09:40:14","","","","Subterráneo","2026-06-19 09:40:14",""
"LedAvBelgrano1961","","LED 150W","Av Belgrano 1961","La Tablada","Con base en buenas condiciones","Alejandro Saposnik","2026-06-19 09:40:14","","","","Subterráneo","2026-06-19 09:40:14",""
"LedAvBelgrano1931","","LED 150W","Av Belgrano 1931","La Tablada","Con base en buenas condiciones","Alejandro Saposnik","2026-06-19 09:40:14","","","","Subterráneo","2026-06-19 09:40:14",""
"LedAvBelgrano1901","","LED 150W","Av Belgrano 1901","La Tablada","Con base en buenas condiciones","Alejandro Saposnik","2026-06-19 09:40:14","","","","Subterráneo","2026-06-19 09:40:14",""
"LedAvBelgrano1857","","LED 150W","Av Belgrano 1857","La Tablada","Con base en buenas condiciones","Alejandro Saposnik","2026-06-19 09:40:14","","","","Subterráneo","2026-06-19 09:40:14",""
"LedAvBelgrano1835","","LED 150W","Av Belgrano 1835","La Tablada","Con base en buenas condiciones","Alejandro Saposnik","2026-06-19 09:40:14","","","","Subterráneo","2026-06-19 09:40:14",""
"LedAvBelgrano1795","","LED 150W","Av Belgrano 1795","La Tablada","Con base en buenas condiciones","Alejandro Saposnik","2026-06-19 09:40:14","","","","Subterráneo","2026-06-19 09:40:14",""
"LedAvBelgrano1755","","LED 150W","Av Belgrano 1755","La Tablada","Con base en buenas condiciones","Alejandro Saposnik","2026-06-19 09:40:14","","","","Subterráneo","2026-06-19 09:40:14",""
"LedMexico2420","","LED 150W","Mexico 2420","Tacuabe","Con base en buenas condiciones","DOMINGUEZ GRACIELA","2026-06-19 12:50:54","","","","Aéreo","2026-06-19 12:50:54",""
"LedMexico2465","","LED 150W","Mexico 2465","Tacuabe","Con base en buenas condiciones","DOMINGUEZ GRACIELA","2026-06-19 12:52:35","","","","Aéreo","2026-06-19 12:52:35",""
"LedMexico2490","","LED 150W","Mexico 2490","Tacuabe","Con base en buenas condiciones","DOMINGUEZ GRACIELA","2026-06-19 12:54:06","","","","Aéreo","2026-06-19 12:54:06",""
"LedMexico2324","","LED 150W","Mexico 2324","Tacuabe","Con base en buenas condiciones","DOMINGUEZ GRACIELA","2026-06-19 12:56:35","","","","Aéreo","2026-06-19 12:56:35",""
"LedMexico2380","","LED 150W","Mexico 2380","Tacuabe","Con base en buenas condiciones","DOMINGUEZ GRACIELA","2026-06-19 13:01:14","","","","Aéreo","2026-06-19 13:01:14",""
"LedMexico2446","","LED 150W","Mexico 2446","Tacuabe","Con base en buenas condiciones","DOMINGUEZ GRACIELA","2026-06-19 13:03:14","","","","Aéreo","2026-06-19 13:03:14",""
"LedMexico2415","","LED 150W","Mexico 2415","Tacuabe","Con base en buenas condiciones","DOMINGUEZ GRACIELA","2026-06-19 13:05:02","","","","Aéreo","2026-06-19 13:05:02",""
"LedNicaragua2455","","LED 150W","Nicaragua 2455","Tacuabe","Con base en buenas condiciones","DOMINGUEZ GRACIELA","2026-06-19 13:15:28","","","","Aéreo","2026-06-19 13:15:28",""
"LedNicaragua2480","","LED 150W","Nicaragua 2480","Tacuabe","Con base en buenas condiciones","DOMINGUEZ GRACIELA","2026-06-19 13:17:22","","","","Aéreo","2026-06-19 13:17:22",""
"LedCepeda5130","","LED 150W","Cepeda 5130","Tacuabe","Con base en buenas condiciones","DOMINGUEZ GRACIELA","2026-06-19 13:22:11","","","","Aéreo","2026-06-19 13:22:11",""
"LedCepeda5070","","LED 150W","Cepeda 5070","Tacuabe","Con base en buenas condiciones","DOMINGUEZ GRACIELA","2026-06-19 13:24:13","","","","Aéreo","2026-06-19 13:24:13",""
"LedCepeda5040","","LED 150W","Cepeda 5040","Tacuabe","Con base en buenas condiciones","DOMINGUEZ GRACIELA","2026-06-19 13:26:13","","","","Aéreo","2026-06-19 13:26:13",""
"LedCepeda5010","","LED 150W","Cepeda 5010","Tacuabe","Con base en buenas condiciones","DOMINGUEZ GRACIELA","2026-06-19 13:27:53","","","","Aéreo","2026-06-19 13:27:53",""
"LedCepeda4990","","LED 150W","Cepeda 4990","Tacuabe","Con base en buenas condiciones","DOMINGUEZ GRACIELA","2026-06-19 13:31:14","","","","Aéreo","2026-06-19 13:31:14",""
"LedCepeda4960","","LED 150W","Cepeda 4960","Tacuabe","Con base en buenas condiciones","DOMINGUEZ GRACIELA","2026-07-11 10:56:57","","","","Aéreo","2026-06-19 13:32:41",""
"LedCepeda4920","","LED 150W","Cepeda 4920","Tacuabe","Con base en buenas condiciones","DOMINGUEZ GRACIELA","2026-06-19 13:33:48","","","","Aéreo","2026-06-19 13:33:48",""
"LedTratadodelpilar5190","","LED 150W","Tratado Del Pilar 5190","Tacuabe","Con base en buenas condiciones","DOMINGUEZ GRACIELA","2026-06-22 08:45:01","","","","Aéreo","2026-06-22 08:45:01",""
"LedTratadoDelPilar5090","","LED 150W","Tratado Del Pilar 5090","Tacuabe","Con base en buenas condiciones","DOMINGUEZ GRACIELA","2026-06-22 08:47:52","","","","Aéreo","2026-06-22 08:47:52",""
"Led tratadoDelPilar4920","","LED 150W","Tratado Del Pilar 4920","Tacuabe","Con base en buenas condiciones","DOMINGUEZ GRACIELA","2026-06-22 08:53:21","","","","Aéreo","2026-06-22 08:53:21",""
"LedtratadoDelPilar4860","","LED 150W","Tratado Del Pilar4860","Tacuabe","Con base en buenas condiciones","DOMINGUEZ GRACIELA","2026-06-22 08:59:03","","","","Aéreo","2026-06-22 08:54:44",""
"LedTratadoDelPilar4930","","LED 150W","Tratado Del Pilar 4980","Tacuabe","Con base en buenas condiciones","DOMINGUEZ GRACIELA","2026-06-22 09:52:51","","","","Aéreo","2026-06-22 09:04:51",""
"LedTratadoDelPilar4990","","LED 150W","Tratado Del Pilar 4990","Tacuabe","Con base en buenas condiciones","DOMINGUEZ GRACIELA","2026-06-22 09:09:29","","","","Aéreo","2026-06-22 09:09:29",""
"LedMandisovi5080","True","LED 150W","Mandisovi5080","Tacuabe","Con base en buenas condiciones","DOMINGUEZ GRACIELA","2026-06-22 09:25:56","","","","Aéreo","2026-06-22 09:25:56",""
"LedMandisovi5030","True","LED 150W","Mandisovi5030","Tacuabe","Con base en buenas condiciones","DOMINGUEZ GRACIELA","2026-06-22 09:27:49","","","","Aéreo","2026-06-22 09:27:49",""
"LedMandisovi4980","","LED 150W","Mandisovi4980","Tacuabe","Con base en buenas condiciones","DOMINGUEZ GRACIELA","2026-06-22 09:30:00","","","","Aéreo","2026-06-22 09:30:00",""
"LedMandisovi4920","","LED 150W","Mandisovi4920","Tacuabe","Con base en buenas condiciones","DOMINGUEZ GRACIELA","2026-06-22 09:32:27","","","","Aéreo","2026-06-22 09:32:27",""
"LedRepublicaDominicana2043","","LED 150W","República Dominicana 2043","Tacuabe","Con base en buenas condiciones","DOMINGUEZ GRACIELA","2026-06-22 09:37:15","","","","Aéreo","2026-06-22 09:37:15",""
"LedRepublicaDominicana2080","","LED 150W","República Dominicana 2080","Tacuabe","Con base en buenas condiciones","DOMINGUEZ GRACIELA","2026-06-22 09:39:20","","","","Aéreo","2026-06-22 09:39:20",""
"LedRotondaSN1","","LED 150W","Rotonda SN 1","Sin Barrio","Con base en buenas condiciones","DOMINGUEZ GRACIELA","2026-06-26 08:44:07","","","","Subterráneo","2026-06-22 10:08:46",""
"LedRotondaSN2","","LED 150W","Rotonda SN 2","Sin Barrio","Con base en buenas condiciones","DOMINGUEZ GRACIELA","2026-06-25 15:50:55","","","","Subterráneo","2026-06-22 10:10:44",""
"LedRotondaSN3","","LED 150W","Rotonda SN 3","Sin Barrio","Con base en buenas condiciones","DOMINGUEZ GRACIELA","2026-06-25 15:48:58","","","","Subterráneo","2026-06-22 10:12:37",""
"LedCordoba1750","","LED 150W","Cordoba 1750","1 de Mayo","Con base en buenas condiciones","Ana Celina Pozzi","2026-06-22 11:31:54","","","","Aéreo","2026-06-22 11:11:29",""
"LedCordoba1724","","LED 150W","Cordoba 1724","1 de Mayo","Con base en buenas condiciones","Ana Celina Pozzi","2026-06-22 11:51:12","","","","Aéreo","2026-06-22 11:12:28",""
"LedCordoba1780","","LED 150W","Cordoba 1780","1 de Mayo","Con base en buenas condiciones","Ana Celina Pozzi","2026-06-22 11:51:31","","","","Aéreo","2026-06-22 11:13:02",""
"LedCordoba1820","","LED 150W","Cordoba 1820","1 de Mayo","Con base en buenas condiciones","Ana Celina Pozzi","2026-06-22 11:51:38","","","","Aéreo","2026-06-22 11:13:36",""
"LedCordoba1890","","LED 150W","Cordoba 1890","1 de Mayo","Con base en buenas condiciones","Ana Celina Pozzi","2026-06-22 11:51:43","","","","Aéreo","2026-06-22 11:15:21",""
"LedCordoba1930","","LED 150W","Cordoba 1930","1 de Mayo","Con base en buenas condiciones","Ana Celina Pozzi","2026-06-22 11:51:48","","","","Aéreo","2026-06-22 11:16:38",""
"LedCordoba1950","True","LED 150W","Cordoba 1950","1 de Mayo","Con base en buenas condiciones","Ana Celina Pozzi","2026-06-22 11:51:55","","","","Aéreo","2026-06-22 11:16:45",""
"LedCordoba2030","True","LED 150W","Cordoba 2030","1 de Mayo","Con base en buenas condiciones","Ana Celina Pozzi","2026-06-22 11:52:01","","","","Aéreo","2026-06-22 11:17:10",""
"LedCordoba2070","True","LED 150W","Cordoba 2070","1 de Mayo","Con base en buenas condiciones","Ana Celina Pozzi","2026-06-22 11:52:06","","","","Aéreo","2026-06-22 11:18:11",""
"LedAntartida2020","True","LED 150W","Antartida 2020","1 de Mayo","Con base en buenas condiciones","Ana Celina Pozzi","2026-06-22 11:47:25","","","","Aéreo","2026-06-22 11:47:25",""
"LedAntartida2065","","LED 150W","Antartida 2065","1 de Mayo","Con base en buenas condiciones","Ana Celina Pozzi","2026-06-22 11:47:59","","","","Aéreo","2026-06-22 11:47:27",""
"LedAntartida1965","","LED 150W","Antartida 1965","1 de Mayo","Con base en buenas condiciones","Ana Celina Pozzi","2026-06-22 11:48:45","","","","Aéreo","2026-06-22 11:48:11",""
"LedAntartida1930","","LED 150W","Antartida 1930","1 de Mayo","Con base en buenas condiciones","Ana Celina Pozzi","2026-06-22 11:49:40","","","","Aéreo","2026-06-22 11:49:20",""
"LedAntartida1873","","LED 150W","Antartida 1873","1 de Mayo","Con base en buenas condiciones","Ana Celina Pozzi","2026-06-22 11:50:10","","","","Aéreo","2026-06-22 11:49:46",""
"LedAntartida1828","","LED 150W","Antartida 1828","1 de Mayo","Con base en buenas condiciones","Ana Celina Pozzi","2026-06-22 11:50:38","","","","Aéreo","2026-06-22 11:50:22",""
"LedAntartida1775","","LED 150W","Antartida 1775","1 de Mayo","Con base en buenas condiciones","Ana Celina Pozzi","2026-06-22 11:52:30","","","","Aéreo","2026-06-22 11:52:09",""
"LedAntartida1730","","LED 150W","Antartida 1730","1 de Mayo","Con base en buenas condiciones","Ana Celina Pozzi","2026-06-22 11:53:32","","","","Aéreo","2026-06-22 11:52:36",""
"LedSanLuis1725","","LED 150W","San Luis 1725","1 de Mayo","Con base en buenas condiciones","Ana Celina Pozzi","2026-06-23 07:19:52","","","","Aéreo","2026-06-23 07:19:52",""
"LedSanLuis1780","","LED 150W","San Luis 1780","1 de Mayo","Con base en buenas condiciones","Ana Celina Pozzi","2026-06-23 07:20:25","","","","Aéreo","2026-06-23 07:20:05",""
"LedSanLuis1830","","LED 150W","San Luis 1830","1 de Mayo","Con base en buenas condiciones","Ana Celina Pozzi","2026-06-23 07:20:52","","","","Aéreo","2026-06-23 07:20:31",""
"LedSanLuis1875","","LED 150W","San Luis 1875","1 de Mayo","Con base en buenas condiciones","Ana Celina Pozzi","2026-06-23 07:21:20","","","","Aéreo","2026-06-23 07:21:00",""
"LedSanLuis1925","True","LED 150W","San Luis 1925","1 de Mayo","Con base en buenas condiciones","Ana Celina Pozzi","2026-07-27 09:32:12","","","","Aéreo","2026-06-23 07:21:25",""
"LedSanLuis1960","True","LED 150W","San Luis 1960","1 de Mayo","Con base en buenas condiciones","Ana Celina Pozzi","2026-06-23 07:22:41","","","","Aéreo","2026-06-23 07:22:01",""
"LedSanLuis2020","","LED 150W","San Luis 2020","1 de Mayo","Sin base","Ana Celina Pozzi","2026-07-08 11:19:32","","","","Aéreo","2026-06-23 07:22:56","Cambio de luminaria INGEMAR, fusible, morceto LCT neutro, fotocélula y base LUMNIA"
"LedSanLuis2085","","LED 150W","San Luis 2085","1 de Mayo","Con base en buenas condiciones","Ana Celina Pozzi","2026-07-08 10:50:26","","","","Aéreo","2026-06-23 07:24:56","CAMBIO DE LUMINARIA INGEMAR "
"LedSanLuis2120","","LED 150W","San Luis 2120","1 de Mayo","Con base en buenas condiciones","Ana Celina Pozzi","2026-06-23 07:26:48","","","","Aéreo","2026-06-23 07:25:52",""
"LedSanLuis2170","","LED 150W","San Luis 2170","1 de Mayo","Con base en buenas condiciones","Ana Celina Pozzi","2026-06-23 07:27:16","","","","Aéreo","2026-06-23 07:26:50",""
"LedSanLuis2215","","LED 150W","San Luis 2215","1 de Mayo","Con base en buenas condiciones","Ana Celina Pozzi","2026-06-23 07:27:44","","","","Aéreo","2026-06-23 07:27:22",""
"LedSanLuis2270","","LED 150W","San Luis 2270","1 de Mayo","Con base en buenas condiciones","Ana Celina Pozzi","2026-06-23 07:28:13","","","","Aéreo","2026-06-23 07:27:49",""
"LedSantaFe2255","","LED 150W","Santa Fe 2255","1 de Mayo","Con base en buenas condiciones","Ana Celina Pozzi","2026-06-26 08:56:15","","","","Aéreo","2026-06-23 07:32:39",""
"LedSantaFe2180","","LED 150W","Santa Fe 2180","1 de Mayo","Con base en malas condiciones","Ana Celina Pozzi","2026-06-26 08:56:59","","","","Aéreo","2026-06-23 07:32:50",""
"LedSantaFe2135","","LED 150W","Santa Fe 2135","1 de Mayo","Con base en buenas condiciones","Ana Celina Pozzi","2026-06-26 09:07:32","","","","Aéreo","2026-06-23 07:33:36",""
"LedSantaFe1970","","LED 150W","Santa Fe 1970","1 de Mayo","Con base en buenas condiciones","Ana Celina Pozzi","2026-06-26 09:10:13","","","","Aéreo","2026-06-23 07:35:21",""
"LedSantaFe1935","","LED 150W","Santa Fe 1935","1 de Mayo","Con base en buenas condiciones","Ana Celina Pozzi","2026-06-26 09:12:58","","","","Aéreo","2026-06-23 07:35:41",""
"LedSantaFe1860","","LED 150W","Santa Fe 1860","1 de Mayo","Con base en buenas condiciones","Ana Celina Pozzi","2026-06-23 07:36:31","","","","Aéreo","2026-06-23 07:36:06",""
"LedSantaFe1835","","LED 150W","Santa Fe 1835","1 de Mayo","Con base en buenas condiciones","Ana Celina Pozzi","2026-06-23 07:36:56","","","","Aéreo","2026-06-23 07:36:39",""
"LedSantaFe1775","","LED 150W","Santa Fe 1775","1 de Mayo","Con base en buenas condiciones","Ana Celina Pozzi","2026-06-23 07:37:28","","","","Aéreo","2026-06-23 07:37:04",""
"LedSantaFe1720","","LED 150W","Santa Fe 1720","1 de Mayo","Con base en buenas condiciones","Ana Celina Pozzi","2026-06-23 07:37:57","","","","Aéreo","2026-06-23 07:37:32",""
"LedAvSiburu1705","","LED 150W","Av Siburu 1705","1 de Mayo","Con base en buenas condiciones","Alejandro Saposnik","2026-06-23 10:01:13","","","","Subterráneo","2026-06-23 10:01:13",""
"LedAvSiburu1706","","LED 150W","Av Siburu 1706","La Tablada","Con base en buenas condiciones","Alejandro Saposnik","2026-06-23 10:01:13","","","","Subterráneo","2026-06-23 10:01:13",""
"LedAvSiburu1720","","LED 150W","Av Siburu 1720","La Tablada","Sin base","Alejandro Saposnik","2026-06-23 10:01:13","","","","Subterráneo","2026-06-23 10:01:13",""
"LedAvSiburu1721","","LED 150W","Av Siburu 1721","1 de Mayo","Sin base","Alejandro Saposnik","2026-06-23 10:01:13","","","","Subterráneo","2026-06-23 10:01:13",""
"LedAvSiburu1760","","LED 150W","Av Siburu 1760","La Tablada","Con base en buenas condiciones","Alejandro Saposnik","2026-06-23 10:01:13","","","","Subterráneo","2026-06-23 10:01:13",""
"LedAvSiburu1761","","LED 150W","Av Siburu 1761","1 de Mayo","Con base en buenas condiciones","Alejandro Saposnik","2026-06-23 10:01:13","","","","Subterráneo","2026-06-23 10:01:13",""
"LedAvSiburu1798","","LED 150W","Av Siburu 1798","La Tablada","Con base en buenas condiciones","Alejandro Saposnik","2026-06-23 10:01:13","","","","Subterráneo","2026-06-23 10:01:13",""
"LedAvSiburu1799","","LED 150W","Av Siburu 1799","1 de Mayo","Con base en buenas condiciones","Alejandro Saposnik","2026-06-23 10:01:13","","","","Subterráneo","2026-06-23 10:01:13",""
"LedAvSiburu1805","","LED 150W","Av Siburu 1805","1 de Mayo","Con base en buenas condiciones","Alejandro Saposnik","2026-06-23 10:01:13","","","","Subterráneo","2026-06-23 10:01:13",""
"LedAvSiburu1806","","LED 150W","Av Siburu 1806","La Tablada","Con base en buenas condiciones","Alejandro Saposnik","2026-06-23 10:01:13","","","","Subterráneo","2026-06-23 10:01:13",""
"LedAvSiburu1865","","LED 150W","Av Siburu 1865","1 de Mayo","Con base en buenas condiciones","Alejandro Saposnik","2026-06-23 10:01:13","","","","Subterráneo","2026-06-23 10:01:13",""
"LedAvSiburu1866","","LED 150W","Av Siburu 1866","La Tablada","Con base en buenas condiciones","Alejandro Saposnik","2026-06-23 10:01:13","","","","Subterráneo","2026-06-23 10:01:13",""
"LedAvSiburu1898","","LED 150W","Av Siburu 1898","La Tablada","Con base en buenas condiciones","Alejandro Saposnik","2026-06-23 10:01:13","","","","Subterráneo","2026-06-23 10:01:13",""
"LedAvSiburu1899","","LED 150W","Av Siburu 1899","1 de Mayo","Con base en buenas condiciones","Alejandro Saposnik","2026-06-23 10:01:13","","","","Subterráneo","2026-06-23 10:01:13",""
"LedAvSiburu2005","","LED 150W","Av Siburu 2005","1 de Mayo","Con base en buenas condiciones","Alejandro Saposnik","2026-06-23 10:01:13","","","","Subterráneo","2026-06-23 10:01:13",""
"LedAvSiburu2006","","LED 150W","Av Siburu 2006","La Tablada","Con base en buenas condiciones","Alejandro Saposnik","2026-06-23 10:01:13","","","","Subterráneo","2026-06-23 10:01:13",""
"LedAvSiburu1905","","LED 150W","Av Siburu 1905","1 de Mayo","Sin base","Alejandro Saposnik","2026-06-23 10:01:13","","","","Subterráneo","2026-06-23 10:01:13",""
"LedAvSiburu2046","","LED 150W","Av Siburu 2046","La Tablada","Con base en buenas condiciones","Alejandro Saposnik","2026-06-23 10:01:13","","","","Aéreo","2026-06-23 10:01:13",""
"LedAvSiburu2070","","LED 150W","Av Siburu 2070","La Tablada","Con base en buenas condiciones","Alejandro Saposnik","2026-06-23 10:01:13","","","","Subterráneo","2026-06-23 10:01:13",""
"LedAvSiburu2071","","LED 150W","Av Siburu 2071","1 de Mayo","Con base en buenas condiciones","Alejandro Saposnik","2026-06-23 10:01:13","","","","Subterráneo","2026-06-23 10:01:13",""
"LedAvSiburu1965","","LED 150W","Av Siburu 1965","1 de Mayo","Sin base","Alejandro Saposnik","2026-06-23 10:01:13","","","","Subterráneo","2026-06-23 10:01:13",""
"LedAvSiburu1975","","LED 150W","Av Siburu 1975","1 de Mayo","Sin base","Alejandro Saposnik","2026-06-23 10:01:13","","","","Subterráneo","2026-06-23 10:01:13",""
"LedAvSiburu2101","","LED 150W","Av Siburu 2101","1 de Mayo","Con base en buenas condiciones","Alejandro Saposnik","2026-06-23 10:01:13","","","","Subterráneo","2026-06-23 10:01:13",""
"LedAvSiburu2102","","LED 150W","Av Siburu 2102","La Tablada","Con base en buenas condiciones","Alejandro Saposnik","2026-06-23 10:01:13","","","","Subterráneo","2026-06-23 10:01:13",""
"LedAvSiburu2045","","LED 150W","Av Siburu 2045","1 de Mayo","Con base en buenas condiciones","Alejandro Saposnik","2026-06-23 10:01:13","","","","Subterráneo","2026-06-23 10:01:13",""
"LedAvSiburu2098","","LED 150W","Av Siburu 2098","La Tablada","Con base en buenas condiciones","Alejandro Saposnik","2026-06-23 10:01:13","","","","Subterráneo","2026-06-23 10:01:13",""
"LedAvSiburu2099","","LED 150W","Av Siburu 2099","1 de Mayo","Con base en buenas condiciones","Alejandro Saposnik","2026-06-23 10:01:13","","","","Subterráneo","2026-06-23 10:01:13",""
"LedAvSiburu2140","","LED 150W","Av Siburu 2140","La Tablada","Con base en buenas condiciones","Alejandro Saposnik","2026-06-23 10:01:13","","","","Subterráneo","2026-06-23 10:01:13",""
"LedAvSiburu2141","","LED 150W","Av Siburu 2141","1 de Mayo","Con base en buenas condiciones","Alejandro Saposnik","2026-06-23 10:01:13","","","","Subterráneo","2026-06-23 10:01:13",""
"LedAvSiburu2170","","LED 150W","Av Siburu 2170","La Tablada","Con base en buenas condiciones","Alejandro Saposnik","2026-06-23 10:01:13","","","","Subterráneo","2026-06-23 10:01:13",""
"LedAvSiburu2171","","LED 150W","Av Siburu 2171","1 de Mayo","Con base en buenas condiciones","Alejandro Saposnik","2026-06-23 10:01:13","","","","Subterráneo","2026-06-23 10:01:13",""
"LedAvSiburu2198","","LED 150W","Av Siburu 2198","La Tablada","Con base en buenas condiciones","Alejandro Saposnik","2026-06-23 10:01:13","","","","Aéreo","2026-06-23 10:01:13",""
"LedAvSiburu2199","","LED 150W","Av Siburu 2199","1 de Mayo","Con base en buenas condiciones","Alejandro Saposnik","2026-06-23 10:01:13","","","","Subterráneo","2026-06-23 10:01:13",""
"LedAvSiburu2205","","LED 150W","Av Siburu 2205","1 de Mayo","Con base en buenas condiciones","Alejandro Saposnik","2026-06-23 10:01:13","","","","Subterráneo","2026-06-23 10:01:13",""
"LedAvSiburu2206","","LED 150W","Av Siburu 2206","La Tablada","Con base en buenas condiciones","Alejandro Saposnik","2026-06-23 10:01:13","","","","Subterráneo","2026-06-23 10:01:13",""
"LedAvSiburu2235","","LED 150W","Av Siburu 2235","1 de Mayo","Con base en buenas condiciones","Alejandro Saposnik","2026-06-23 10:01:13","","","","Subterráneo","2026-06-23 10:01:13",""
"LedAvSiburu2236","","LED 150W","Av Siburu 2236","La Tablada","Con base en buenas condiciones","Alejandro Saposnik","2026-06-23 10:01:13","","","","Subterráneo","2026-06-23 10:01:13",""
"LedAvSiburu2280","","LED 150W","Av Siburu 2280","La Tablada","Con base en buenas condiciones","Alejandro Saposnik","2026-06-23 10:01:13","","","","Subterráneo","2026-06-23 10:01:13",""
"LedAvSiburu2281","","LED 150W","Av Siburu 2281","1 de Mayo","Con base en buenas condiciones","Alejandro Saposnik","2026-06-23 10:01:13","","","","Subterráneo","2026-06-23 10:01:13",""
"LedAvSiburu2298","","LED 150W","Av Siburu 2298","La Tablada","Con base en buenas condiciones","Alejandro Saposnik","2026-06-23 10:01:13","","","","Subterráneo","2026-06-23 10:01:13",""
"LedAvSiburu2299","","LED 150W","Av Siburu 2299","1 de Mayo","Con base en buenas condiciones","Alejandro Saposnik","2026-06-23 10:01:13","","","","Subterráneo","2026-06-23 10:01:13",""
"LedAvSiburu1906","","LED 150W","Av Siburu 1906","La Tablada","Sin base","Alejandro Saposnik","2026-06-23 10:01:13","","","","Subterráneo","2026-06-23 10:01:13",""
"LedAvSiburu1966","","LED 150W","Av Siburu 1966","La Tablada","Sin base","Alejandro Saposnik","2026-06-23 10:01:13","","","","Subterráneo","2026-06-23 10:01:13",""
"LedAvSiburu1976","","LED 150W","Av Siburu 1976","La Tablada","Sin base","Alejandro Saposnik","2026-06-23 10:01:13","","","","Subterráneo","2026-06-23 10:01:13",""
"LedAvSiburu1998","","LED 150W","Av Siburu 1998","La Tablada","Sin base","Alejandro Saposnik","2026-06-23 10:01:13","","","","Subterráneo","2026-06-23 10:01:13",""
"LedAvSiburu1999","","LED 150W","Av Siburu 1999","1 de Mayo","Sin base","Alejandro Saposnik","2026-06-23 10:01:13","","","","Subterráneo","2026-06-23 10:01:13",""
"LedAvSiburu1870","","LED 150W","Av Siburu 1870","La Tablada","Con base en buenas condiciones","Alejandro Saposnik","2026-06-23 10:01:13","","","","Aéreo","2026-06-23 10:01:13",""
"LedAvSiburu1871","","LED 150W","Av Siburu 1871","1 de Mayo","Con base en buenas condiciones","Alejandro Saposnik","2026-06-23 10:01:13","","","","Aéreo","2026-06-23 10:01:13",""
"LedAvBelgrano1705","","LED 150W","Av Belgrano 1705","La Tablada","Con base en buenas condiciones","Ana Celina Pozzi","2026-06-23 10:32:48","","","","Subterráneo","2026-06-23 10:32:48",""
"LedAvDoctorCasillas20","","LED 150W","Av Doctor Casillas 20","Guarumba","Con base en buenas condiciones","DOMINGUEZ GRACIELA","2026-07-02 09:54:38","","","","Subterráneo","2026-06-23 12:34:39",""
"LedAvDoctorCasillas70","","LED 150W","Av Doctor Casillas 70","Guarumba","Con base en buenas condiciones","DOMINGUEZ GRACIELA","2026-07-02 09:54:06","","","","Subterráneo","2026-06-23 12:36:12",""
"LedAvDoctorCasillas90","","LED 150W","Av Doctor Casillas 90","Guarumba","Con base en buenas condiciones","DOMINGUEZ GRACIELA","2026-07-02 09:53:41","","","","Subterráneo","2026-06-23 12:37:48",""
"LedAvDoctorCasillas110","","LED 150W","Av Doctor Casillas 110","Guarumba","Con base en buenas condiciones","DOMINGUEZ GRACIELA","2026-07-02 09:52:06","","","","Subterráneo","2026-06-23 12:39:27",""
"LedAvDoctorCasillas140","","LED 150W","Av Doctor Casillas 140","Guarumba","Con base en buenas condiciones","DOMINGUEZ GRACIELA","2026-07-02 09:51:40","","","","Subterráneo","2026-06-23 12:41:16",""
"LedAvDoctorCasillas190","","LED 150W","Av Doctor Casillas 190","Guarumba","Con base en buenas condiciones","DOMINGUEZ GRACIELA","2026-07-02 09:50:05","","","","Subterráneo","2026-06-23 12:43:28",""
"LedAvDoctorCasillas202","","LED 150W","Av Doctor Casillas 202","Guarumba","Con base en buenas condiciones","DOMINGUEZ GRACIELA","2026-07-02 09:48:51","","","","Subterráneo","2026-06-23 12:45:18",""
"LedAvDoctorCasillas240","","LED 150W","Av Doctor Casillas 240","Guarumba","Con base en buenas condiciones","DOMINGUEZ GRACIELA","2026-07-02 09:49:16","","","","Subterráneo","2026-06-23 12:48:00",""
"LedAvDoctorCasillas260","","LED 150W","Av Doctor Casillas 260","Guarumba","Con base en buenas condiciones","DOMINGUEZ GRACIELA","2026-07-02 09:46:52","","","","Subterráneo","2026-06-23 12:50:15",""
"LedAvDoctorCasillas310","","LED 150W","Av Doctor Casillas 310","Guarumba","Con base en buenas condiciones","DOMINGUEZ GRACIELA","2026-07-02 09:47:13","","","","Subterráneo","2026-06-23 12:54:28",""
"LedAvDoctorCasillas330","","LED 150W","Av Doctor Casillas 330","Guarumba","Con base en buenas condiciones","DOMINGUEZ GRACIELA","2026-07-02 09:45:54","","","","Subterráneo","2026-06-23 12:56:14",""
"LedAvDoctorCasillas360","","LED 150W","Av Doctor Casillas 360","Guarumba","Con base en buenas condiciones","DOMINGUEZ GRACIELA","2026-07-02 09:45:30","","","","Subterráneo","2026-06-23 12:58:07",""
"LedAvDoctorCasillas390","","LED 150W","Av Doctor Casillas 390","Guarumba","Con base en buenas condiciones","DOMINGUEZ GRACIELA","2026-07-02 09:42:01","","","","Subterráneo","2026-06-23 12:59:36",""
"LedDoctorCasillas440","","LED 150W","Av Doctor Casillas 440","Tacuabe","Con base en buenas condiciones","DOMINGUEZ GRACIELA","2026-06-25 18:57:54","","","","Subterráneo","2026-06-23 13:12:35",""
"LedAvDoctorCasillas410","","LED 150W","Av Doctor Casillas 410","Tacuabe","Con base en buenas condiciones","DOMINGUEZ GRACIELA","2026-07-02 09:37:58","","","","Subterráneo","2026-06-23 13:14:06",""
"LedAvDoctorCasillas450","","LED 150W","Av Doctor Casillas 450","Tacuabe","Con base en buenas condiciones","DOMINGUEZ GRACIELA","2026-06-25 18:58:30","","","","Subterráneo","2026-06-23 13:16:34",""
"LedDoctorCasillas490","","LED 150W","Av Doctor Casillas 490","Tacuabe","Con base en buenas condiciones","DOMINGUEZ GRACIELA","2026-07-02 09:35:04","","","","Subterráneo","2026-06-23 13:18:20",""
"LedAvDoctorCasillas510","","LED 150W","Av Doctor Casillas 510","Tacuabe","Con base en buenas condiciones","DOMINGUEZ GRACIELA","2026-07-02 09:34:34","","","","Subterráneo","2026-06-23 13:20:56",""
"LedAvDoctorCasillas570","","LED 150W","Av Doctor Casillas 570","Tacuabe","Con base en malas condiciones","DOMINGUEZ GRACIELA","2026-07-02 09:34:05","","","","Subterráneo","2026-06-23 13:22:39",""
"LedAvDoctorCasillas630","","LED 150W","Av Doctor Casillas 630","Tacuabe","Con base en buenas condiciones","DOMINGUEZ GRACIELA","2026-07-02 09:33:12","","","","Subterráneo","2026-06-23 13:24:55",""
"LedAvDoctorCasillas680","","LED 150W","Av Doctor Casillas 680","Tacuabe","Con base en buenas condiciones","DOMINGUEZ GRACIELA","2026-07-02 09:32:39","","","","Subterráneo","2026-06-23 13:27:17",""
"LedDoctorCasillas730","","LED 150W","Av Doctor casillas 730","Tacuabe","Con base en buenas condiciones","DOMINGUEZ GRACIELA","2026-07-02 09:30:23","","","","Subterráneo","2026-06-23 15:44:13",""
"LedAvDoctorCasillas790","","LED 150W","Av Doctor casillas 790","Tacuabe","Con base en buenas condiciones","DOMINGUEZ GRACIELA","2026-06-26 11:29:35","","","","Subterráneo","2026-06-23 16:26:59",""
"LedAvDoctorCasillas810","","LED 150W","Av Doctor casillas 810","Tacuabe","Con base en buenas condiciones","DOMINGUEZ GRACIELA","2026-06-26 11:29:04","","","","Subterráneo","2026-06-23 16:32:35",""
"LedAvDoctorCasillas830","","LED 150W","Av Doctor casillas 830","Tacuabe","Con base en buenas condiciones","DOMINGUEZ GRACIELA","2026-06-26 11:28:37","","","","Subterráneo","2026-06-23 16:38:22",""
"LedAvDoctorCasillas850","","LED 150W","Av Doctor casillas 850","Tacuabe","Con base en buenas condiciones","DOMINGUEZ GRACIELA","2026-06-26 11:27:48","","","","Subterráneo","2026-06-23 16:48:20",""
"LedAvDoctorCasillas880","","LED 150W","Av Doctor casillas 880","Tacuabe","Con base en buenas condiciones","DOMINGUEZ GRACIELA","2026-06-26 11:26:24","","","","Subterráneo","2026-06-23 16:50:31",""
"LedAvDoctorCasillas980","","LED 150W","Av Doctor casillas 980","Tacuabe","Con base en buenas condiciones","DOMINGUEZ GRACIELA","2026-06-26 11:07:20","","","","Subterráneo","2026-06-23 17:00:47",""
"LedAvDoctorCasillas1050","","LED 150W","Av Doctor casillas 1050","Tacuabe","Con base en buenas condiciones","DOMINGUEZ GRACIELA","2026-06-26 11:06:52","","","","Subterráneo","2026-06-23 17:03:21",""
"LedAvCasillas1080","","LED 150W","Av Casillas 1080","Tacuabe","Con base en buenas condiciones","DOMINGUEZ GRACIELA","2026-06-26 10:58:56","","","","Subterráneo","2026-06-23 17:03:50",""
"LedAvCasillas1110","","LED 150W","Av Casillas 1110","Tacuabe","Con base en buenas condiciones","DOMINGUEZ GRACIELA","2026-06-26 10:40:40","","","","Subterráneo","2026-06-23 17:17:01",""
"LedAvDoctorCasillas1150","","LED 150W","Av Casillas 1150","Tacuabe","Con base en buenas condiciones","DOMINGUEZ GRACIELA","2026-06-26 10:40:13","","","","Subterráneo","2026-06-23 17:17:14",""
"LedAvDoctorCasillas1190","","LED 150W","Av Doctor Casillas 1190","Tacuabe","Con base en buenas condiciones","DOMINGUEZ GRACIELA","2026-06-26 10:32:19","","","","Subterráneo","2026-06-23 17:22:31",""
"LedAvDoctorCasillas1240","","LED 150W","Av Doctor Casillas 1240","Tacuabe","Con base en buenas condiciones","DOMINGUEZ GRACIELA","2026-06-26 10:31:13","","","","Subterráneo","2026-06-23 17:25:11",""
"LedAvDoctorCasillas1310","","LED 150W","Av Casillas 1310","Tacuabe","Con base en buenas condiciones","DOMINGUEZ GRACIELA","2026-06-26 10:26:09","","","","Subterráneo","2026-06-23 17:27:42",""
"LedAvDoctorCasillas1330","","LED 150W","Av Doctor casillas 1330","Tacuabe","Con base en buenas condiciones","DOMINGUEZ GRACIELA","2026-06-26 10:23:21","","","","Subterráneo","2026-06-23 17:28:07",""
"LedAvDoctorCasillas1380","","LED 150W","Av Doctor casillas 1380","Tacuabe","Con base en buenas condiciones","DOMINGUEZ GRACIELA","2026-06-26 10:21:25","","","","Subterráneo","2026-06-23 17:35:16",""
"LedAv1erodeMayo3295","","LED 150W","Av 1ero de Mayo 3295","La Tablada","Con base en buenas condiciones","Emanuel Noriega Sosa","2026-06-24 18:31:39","","","","Aéreo","2026-06-24 18:27:11",""
"LedAv1erodeMayo3245","","LED 150W","Av 1ero de Mayo 3245","La Tablada","Con base en buenas condiciones","Emanuel Noriega Sosa","2026-06-24 18:31:30","","","","Aéreo","2026-06-24 18:28:44",""
"LedAv1erodeMayo3205","","LED 150W","Av 1ero de Mayo 3205","La Tablada","Con base en buenas condiciones","Emanuel Noriega Sosa","2026-06-24 18:31:22","","","","Aéreo","2026-06-24 18:30:25",""
"LedAv1erodeMayo3195","","LED 150W","Av 1ero de Mayo 3195","La Tablada","Con base en buenas condiciones","Emanuel Noriega Sosa","2026-06-24 18:33:31","","","","Aéreo","2026-06-24 18:33:31",""
"LedAv1erodeMayo3155","","LED 150W","Av 1ero de Mayo 3155","La Tablada","Con base en buenas condiciones","Emanuel Noriega Sosa","2026-06-24 18:35:55","","","","Aéreo","2026-06-24 18:35:55",""
"LedAv1erodeMayo3105","","LED 150W","Av 1ero de Mayo 3105","La Tablada","Con base en buenas condiciones","Emanuel Noriega Sosa","2026-06-24 18:37:14","","","","Aéreo","2026-06-24 18:37:14",""
"LedAv1erodeMayo3095","","LED 150W","Av 1ero de Mayo 3095","La Tablada","Con base en buenas condiciones","Emanuel Noriega Sosa","2026-06-24 18:38:42","","","","Aéreo","2026-06-24 18:38:42",""
"LedAv1erodeMayo3065","","LED 150W","Av 1ero de Mayo 3065","La Tablada","Con base en buenas condiciones","Emanuel Noriega Sosa","2026-06-24 18:40:31","","","","Aéreo","2026-06-24 18:40:31",""
"LedAv1erodeMayo3005","","LED 150W","Av 1ero de Mayo 3095","La Tablada","Con base en buenas condiciones","Emanuel Noriega Sosa","2026-06-24 18:43:30","","","","Aéreo","2026-06-24 18:43:30",""
"LedAv9deJulio2710","","LED 150W","Av 9 de Julio 2710","La Tablada","Con base en buenas condiciones","Emanuel Noriega Sosa","2026-06-24 18:45:02","","","","Aéreo","2026-06-24 18:45:02",""
"LedAv9deJulio2750","","LED 150W","Av 9 de Julio 2750","La Tablada","Con base en buenas condiciones","Emanuel Noriega Sosa","2026-06-24 18:46:24","","","","Aéreo","2026-06-24 18:46:24",""
"LedAv9deJulio2810","","LED 150W","Av 9 de Julio 2810","La Tablada","Con base en buenas condiciones","Emanuel Noriega Sosa","2026-06-24 18:55:25","","","","Aéreo","2026-06-24 18:55:25",""
"LedAv9deJulio2870","","LED 150W","Av 9 de Julio 2870","La Tablada","Con base en buenas condiciones","Emanuel Noriega Sosa","2026-06-24 18:58:02","","","","Aéreo","2026-06-24 18:58:02",""
"LedAv9deJulio2910","","LED 150W","Av 9 de Julio 2910","La Tablada","Con base en buenas condiciones","Emanuel Noriega Sosa","2026-06-24 18:59:12","","","","Aéreo","2026-06-24 18:59:12",""
"LedAv9deJulio2970","","LED 150W","Av 9 de Julio 2970","La Tablada","Con base en buenas condiciones","Emanuel Noriega Sosa","2026-06-24 19:00:32","","","","Aéreo","2026-06-24 19:00:32",""
"LedAv9deJulio3020","","LED 150W","Av 9 de Julio 3020","La Tablada","Sin base","Emanuel Noriega Sosa","2026-06-24 19:02:06","","","","Aéreo","2026-06-24 19:02:06",""
"LedAv9deJulio3092","","LED 150W","Av 9 de Julio 3092","La Tablada","Sin base","Emanuel Noriega Sosa","2026-06-24 19:03:29","","","","Aéreo","2026-06-24 19:03:29",""
"LedAv9deJulio3150","","LED 150W","Av 9 de Julio 3150","La Tablada","Con base en buenas condiciones","Emanuel Noriega Sosa","2026-06-24 19:04:40","","","","Aéreo","2026-06-24 19:04:40",""
"LedAv9deJulio3180","","LED 150W","Av 9 de Julio 3180","La Tablada","Con base en buenas condiciones","Emanuel Noriega Sosa","2026-07-29 19:00:22","","","","Aéreo","2026-06-24 19:05:50",""
"LedAv9deJulio3240","","LED 150W","Av 9 de Julio 3240","La Tablada","Con base en malas condiciones","Emanuel Noriega Sosa","2026-06-24 19:06:41","","","","Aéreo","2026-06-24 19:06:41",""
"LedAv9deJulio3290","","LED 150W","Av 9 de Julio 3290","La Tablada","Sin base","Emanuel Noriega Sosa","2026-06-24 19:17:09","","","","Aéreo","2026-06-24 19:07:33",""
"LedEstrada3305","","LED 150W","Estrada 3305","1 de Mayo","Sin base","Emanuel Noriega Sosa","2026-06-25 09:19:19","","","","Subterráneo","2026-06-25 07:49:00",""
"LedEstrada3345","","LED 150W","Estrada 3345","1 de Mayo","Con base en buenas condiciones","Emanuel Noriega Sosa","2026-06-25 09:19:50","","","","Aéreo","2026-06-25 07:50:00",""
"LedEstrada3370","","LED 150W","Estrada 3370","1 de Mayo","Con base en buenas condiciones","Emanuel Noriega Sosa","2026-06-25 09:20:21","","","","Aéreo","2026-06-25 07:55:25",""
"LedEstrada3415","","LED 150W","Estrada 3415","1 de Mayo","Con base en buenas condiciones","Emanuel Noriega Sosa","2026-06-25 09:20:58","","","","Aéreo","2026-06-25 07:57:05",""
"LedEstrada3490","","LED 150W","Estrada 3490","1 de Mayo","Con base en buenas condiciones","Emanuel Noriega Sosa","2026-06-25 09:21:13","","","","Aéreo","2026-06-25 07:59:13",""
"LedEstrada3553","","LED 150W","Estrada 3553","1 de Mayo","Con base en buenas condiciones","Emanuel Noriega Sosa","2026-06-25 09:21:48","","","","Aéreo","2026-06-25 08:00:20",""
"LedEstada3590","","LED 150W","Estrada 3590","1 de Mayo","Con base en buenas condiciones","Emanuel Noriega Sosa","2026-06-25 09:22:23","","","","Aéreo","2026-06-25 08:18:40",""
"LedEstrada3625","","LED 150W","Estrada 3625","1 de Mayo","Con base en buenas condiciones","Emanuel Noriega Sosa","2026-06-25 09:22:32","","","","Aéreo","2026-06-25 08:20:19",""
"LedEstrada3680","","LED 150W","Estrada 3680","1 de Mayo","Con base en buenas condiciones","Emanuel Noriega Sosa","2026-06-25 09:22:43","","","","Aéreo","2026-06-25 08:21:47",""
"LedEstrada3723","","LED 150W","Estrada 3723","1 de Mayo","Con base en buenas condiciones","Emanuel Noriega Sosa","2026-06-25 09:31:16","","","","Aéreo","2026-06-25 08:22:57",""
"LedEstrada3790","","LED 150W","Estrada 3790","1 de Mayo","Con base en buenas condiciones","Emanuel Noriega Sosa","2026-06-25 09:33:59","","","","Aéreo","2026-06-25 08:24:40",""
"LedEstrada3815","","LED 150W","Estrada 3815","1 de Mayo","Con base en buenas condiciones","Emanuel Noriega Sosa","2026-06-25 09:34:10","","","","Aéreo","2026-06-25 08:25:28",""
"LedEstrada3880","","LED 150W","Estrada 3880","1 de Mayo","Con base en buenas condiciones","Emanuel Noriega Sosa","2026-06-25 09:34:48","","","","Aéreo","2026-06-25 08:26:35",""
"LedEstrada3915","True","LED 150W","Estrada 3915","1 de Mayo","Con base en buenas condiciones","Emanuel Noriega Sosa","2026-06-25 09:35:19","","","","Aéreo","2026-06-25 08:27:44",""
"LedEstrada3950","","LED 150W","Estrada 3950","1 de Mayo","Con base en buenas condiciones","Emanuel Noriega Sosa","2026-06-25 09:36:03","","","","Aéreo","2026-06-25 08:29:11",""
"LedTresHermanas7015","","LED 150W","Tres Hermanas 7015","Tacuabe","Con base en buenas condiciones","DOMINGUEZ GRACIELA","2026-06-25 11:02:24","","","","Subterráneo","2026-06-25 10:38:47",""
"LedTresHermanas7045","","LED 150W","Tres Hermanas 7045","Tacuabe","Con base en buenas condiciones","DOMINGUEZ GRACIELA","2026-06-25 11:02:40","","","","Subterráneo","2026-06-25 10:42:58",""
"LedTresHermanas7065","","LED 150W","Tres Hermanas 7065","Tacuabe","Con base en buenas condiciones","DOMINGUEZ GRACIELA","2026-06-25 11:00:33","","","","Subterráneo","2026-06-25 10:44:46",""
"LedTresHermanas7095","","LED 150W","Tres Hermanas 7095","Tacuabe","Con base en buenas condiciones","DOMINGUEZ GRACIELA","2026-06-25 11:03:17","","","","Subterráneo","2026-06-25 10:47:33",""
"LedTresHermanas8015","","LED 150W","Tres Hermanas 8015","Tacuabe","Con base en buenas condiciones","DOMINGUEZ GRACIELA","2026-06-25 11:05:32","","","","Subterráneo","2026-06-25 10:49:26",""
"LedTresHermanas8055","","LED 150W","Tres Hermanas 8055","Tacuabe","Con base en buenas condiciones","DOMINGUEZ GRACIELA","2026-06-25 11:09:44","","","","Subterráneo","2026-06-25 10:51:33",""
"LedTresHermanas8085","","LED 150W","Tres Hermanas 8085","Tacuabe","Con base en buenas condiciones","DOMINGUEZ GRACIELA","2026-06-25 10:53:00","","","","Subterráneo","2026-06-25 10:53:00",""
"LedAvDoctorCasillas1375","","LED 150W","Av Doctor casillas 1375","Tacuabe","Con base en buenas condiciones","DOMINGUEZ GRACIELA","2026-06-25 13:19:54","","","","Subterráneo","2026-06-25 13:19:54",""
"LedAvDoctorCasillas1325","","LED 150W","Av Doctor casillas 1325","Tacuabe","Con base en buenas condiciones","DOMINGUEZ GRACIELA","2026-06-25 13:24:52","","","","Subterráneo","2026-06-25 13:24:52",""
"LedAvDoctorCasillas1275","","LED 150W","Av Doctor casillas 1275","Tacuabe","Con base en buenas condiciones","DOMINGUEZ GRACIELA","2026-06-25 13:27:31","","","","Subterráneo","2026-06-25 13:27:31",""
"LedDoctorCasillas1245","","LED 150W","Av Doctor casillas 1245","Tacuabe","Con base en buenas condiciones","DOMINGUEZ GRACIELA","2026-06-25 13:29:27","","","","Subterráneo","2026-06-25 13:29:27",""
"LedAvDoctorCasillas1215","","LED 150W","Av Doctor casillas 1215","Tacuabe","Con base en buenas condiciones","DOMINGUEZ GRACIELA","2026-06-25 13:32:05","","","","Subterráneo","2026-06-25 13:32:05",""
"LedAvDoctorCasillas1195","","LED 150W","Av Doctor casillas 1195","Tacuabe","Con base en buenas condiciones","DOMINGUEZ GRACIELA","2026-06-25 13:34:03","","","","Subterráneo","2026-06-25 13:34:03",""
"LedAvDoctorCasillas1175","","LED 150W","Av Doctor Casillas 1175","Tacuabe","Con base en buenas condiciones","DOMINGUEZ GRACIELA","2026-06-25 13:38:43","","","","Subterráneo","2026-06-25 13:38:43",""
"LedAvDoctorCasillas1145","","LED 150W","Av Doctor Casillas 1145","Tacuabe","Con base en buenas condiciones","DOMINGUEZ GRACIELA","2026-06-25 13:41:06","","","","Subterráneo","2026-06-25 13:41:06",""
"LedAvDoctorCasillas1115","","LED 150W","Av Doctor casillas 1115","Tacuabe","Con base en buenas condiciones","DOMINGUEZ GRACIELA","2026-06-25 13:43:00","","","","Subterráneo","2026-06-25 13:43:00",""
"LedAvDoctorCasillas1095","","LED 150W","Av Doctor casillas 1095","Tacuabe","Con base en buenas condiciones","DOMINGUEZ GRACIELA","2026-06-25 13:45:39","","","","Subterráneo","2026-06-25 13:45:39",""
"LedAvDoctorCasillas1065","","LED 150W","Av Doctor casillas 1065","Tacuabe","Con base en buenas condiciones","DOMINGUEZ GRACIELA","2026-06-25 13:47:43","","","","Subterráneo","2026-06-25 13:47:43",""
"LedAvDoctorCasillas1035","","LED 150W","Av Doctor casillas 1035","Tacuabe","Con base en buenas condiciones","DOMINGUEZ GRACIELA","2026-06-25 13:49:25","","","","Subterráneo","2026-06-25 13:49:25",""
"LedAvDoctorCasillas995","","LED 150W","Av Doctor casillas 995","Tacuabe","Con base en buenas condiciones","DOMINGUEZ GRACIELA","2026-06-25 13:52:39","","","","Subterráneo","2026-06-25 13:52:39",""
"LedAvDoctorCasillas955","","LED 150W","Av Doctor casillas 995","Tacuabe","Con base en buenas condiciones","DOMINGUEZ GRACIELA","2026-06-25 13:54:56","","","","Subterráneo","2026-06-25 13:54:56",""
"LedAvDoctorCasillas765","","LED 150W","Av Doctor Casillas 765","Tacuabe","Con base en buenas condiciones","DOMINGUEZ GRACIELA","2026-06-25 14:16:39","","","","Subterráneo","2026-06-25 13:59:09",""
"LedAvDoctorCasillas665","","LED 150W","Av Doctor Casillas 665","Tacuabe","Con base en buenas condiciones","DOMINGUEZ GRACIELA","2026-06-25 14:20:34","","","","Subterráneo","2026-06-25 14:20:34",""
"LedAvDoctorCasillas645","","LED 150W","Av Doctor Casillas 645","Tacuabe","Con base en buenas condiciones","DOMINGUEZ GRACIELA","2026-06-25 14:23:26","","","","Subterráneo","2026-06-25 14:23:26",""
"LedAvDoctorCasillas625","","LED 150W","Av Doctor Casillas 625","Tacuabe","Con base en buenas condiciones","DOMINGUEZ GRACIELA","2026-06-25 14:25:31","","","","Subterráneo","2026-06-25 14:25:31",""
"LedAvDoctorCasillas605","","LED 150W","Av Doctor Casillas 625","Tacuabe","Con base en buenas condiciones","DOMINGUEZ GRACIELA","2026-06-25 14:27:17","","","","Subterráneo","2026-06-25 14:27:17",""
"LedSantaFe2070","","LED 150W","Santa Fe 2070","1 de Mayo","Con base en buenas condiciones","Ana Celina Pozzi","2026-06-26 09:08:37","","","","Aéreo","2026-06-25 16:41:52",""
"LedSantaFe2025","","LED 150W","Santa Fe 2025","1 de Mayo","Con base en buenas condiciones","Ana Celina Pozzi","2026-06-26 07:53:52","","","","Aéreo","2026-06-25 16:42:24",""
"LedChaco1745","","LED 150W","Chaco 1745","1 de Mayo","Con base en buenas condiciones","Ana Celina Pozzi","2026-06-25 17:02:12","","","","Aéreo","2026-06-25 16:50:06",""
"LedChaco1770","","LED 150W","Chaco 1770","1 de Mayo","Con base en buenas condiciones","Ana Celina Pozzi","2026-06-25 17:01:36","","","","Aéreo","2026-06-25 16:58:57",""
"LedAvDoctorCasillas405","","LED 150W","Av Doctor Casillas 805","Tacuabe","Con base en buenas condiciones","DOMINGUEZ GRACIELA","2026-06-25 16:59:34","","","","Subterráneo","2026-06-25 16:59:34",""
"LedAvDoctorCasillas445","","LED 150W","Av Doctor Casillas 845","Tacuabe","Con base en buenas condiciones","DOMINGUEZ GRACIELA","2026-06-25 17:02:21","","","","Aéreo","2026-06-25 17:02:21",""
"LedAvDoctorCasillas475","","LED 150W","Av Doctor Casillas 475","Tacuabe","Con base en malas condiciones","DOMINGUEZ GRACIELA","2026-06-25 17:05:54","","","","Subterráneo","2026-06-25 17:05:54",""
"LedAvDoctorCasillas495","","LED 150W","Av Doctor Casillas 495","Tacuabe","Con base en buenas condiciones","DOMINGUEZ GRACIELA","2026-06-25 17:07:55","","","","Subterráneo","2026-06-25 17:07:55",""
"LedAvDoctorCasillas515","","LED 150W","Av Doctor Casillas 515","Tacuabe","Con base en buenas condiciones","DOMINGUEZ GRACIELA","2026-06-25 17:11:03","","","","Subterráneo","2026-06-25 17:11:03",""
"LedChaco1833","","LED 150W","Chaco 1833","1 de Mayo","Con base en buenas condiciones","Ana Celina Pozzi","2026-06-25 17:13:16","","","","Aéreo","2026-06-25 17:13:16",""
"LedAvDoctorCasillas545","","LED 150W","Av Doctor Casillas 545","Tacuabe","Con base en buenas condiciones","DOMINGUEZ GRACIELA","2026-06-25 17:13:57","","","","Subterráneo","2026-06-25 17:13:57",""
"LedChaco1880","","LED 150W","Chaco 1880","1 de Mayo","Con base en buenas condiciones","Ana Celina Pozzi","2026-06-25 17:15:22","","","","Aéreo","2026-06-25 17:14:58",""
"LedChaco1925","","LED 150W","Chaco 1925","1 de Mayo","Con base en buenas condiciones","Ana Celina Pozzi","2026-06-25 17:16:20","","","","Aéreo","2026-06-25 17:15:56",""
"LedChaco1980","","LED 150W","Chaco 1980","1 de Mayo","Con base en buenas condiciones","Ana Celina Pozzi","2026-06-25 17:16:49","","","","Aéreo","2026-06-25 17:16:26",""
"LedAvDoctorCasillas565","","LED 150W","Av Doctor Casillas 565","Tacuabe","Con base en buenas condiciones","DOMINGUEZ GRACIELA","2026-06-25 17:16:44","","","","Subterráneo","2026-06-25 17:16:44",""
"LedAvDoctorCasillas595","","LED 150W","Av Doctor Casillas 595","Tacuabe","Con base en buenas condiciones","DOMINGUEZ GRACIELA","2026-06-25 17:18:11","","","","Subterráneo","2026-06-25 17:18:11",""
"LedChaco2040","","LED 150W","Chaco 2040","1 de Mayo","Con base en buenas condiciones","Ana Celina Pozzi","2026-06-25 17:24:27","","","","Aéreo","2026-06-25 17:22:34",""
"LedChaco2140","","LED 150W","Chaco 2140","1 de Mayo","Con base en buenas condiciones","Ana Celina Pozzi","2026-06-25 17:27:40","","","","Aéreo","2026-06-25 17:25:13",""
"LedMendoza2010","","LED 150W","Mendoza 2010","1 de Mayo","Con base en buenas condiciones","Ana Celina Pozzi","2026-06-25 17:48:23","","","","Aéreo","2026-06-25 17:48:23",""
"LedMendoza2050","","LED 150W","Mendoza 2050","1 de Mayo","Sin base","Ana Celina Pozzi","2026-06-25 17:57:49","","","","Aéreo","2026-06-25 17:48:27",""
"LedMendoza1975","","LED 150W","Mendoza 1975","1 de Mayo","Con base en buenas condiciones","Ana Celina Pozzi","2026-06-25 18:04:34","","","","Aéreo","2026-06-25 18:04:34",""
"LedMendoza1930","","LED 150W","Mendoza 1930","1 de Mayo","Con base en buenas condiciones","Ana Celina Pozzi","2026-06-25 18:06:35","","","","Aéreo","2026-06-25 18:06:12",""
"LedMendoza1875","","LED 150W","Mendoza 1875","1 de Mayo","Con base en buenas condiciones","Ana Celina Pozzi","2026-06-25 18:10:35","","","","Aéreo","2026-06-25 18:06:51",""
"LedMendoza1826","","LED 150W","Mendoza 1826","1 de Mayo","Con base en buenas condiciones","Ana Celina Pozzi","2026-06-25 19:01:57","","","","Aéreo","2026-06-25 19:01:57",""
"LedMendoza1775","","LED 150W","Mendoza 1775","1 de Mayo","Con base en buenas condiciones","Ana Celina Pozzi","2026-06-25 19:06:56","","","","Aéreo","2026-06-25 19:06:56",""
"LedMendoza1730","","LED 150W","Mendoza 1730","1 de Mayo","Con base en buenas condiciones","Ana Celina Pozzi","2026-06-25 19:09:35","","","","Aéreo","2026-06-25 19:09:15",""
"LedColNestorKirchnerSN1","","LED 150W","Col Nestor Kirchner SN 1","Tagué","Con base en buenas condiciones","DOMINGUEZ GRACIELA","2026-06-30 08:38:38","","","","Aéreo","2026-06-29 08:49:35",""
"LedColNestorKirchnerSN2","","LED 150W","Col Nestor Kirchner SN 2","Tagué","Con base en buenas condiciones","DOMINGUEZ GRACIELA","2026-06-30 08:39:05","","","","Aéreo","2026-06-29 09:00:15",""
"LedColNestorKirchnerSN3","","LED 150W","Col Nestor Kirchner SN 3","Tagué","Con base en buenas condiciones","DOMINGUEZ GRACIELA","2026-06-30 08:39:15","","","","Aéreo","2026-06-29 09:11:06",""
"LedColNestorKirchnerSN4","","LED 150W","Col Nestor Kirchner SN 4","Tagué","Con base en buenas condiciones","DOMINGUEZ GRACIELA","2026-06-30 08:39:45","","","","Aéreo","2026-06-29 09:19:58",""
"LedParaguay4880","","LED 150W","Paraguay 4880","Tagué","Con base en buenas condiciones","DOMINGUEZ GRACIELA","2026-06-29 09:39:24","","","","Aéreo","2026-06-29 09:24:52",""
"LedParaguay4850","","LED 150W","Paraguay 4850","Tagué","Con base en buenas condiciones","DOMINGUEZ GRACIELA","2026-06-29 09:39:37","","","","Aéreo","2026-06-29 09:27:20",""
"LedCepeda4665","","LED 150W","Cepeda 4655","Tagué","Con base en buenas condiciones","DOMINGUEZ GRACIELA","2026-06-29 10:07:44","","","","Aéreo","2026-06-29 09:42:41",""
"LedCepeda4725","","LED 150W","Cepeda 4725","Tagué","Con base en buenas condiciones","DOMINGUEZ GRACIELA","2026-06-29 10:03:31","","","","Aéreo","2026-06-29 09:45:49",""
"LedAv28deMayo2110","","LED 150W","Av 28 de Mayo 3110","1 de Mayo","Con base en buenas condiciones","Ana Celina Pozzi","2026-06-29 17:12:36","","","","Subterráneo","2026-06-29 16:19:15",""
"LedAv28deMayo2101","","LED 150W","Av 28 de Mayo 2101","1 de Mayo","Con base en buenas condiciones","Ana Celina Pozzi","2026-06-29 17:11:20","","","","Subterráneo","2026-06-29 16:47:01",""
"LedAv28deMayo2135","","LED 150W","Av 28 de Mayo 2135","1 de Mayo","Con base en buenas condiciones","Ana Celina Pozzi","2026-06-29 17:13:24","","","","Subterráneo","2026-06-29 17:12:43",""
"LedAv28deMayo2230","","LED 150W","Av 28 de Mayo 2230","1 de Mayo","Con base en buenas condiciones","Ana Celina Pozzi","2026-06-29 17:13:49","","","","Subterráneo","2026-06-29 17:13:30",""
"LedAv28deMayo2270","","LED 150W","Av 28 de Mayo 2270","1 de Mayo","Con base en buenas condiciones","Ana Celina Pozzi","2026-06-29 17:14:23","","","","Aéreo","2026-06-29 17:14:00",""
"LedAv28deMayo2310","","LED 150W","Av 28 de Mayo 2310","1 de Mayo","Con base en buenas condiciones","Ana Celina Pozzi","2026-06-29 17:15:05","","","","Aéreo","2026-06-29 17:14:31",""
"LedAv28deMayo2380","","LED 150W","Av 28 de Mayo 2380","1 de Mayo","Con base en buenas condiciones","Ana Celina Pozzi","2026-06-29 17:18:57","","","","Aéreo","2026-06-29 17:15:19",""
"LedAv28deMayo2340","","LED 150W","Av 28 de Mayo 2340","1 de Mayo","Con base en buenas condiciones","Ana Celina Pozzi","2026-06-29 17:17:25","","","","Aéreo","2026-06-29 17:17:25",""
"LedAv28deMayo2280","","LED 150W","Av 28 de Mayo 2280","1 de Mayo","Con base en buenas condiciones","Ana Celina Pozzi","2026-06-29 17:19:46","","","","Aéreo","2026-06-29 17:19:15",""
"LedAvAlem2870","","LED 150W","Av Alem 2870","1 de Mayo","Sin base","Ana Celina Pozzi","2026-06-29 17:24:54","","","","Subterráneo","2026-06-29 17:24:02",""
"LedAvAlem2005","","LED 150W","Av Alem 2005","1 de Mayo","Con base en malas condiciones","Ana Celina Pozzi","2026-06-29 17:26:45","","","","Subterráneo","2026-06-29 17:26:26",""
"LedAvAlem1995","","LED 150W","Av Alem 1995","1 de Mayo","Con base en buenas condiciones","Ana Celina Pozzi","2026-06-29 17:27:33","","","","Aéreo","2026-06-29 17:26:48",""
"LedAvAlem1950","","LED 150W","Av Alem 1950","1 de Mayo","Con base en buenas condiciones","Ana Celina Pozzi","2026-06-29 17:28:43","","","","Aéreo","2026-06-29 17:27:44",""
"LedAlem1898","","LED 150W","Alem 1898","1 de Mayo","Con base en buenas condiciones","Ana Celina Pozzi","2026-06-29 17:30:04","","","","Aéreo","2026-06-29 17:29:09",""
"LedAvAlem1840","True","LED 150W","Av Alem 1840","1 de Mayo","Con base en buenas condiciones","Ana Celina Pozzi","2026-06-29 17:33:26","","","","Aéreo","2026-06-29 17:30:12",""
"LedAlem1798","","LED 150W","Alem 1798","1 de Mayo","Con base en buenas condiciones","Ana Celina Pozzi","2026-06-29 17:32:05","","","","Aéreo","2026-06-29 17:31:14",""
"LedAvAlem1798","","LED 150W","Av Alem 1798","1 de Mayo","Con base en buenas condiciones","Ana Celina Pozzi","2026-06-29 17:33:04","","","","Aéreo","2026-06-29 17:32:10",""
"LedAvAlem1750","","LED 150W","Av Alem 1750","1 de Mayo","Con base en buenas condiciones","Ana Celina Pozzi","2026-06-29 17:34:20","","","","Aéreo","2026-06-29 17:33:47",""
"LedCorrientes2250","","LED 150W","Corrientes 2250","1 de Mayo","Con base en buenas condiciones","Ana Celina Pozzi","2026-06-29 17:35:43","","","","Aéreo","2026-06-29 17:35:13",""
"LedAvSiburu2310","","LED 150W","Av Siburu 2310","San Jose Obrero","Con base en buenas condiciones","Ana Celina Pozzi","2026-06-29 17:43:58","","","","Subterráneo","2026-06-29 17:43:58",""
"LedAvSiburu2315","","LED 150W","Av Siburu 2315","San Jose Obrero","Con base en buenas condiciones","Ana Celina Pozzi","2026-07-20 10:46:14","","","","Subterráneo","2026-06-29 17:44:01",""
"LedAvSiburu2340","","LED 150W","Av Siburu 2340","San Jose Obrero","Con base en buenas condiciones","Ana Celina Pozzi","2026-07-20 08:30:24","","","","Subterráneo","2026-06-29 17:45:34",""
"LedAvSiburu2345","","LED 150W","Av Siburu 2345","San Jose Obrero","Con base en buenas condiciones","Ana Celina Pozzi","2026-07-20 10:46:51","","","","Subterráneo","2026-06-29 17:46:12",""
"LedAvSiburu2370","","LED 150W","Av Siburu 2370","San Jose Obrero","Con base en buenas condiciones","Ana Celina Pozzi","2026-08-03 09:51:14","","","","Subterráneo","2026-06-29 17:46:59",""
"LedAvSiburu2498","","LED 150W","Av Siburu 2498","San Jose Obrero","Con base en buenas condiciones","Ana Celina Pozzi","2026-06-29 17:53:02","","","","Subterráneo","2026-06-29 17:53:02",""
"LedAvSiburu2499","","LED 150W","Av Siburu 2499","San Jose Obrero","Con base en buenas condiciones","Ana Celina Pozzi","2026-07-20 10:47:30","","","","Subterráneo","2026-06-29 17:53:05",""
"LedAvSiburu2410","","LED 150W","Av Siburu 2410","San Jose Obrero","Con base en buenas condiciones","Ana Celina Pozzi","2026-06-30 10:56:50","","","","Subterráneo","2026-06-29 17:54:31",""
"LedAvSiburu2411","","LED 150W","Av Siburu 2411","San Jose Obrero","Con base en buenas condiciones","Ana Celina Pozzi","2026-07-20 10:46:58","","","","Subterráneo","2026-06-29 17:54:33",""
"LedAvSiburu2450","","LED 150W","Av Siburu 2450","San Jose Obrero","Con base en buenas condiciones","Ana Celina Pozzi","2026-06-29 17:55:27","","","","Subterráneo","2026-06-29 17:55:05",""
"LedAvSiburu2451","","LED 150W","Av Siburu 2451","1 de Mayo","Con base en buenas condiciones","Ana Celina Pozzi","2026-06-29 17:56:11","","","","Subterráneo","2026-06-29 17:55:50",""
"LedAvSiburu2471","","LED 150W","Av Siburu 2471","San Jose Obrero","Con base en buenas condiciones","Ana Celina Pozzi","2026-07-20 10:47:24","","","","Subterráneo","2026-06-29 17:56:19",""
"LedAvSiburu2470","","LED 150W","Av Siburu 2470","San Jose Obrero","Con base en buenas condiciones","Ana Celina Pozzi","2026-07-20 08:10:42","","","","Subterráneo","2026-06-29 17:57:00",""
"LedAvSiburu2505","","LED 150W","Av Siburu 2505","San Jose Obrero","Con base en buenas condiciones","Ana Celina Pozzi","2026-07-20 10:47:15","","","","Subterráneo","2026-06-29 17:58:35",""
"LedAvSiburu2506","","LED 150W","Av Siburu 2506","San Jose Obrero","Con base en buenas condiciones","Ana Celina Pozzi","2026-07-20 08:09:09","","","","Subterráneo","2026-06-29 18:01:11",""
"LedAvSiburu2526","","LED 150W","Av Siburu 2526","San Jose Obrero","Con base en buenas condiciones","Ana Celina Pozzi","2026-07-20 09:12:06","","","","Aéreo","2026-06-29 18:04:09",""
"LedGuemes3305","","LED 150W","Guemes 3305","Aero Club","Con base en buenas condiciones","Ana Celina Pozzi","2026-07-01 08:47:41","","","","Aéreo","2026-06-29 18:07:39",""
"LedGuemes3355","","LED 150W","Guemes 3355","Aero Club","Con base en buenas condiciones","Ana Celina Pozzi","2026-07-01 08:48:21","","","","Aéreo","2026-06-29 18:07:47",""
"LedMendoza2295","","LED 150W","Mendoza 2295","Aero Club","Con base en buenas condiciones","Ana Celina Pozzi","2026-07-01 07:58:47","","","","Aéreo","2026-06-29 18:13:18",""
"LedMendoza2185","","LED 150W","Mendoza 2185","Aero Club","Con base en buenas condiciones","Ana Celina Pozzi","2026-07-01 08:00:24","","","","Aéreo","2026-06-29 18:13:24",""
"LedMendoza2120","","LED 150W","Mendoza 2120","Aero Club","Con base en buenas condiciones","Ana Celina Pozzi","2026-07-01 08:00:41","","","","Aéreo","2026-06-29 18:14:03",""
"LedBolivia4860","","LED 150W","Bolivia 4860","Tagué","Con base en buenas condiciones","DOMINGUEZ GRACIELA","2026-06-30 11:25:27","","","","Aéreo","2026-06-30 11:25:27",""
"LedBolivia4970","","LED 150W","Bolivia 4970","Tagué","Con base en buenas condiciones","DOMINGUEZ GRACIELA","2026-06-30 11:27:00","","","","Aéreo","2026-06-30 11:27:00",""
"LedBolivia4920","","LED 150W","Bolivia 4920","Tagué","Con base en buenas condiciones","DOMINGUEZ GRACIELA","2026-06-30 11:28:13","","","","Aéreo","2026-06-30 11:28:13",""
"LedMandisovi4760","","LED 150W","Mandisovi 4760","Tagué","Con base en buenas condiciones","DOMINGUEZ GRACIELA","2026-06-30 11:32:00","","","","Aéreo","2026-06-30 11:32:00",""
"LedCagliero2580","","LED 150W","Cagliero 2580","Tagué","Con base en buenas condiciones","DOMINGUEZ GRACIELA","2026-06-30 13:00:10","","","","Aéreo","2026-06-30 13:00:10",""
"LedMonsCagliero2630","","LED 150W","Mons Cagliero 2630","Tagué","Con base en buenas condiciones","DOMINGUEZ GRACIELA","2026-06-30 13:10:55","","","","Aéreo","2026-06-30 13:10:55",""
"LedMonsCagliero2680","","LED 150W","Mons Cagliero 2680","Tagué","Con base en buenas condiciones","DOMINGUEZ GRACIELA","2026-06-30 13:12:48","","","","Aéreo","2026-06-30 13:12:48",""
"LedMonsCagliero2730","","LED 150W","Mons Cagliero 2730","Tagué","Con base en buenas condiciones","DOMINGUEZ GRACIELA","2026-06-30 13:15:11","","","","Aéreo","2026-06-30 13:15:11",""
"LedMonsCagliero2820","","LED 150W","Mons Cagliero 2820","Tagué","Con base en buenas condiciones","DOMINGUEZ GRACIELA","2026-06-30 13:17:20","","","","Aéreo","2026-06-30 13:17:20",""
"LedMonsCagliero2880","","LED 150W","Mons Cagliero 2880","Tagué","Con base en buenas condiciones","DOMINGUEZ GRACIELA","2026-06-30 13:18:50","","","","Aéreo","2026-06-30 13:18:50",""
"LedMexico2620","","LED 150W","México 2620","Tagué","Con base en buenas condiciones","DOMINGUEZ GRACIELA","2026-06-30 13:21:08","","","","Aéreo","2026-06-30 13:21:08",""
"LedMexico2780","","LED 150W","México 2780","Tagué","Con base en buenas condiciones","DOMINGUEZ GRACIELA","2026-06-30 13:23:17","","","","Aéreo","2026-06-30 13:23:17",""
"LedMexico2985","","LED 150W","México 2985","Tagué","Con base en buenas condiciones","DOMINGUEZ GRACIELA","2026-07-06 10:20:32","","","","Aéreo","2026-06-30 13:25:11",""
"LedMexico3050","","LED 150W","México 3050","Tagué","Con base en buenas condiciones","DOMINGUEZ GRACIELA","2026-06-30 13:27:10","","","","Aéreo","2026-06-30 13:27:10",""
"LedMexico2750","","LED 150W","México 2750","Tagué","Con base en buenas condiciones","DOMINGUEZ GRACIELA","2026-06-30 13:29:35","","","","Aéreo","2026-06-30 13:29:35",""
"LedJamaica2620","","LED 150W","Jamaica 2620","Tagué","Con base en buenas condiciones","DOMINGUEZ GRACIELA","2026-06-30 13:39:41","","","","Aéreo","2026-06-30 13:39:41",""
"LedJamaica2785","","LED 150W","Jamaica 2785","Tagué","Con base en buenas condiciones","DOMINGUEZ GRACIELA","2026-06-30 13:42:08","","","","Aéreo","2026-06-30 13:42:08",""
"LedJamaica2823","","LED 150W","Jamaica 2823","Tagué","Con base en buenas condiciones","DOMINGUEZ GRACIELA","2026-06-30 13:44:43","","","","Aéreo","2026-06-30 13:44:43",""
"LedJamaica2885","","LED 150W","Jamaica 2885","Tagué","Con base en buenas condiciones","DOMINGUEZ GRACIELA","2026-06-30 13:46:27","","","","Aéreo","2026-06-30 13:46:27",""
"LedPuertoRico2795","","LED 150W","Puerto Rico 2795","Tagué","Con base en buenas condiciones","DOMINGUEZ GRACIELA","2026-06-30 13:49:42","","","","Aéreo","2026-06-30 13:49:42",""
"LedPuertoRico2788","","LED 150W","Puerto Rico 2788","Tagué","Con base en buenas condiciones","DOMINGUEZ GRACIELA","2026-06-30 13:52:35","","","","Aéreo","2026-06-30 13:52:35",""
"LedPuertoRico2880","","LED 150W","Puerto Rico 2880","Tagué","Con base en buenas condiciones","DOMINGUEZ GRACIELA","2026-06-30 13:54:09","","","","Aéreo","2026-06-30 13:54:09",""
"LedPuertoRico2950","","LED 150W","Puerto Rico 2950","Tagué","Con base en buenas condiciones","DOMINGUEZ GRACIELA","2026-06-30 13:55:56","","","","Aéreo","2026-06-30 13:55:56",""
"LedNicaragua2610","","LED 150W","Nicaragua 2610","Tagué","Con base en buenas condiciones","DOMINGUEZ GRACIELA","2026-06-30 13:58:44","","","","Aéreo","2026-06-30 13:58:44",""
"LedNicaragua2630","","LED 150W","Nicaragua 2630","Tagué","Con base en buenas condiciones","DOMINGUEZ GRACIELA","2026-06-30 14:00:34","","","","Aéreo","2026-06-30 14:00:34",""
"LedNicaragua2650","","LED 150W","Nicaragua 2650","Tagué","Con base en buenas condiciones","DOMINGUEZ GRACIELA","2026-06-30 14:02:02","","","","Aéreo","2026-06-30 14:02:02",""
"LedNicaragua2680","","LED 150W","Nicaragua 2680","Tagué","Con base en buenas condiciones","DOMINGUEZ GRACIELA","2026-06-30 14:04:32","","","","Aéreo","2026-06-30 14:04:32",""
"LedNicaragua2750","","LED 150W","Nicaragua 2750","Tagué","Con base en buenas condiciones","DOMINGUEZ GRACIELA","2026-06-30 14:06:02","","","","Aéreo","2026-06-30 14:06:02",""
"LedAvVillaLibertad5110","","LED 150W","Av Villa Libertadv5110","Tagué","Con base en buenas condiciones","DOMINGUEZ GRACIELA","2026-07-01 08:42:16","","","","Aéreo","2026-06-30 18:14:27",""
"LedAvVillaLibertad5090","","LED 150W","AvvVilla Libertad 5090","Tagué","Con base en buenas condiciones","DOMINGUEZ GRACIELA","2026-07-01 08:43:56","","","","Aéreo","2026-07-01 08:43:56",""
"LedAvVillaLibertad5050","","LED 150W","Av Villa Libertad 5050","Tagué","Con base en buenas condiciones","DOMINGUEZ GRACIELA","2026-07-01 08:48:26","","","","Aéreo","2026-07-01 08:48:26",""
"LedAvVillaLibertad4980","","LED 150W","Av Villa Libertad 4980","Tagué","Con base en buenas condiciones","DOMINGUEZ GRACIELA","2026-07-01 08:54:27","","","","Aéreo","2026-07-01 08:54:27",""
"LedSvVillaLibertad4920","","LED 150W","Av Villa Libertad 4920","Tagué","Con base en buenas condiciones","DOMINGUEZ GRACIELA","2026-07-01 08:59:15","","","","Aéreo","2026-07-01 08:59:15",""
"LedAvVillaLibertad4880","","LED 150W","Av Villa Libertad 4880","Tagué","Con base en buenas condiciones","DOMINGUEZ GRACIELA","2026-07-01 09:04:05","","","","Aéreo","2026-07-01 09:04:05",""
"LedAvVillaLibertad4820","","LED 150W","Av Villa Libertad 4820","Tagué","Con base en buenas condiciones","DOMINGUEZ GRACIELA","2026-07-01 09:08:32","","","","Aéreo","2026-07-01 09:08:32",""
"LedAvVillaLibertad4790","","LED 150W","Av Villa Libertad 4790","Tagué","Con base en buenas condiciones","DOMINGUEZ GRACIELA","2026-07-01 09:12:45","","","","Aéreo","2026-07-01 09:12:45",""
"LedAvVillaLibertad4710","","LED 150W","Av Villa Libertad 4710","Tagué","Con base en buenas condiciones","DOMINGUEZ GRACIELA","2026-07-01 09:15:47","","","","Aéreo","2026-07-01 09:15:47",""
"AvVillaLibertad4680","","LED 150W","Av Villa Libertad 4680","Tagué","Con base en buenas condiciones","DOMINGUEZ GRACIELA","2026-07-01 09:32:23","","","","Aéreo","2026-07-01 09:30:50",""
"LedPanama4615","","LED 150W","Panamá 4615","Tagué","Con base en buenas condiciones","DOMINGUEZ GRACIELA","2026-07-01 09:42:35","","","","Aéreo","2026-07-01 09:38:02",""
"AvVillaLibertad4650","","LED 150W","Av Villa Libertad 4650","Tagué","Con base en buenas condiciones","DOMINGUEZ GRACIELA","2026-07-01 09:57:59","","","","Aéreo","2026-07-01 09:57:59",""
"LedRepetto3915","","LED 150W","Repetto 3915","1 de Mayo","Con base en buenas condiciones","Emanuel Noriega Sosa","2026-07-01 16:30:41","","","","Aéreo","2026-07-01 16:30:41",""
"LedRepetto3896","","LED 150W","Repetto 3896","1 de Mayo","Con base en buenas condiciones","Emanuel Noriega Sosa","2026-07-01 16:32:06","","","","Aéreo","2026-07-01 16:32:06",""
"LedRepetto3810","","LED 150W","Repetto 3810","1 de Mayo","Con base en buenas condiciones","Emanuel Noriega Sosa","2026-07-01 16:34:35","","","","Aéreo","2026-07-01 16:32:33",""
"LedRepetto3780","","LED 150W","Repetto 3780","1 de Mayo","Con base en buenas condiciones","Emanuel Noriega Sosa","2026-07-01 16:35:38","","","","Aéreo","2026-07-01 16:35:38",""
"LedRepetto3720","","LED 150W","Repetto 3720","1 de Mayo","Con base en buenas condiciones","Emanuel Noriega Sosa","2026-07-01 16:38:09","","","","Aéreo","2026-07-01 16:36:41",""
"LedRepetto3690","","LED 150W","Repetto 3690","1 de Mayo","Con base en buenas condiciones","Emanuel Noriega Sosa","2026-07-01 16:40:16","","","","Aéreo","2026-07-01 16:40:16",""
"LedRepetto3620","","LED 150W","Repetto 3620","1 de Mayo","Con base en buenas condiciones","Emanuel Noriega Sosa","2026-07-01 16:41:53","","","","Aéreo","2026-07-01 16:41:53",""
"LedRepetto3584","","LED 150W","Repetto 3620","1 de Mayo","Con base en buenas condiciones","Emanuel Noriega Sosa","2026-07-01 16:43:57","","","","Aéreo","2026-07-01 16:43:57",""
"LedRepetto3506","","LED 150W","Repetto 3506","1 de Mayo","Con base en buenas condiciones","Emanuel Noriega Sosa","2026-07-01 16:45:16","","","","Aéreo","2026-07-01 16:45:16",""
"LedRepetto3456","","LED 150W","Repetto 3456","1 de Mayo","Con base en buenas condiciones","Emanuel Noriega Sosa","2026-07-01 16:46:34","","","","Aéreo","2026-07-01 16:46:34",""
"LedRepetto3420","","LED 150W","Repetto 3420","1 de Mayo","Con base en buenas condiciones","Emanuel Noriega Sosa","2026-07-01 16:47:51","","","","Aéreo","2026-07-01 16:46:50",""
"LedRepetto3380","","LED 150W","Repetto 3380","1 de Mayo","Con base en buenas condiciones","Emanuel Noriega Sosa","2026-07-01 16:49:37","","","","Aéreo","2026-07-01 16:49:37",""
"LedRepetto3310","","LED 150W","Repetto 3310","1 de Mayo","Con base en buenas condiciones","Emanuel Noriega Sosa","2026-07-01 16:50:35","","","","Aéreo","2026-07-01 16:50:35",""
"LedGuarumba3370","","LED 150W","Guarumba 3370","1 de Mayo","Con base en buenas condiciones","Emanuel Noriega Sosa","2026-07-01 17:12:13","","","","Aéreo","2026-07-01 17:12:13",""
"LedGuarumba3415","","LED 150W","Guarumba 3415","1 de Mayo","Con base en buenas condiciones","Emanuel Noriega Sosa","2026-07-01 17:13:37","","","","Aéreo","2026-07-01 17:13:06",""
"LedGuarumba3480","","LED 150W","Guarumba 3480","1 de Mayo","Con base en buenas condiciones","Emanuel Noriega Sosa","2026-07-01 17:14:49","","","","Aéreo","2026-07-01 17:14:49",""
"LedGuarumba3510","","LED 150W","Guarumba 3510","1 de Mayo","Sin base","Emanuel Noriega Sosa","2026-07-01 17:18:30","","","","Aéreo","2026-07-01 17:15:02",""
"LedGuarumba3580","","LED 150W","Guarumba 3580","1 de Mayo","Sin base","Emanuel Noriega Sosa","2026-07-01 17:19:48","","","","Aéreo","2026-07-01 17:19:11",""
"LedGuarumba3650","","LED 150W","Guarumba 3650","1 de Mayo","Con base en buenas condiciones","Emanuel Noriega Sosa","2026-07-01 17:20:44","","","","Aéreo","2026-07-01 17:20:44",""
"LedGuarumba3690","","LED 150W","Guarumba 3690","1 de Mayo","Con base en buenas condiciones","Emanuel Noriega Sosa","2026-07-01 17:22:10","","","","Aéreo","2026-07-01 17:22:10",""
"LedGuarumba3730","","LED 150W","Guarumba 3730","1 de Mayo","Con base en buenas condiciones","Emanuel Noriega Sosa","2026-07-01 17:23:58","","","","Aéreo","2026-07-01 17:23:58",""
"LedGuarumba3790","","LED 150W","Guarumba 3790","1 de Mayo","Con base en buenas condiciones","Emanuel Noriega Sosa","2026-07-01 17:29:08","","","","Aéreo","2026-07-01 17:25:01",""
"LedGuarumba3814","","LED 150W","Guarumba 3814","1 de Mayo","Con base en buenas condiciones","Emanuel Noriega Sosa","2026-07-01 17:26:02","","","","Aéreo","2026-07-01 17:26:02",""
"LedGuarumba3890","","LED 150W","Guarumba 3890","1 de Mayo","Con base en buenas condiciones","Emanuel Noriega Sosa","2026-07-01 17:28:18","","","","Aéreo","2026-07-01 17:28:18",""
"LedGuarumba3920","","LED 150W","Guarumba 3920","1 de Mayo","Con base en buenas condiciones","Emanuel Noriega Sosa","2026-07-01 17:30:36","","","","Aéreo","2026-07-01 17:29:54",""
"LedGuarumba3990","","LED 150W","Guarumba 3990","1 de Mayo","Con base en buenas condiciones","Emanuel Noriega Sosa","2026-07-01 17:31:21","","","","Aéreo","2026-07-01 17:31:21",""
"LedMartinFierro3320","","LED 150W","Martin Fierro 3320","1 de Mayo","Con base en buenas condiciones","Emanuel Noriega Sosa","2026-07-01 17:34:47","","","","Aéreo","2026-07-01 17:34:47",""
"LedMartinFierro3370","","LED 150W","Martin Fierro 3370","1 de Mayo","Con base en buenas condiciones","Emanuel Noriega Sosa","2026-07-17 09:09:04","","","","Aéreo","2026-07-01 17:37:00",""
"LedMartinFierro3480","","LED 150W","Martin Fierro 3480","1 de Mayo","Con base en buenas condiciones","Emanuel Noriega Sosa","2026-07-01 17:39:05","","","","Aéreo","2026-07-01 17:39:05",""
"LedMartinFierro3530","","LED 150W","Martin Fierro 3530","1 de Mayo","Con base en buenas condiciones","Emanuel Noriega Sosa","2026-07-01 17:39:55","","","","Aéreo","2026-07-01 17:39:55",""
"LedPanama4725","","LED 150W","Panamá 4725","Tagué","Con base en buenas condiciones","DOMINGUEZ GRACIELA","2026-07-06 10:17:14","","","","Aéreo","2026-07-02 13:21:45",""
"LedPanama4785","","LED 150W","Panamá 4785","Tagué","Con base en buenas condiciones","DOMINGUEZ GRACIELA","2026-07-02 13:27:34","","","","Aéreo","2026-07-02 13:27:34",""
"LedPanama4875","","LED 150W","Panama4875","Tagué","Con base en buenas condiciones","DOMINGUEZ GRACIELA","2026-07-02 13:29:23","","","","Aéreo","2026-07-02 13:29:23",""
"LedPanama4920","","LED 150W","Panamá 4920","Tagué","Con base en buenas condiciones","DOMINGUEZ GRACIELA","2026-07-02 13:31:57","","","","Aéreo","2026-07-02 13:31:57",""
"LedPanama4985","","LED 150W","Panamá 4985","Tagué","Con base en buenas condiciones","DOMINGUEZ GRACIELA","2026-07-06 10:18:15","","","","Aéreo","2026-07-02 13:33:26",""
"LedPanama5015","","LED 150W","Panamá 5015","Tagué","Con base en buenas condiciones","DOMINGUEZ GRACIELA","2026-07-02 13:35:02","","","","Aéreo","2026-07-02 13:35:02",""
"LedPanama5075","","LED 150W","Panamá 5075","Tagué","Con base en buenas condiciones","DOMINGUEZ GRACIELA","2026-07-06 10:18:58","","","","Aéreo","2026-07-02 13:36:32",""
"LedNicaragua2820","","LED 150W","Nicaragua 2820","Tagué","Con base en buenas condiciones","DOMINGUEZ GRACIELA","2026-07-02 13:50:34","","","","Aéreo","2026-07-02 13:50:34",""
"LedNicaragua2850","","LED 150W","Nicaragua 2850","Tagué","Con base en buenas condiciones","DOMINGUEZ GRACIELA","2026-07-02 13:52:26","","","","Aéreo","2026-07-02 13:52:26",""
"LedNicaragua2890","","LED 150W","Nicaragua 2890","Tagué","Con base en buenas condiciones","DOMINGUEZ GRACIELA","2026-07-02 13:53:49","","","","Aéreo","2026-07-02 13:53:49",""
"LedNicaragua2960","","LED 150W","Nicaragua 2960","Tagué","Con base en buenas condiciones","DOMINGUEZ GRACIELA","2026-07-06 10:10:57","","","","Aéreo","2026-07-02 13:55:42",""
"LedNicaragua3080","","LED 150W","Nicaragua 3080","Tagué","Con base en buenas condiciones","DOMINGUEZ GRACIELA","2026-07-06 10:11:34","","","","Aéreo","2026-07-02 13:57:16",""
"LedNicaragua3165","","LED 150W","Nicaragua 3165","Tagué","Con base en buenas condiciones","DOMINGUEZ GRACIELA","2026-07-02 14:00:10","","","","Aéreo","2026-07-02 14:00:10",""
"LedNicaragua3140","","LED 150W","Nicaragua 3140","Tagué","Con base en buenas condiciones","DOMINGUEZ GRACIELA","2026-07-02 14:01:23","","","","Aéreo","2026-07-02 14:01:23",""
"LedNicaragua3225","","LED 150W","Nicaragua 3225","Tagué","Con base en buenas condiciones","DOMINGUEZ GRACIELA","2026-07-06 10:12:18","","","","Aéreo","2026-07-02 14:02:57",""
"LedNicaragua3280","","LED 150W","Nicaragua 3280","Tagué","Con base en buenas condiciones","DOMINGUEZ GRACIELA","2026-07-02 14:04:27","","","","Aéreo","2026-07-02 14:04:27",""
"LedNicaragua3395","","LED 150W","Nicaragua 3395","Tagué","Con base en buenas condiciones","DOMINGUEZ GRACIELA","2026-07-02 14:08:16","","","","Aéreo","2026-07-02 14:08:16",""
"LedNicaragua3415","","LED 150W","Nicaragua 3415","Tagué","Con base en buenas condiciones","DOMINGUEZ GRACIELA","2026-07-02 14:13:40","","","","Aéreo","2026-07-02 14:13:40",""
"LedNicaragua3470","","LED 150W","Nicaragua 3470","Tagué","Con base en buenas condiciones","DOMINGUEZ GRACIELA","2026-07-02 14:16:21","","","","Aéreo","2026-07-02 14:16:16",""
"LedNicaragua3525","","LED 150W","Nicaragua 3525","Tagué","Con base en buenas condiciones","DOMINGUEZ GRACIELA","2026-07-06 08:50:57","","","","Aéreo","2026-07-02 14:18:24",""
"LedNicaragua3585","","LED 150W","Nicaragua 3585","Tagué","Con base en buenas condiciones","DOMINGUEZ GRACIELA","2026-07-02 14:21:21","","","","Aéreo","2026-07-02 14:21:21",""
"LedNicaragua3610","","LED 150W","Nicaragua 3610","Tagué","Con base en buenas condiciones","DOMINGUEZ GRACIELA","2026-07-02 14:22:50","","","","Aéreo","2026-07-02 14:22:50",""
"LedBolivar2840","","LED 150W","Bolivar 2840","San Jose Obrero","Con base en buenas condiciones","Ana Celina Pozzi","2026-07-03 08:22:40","","","","Aéreo","2026-07-03 07:57:42",""
"LedGuatemala3080","","LED 150W","Guatemala 3080","Tagué","Con base en buenas condiciones","DOMINGUEZ GRACIELA","2026-07-03 08:15:31","","","","Aéreo","2026-07-03 08:07:41",""
"Ledguatemala3120","","LED 150W","Guatemala 3120","Tagué","Con base en buenas condiciones","DOMINGUEZ GRACIELA","2026-07-03 08:19:31","","","","Aéreo","2026-07-03 08:19:31",""
"LedBolivar2885","","LED 150W","Bolivar 2885","San Jose Obrero","Con base en buenas condiciones","Ana Celina Pozzi","2026-07-03 08:24:24","","","","Aéreo","2026-07-03 08:23:04",""
"LedGuatemala3180","","LED 150W","Guatemala 3180","Tagué","Con base en buenas condiciones","DOMINGUEZ GRACIELA","2026-07-03 08:23:10","","","","Aéreo","2026-07-03 08:23:10",""
"LedBolivar2890","","LED 150W","Bolivar 2890","San Jose Obrero","Con base en buenas condiciones","Ana Celina Pozzi","2026-07-03 08:24:55","","","","Aéreo","2026-07-03 08:24:33",""
"LedBolivar2805","","LED 150W","Bolivar 2805","San Jose Obrero","Con base en buenas condiciones","Ana Celina Pozzi","2026-07-03 08:26:00","","","","Aéreo","2026-07-03 08:25:04",""
"LedBolivar2780","","LED 150W","Bolivar 2780","San Jose Obrero","Con base en buenas condiciones","Ana Celina Pozzi","2026-07-03 08:27:05","","","","Aéreo","2026-07-03 08:26:07",""
"LedBolivar2755","","LED 150W","Bolivar 2755","San Jose Obrero","Con base en buenas condiciones","Ana Celina Pozzi","2026-07-03 08:27:24","","","","Aéreo","2026-07-03 08:27:10",""
"LedBolivar2695","","LED 150W","Bolivar 2695","San Jose Obrero","Con base en buenas condiciones","Ana Celina Pozzi","2026-07-03 08:33:59","","","","Aéreo","2026-07-03 08:28:55",""
"Ledguatemala3230","","LED 150W","Guatemala3230","Tagué","Con base en buenas condiciones","DOMINGUEZ GRACIELA","2026-07-03 11:22:13","","","","Aéreo","2026-07-03 08:29:22",""
"LedGuatemala3280","","LED 150W","Guatemala 3280","Tagué","Con base en buenas condiciones","DOMINGUEZ GRACIELA","2026-07-03 08:31:58","","","","Aéreo","2026-07-03 08:31:58",""
"LedBolivar2680","","LED 150W","Bolivar 2680","San Jose Obrero","Con base en buenas condiciones","Ana Celina Pozzi","2026-07-03 08:34:22","","","","Aéreo","2026-07-03 08:34:09",""
"LedBolivar2635","","LED 150W","Bolivar 2635","San Jose Obrero","Con base en buenas condiciones","Ana Celina Pozzi","2026-07-03 08:35:15","","","","Aéreo","2026-07-03 08:34:33",""
"LedBolivar2570","","LED 150W","Bolivar 2570","San Jose Obrero","Con base en buenas condiciones","Ana Celina Pozzi","2026-07-03 08:36:35","","","","Aéreo","2026-07-03 08:35:26",""
"LedBolivar2517","","LED 150W","Bolivar 2517","San Jose Obrero","Con base en buenas condiciones","Ana Celina Pozzi","2026-07-03 08:36:20","","","","Aéreo","2026-07-03 08:35:57",""
"LedBolivar2480","","LED 150W","Bolivar 2480","San Jose Obrero","Con base en buenas condiciones","Ana Celina Pozzi","2026-07-03 08:37:49","","","","Aéreo","2026-07-03 08:37:41",""
"LedBolivar2435","","LED 150W","Bolivar 2435","San Jose Obrero","Con base en buenas condiciones","Ana Celina Pozzi","2026-07-03 08:38:03","","","","Aéreo","2026-07-03 08:37:51",""
"LedBolivar2380","","LED 150W","Bolivar 2380","San Jose Obrero","Con base en buenas condiciones","Ana Celina Pozzi","2026-07-03 08:39:57","","","","Aéreo","2026-07-03 08:39:36",""
"LedBolivar2335","","LED 150W","Bolivar 2335","San Jose Obrero","Sin base","Ana Celina Pozzi","2026-07-03 08:40:18","","","","Aéreo","2026-07-03 08:40:00",""
"LedGuatemala3330","","LED 150W","Guatemala 3330","Tagué","Con base en buenas condiciones","DOMINGUEZ GRACIELA","2026-07-03 08:40:00","","","","Aéreo","2026-07-03 08:40:00",""
"LedSanMartin2368","","LED 150W","Bolivar 2368","San Jose Obrero","Con base en buenas condiciones","Ana Celina Pozzi","2026-07-03 08:44:06","","","","Aéreo","2026-07-03 08:43:15",""
"LedSanMartin2335","","LED 150W","San Martin 2335","San Jose Obrero","Con base en buenas condiciones","Ana Celina Pozzi","2026-07-03 08:45:07","","","","Aéreo","2026-07-03 08:45:07",""
"LedSanMartin2415","","LED 150W","San Martin 2415","San Jose Obrero","Con base en buenas condiciones","Ana Celina Pozzi","2026-07-03 08:45:37","","","","Aéreo","2026-07-03 08:45:14",""
"LedSanMartin2470","","LED 150W","San Martin 2470","San Jose Obrero","Con base en buenas condiciones","Ana Celina Pozzi","2026-07-03 08:45:59","","","","Aéreo","2026-07-03 08:45:43",""
"LedSanMartin2535","","LED 150W","San Martin 2535","San Jose Obrero","Con base en buenas condiciones","Ana Celina Pozzi","2026-07-03 08:46:28","","","","Aéreo","2026-07-03 08:46:15",""
"LedSanMartin2570","","LED 150W","San Martin 2570","San Jose Obrero","Con base en buenas condiciones","Ana Celina Pozzi","2026-07-03 08:49:28","","","","Aéreo","2026-07-03 08:46:33",""
"LedGuatemala3460","","LED 150W","Guatemala 3460","Tagué","Con base en buenas condiciones","DOMINGUEZ GRACIELA","2026-07-03 08:47:02","","","","Aéreo","2026-07-03 08:47:02",""
"LedUrquiza2570","","LED 150W","Urquiza 2570","San Jose Obrero","Con base en buenas condiciones","Ana Celina Pozzi","2026-07-03 08:51:30","","","","Aéreo","2026-07-03 08:50:43",""
"LedUrquiza2519","","LED 150W","Urquiza 2519","San Jose Obrero","Con base en buenas condiciones","Ana Celina Pozzi","2026-07-03 08:51:52","","","","Aéreo","2026-07-03 08:51:37",""
"LedUrquiza2480","","LED 150W","Urquiza 2480","San Jose Obrero","Con base en buenas condiciones","Ana Celina Pozzi","2026-07-03 08:52:25","","","","Aéreo","2026-07-03 08:52:06",""
"LedUrquiza2425","","LED 150W","Urquiza 2425","San Jose Obrero","Con base en buenas condiciones","Ana Celina Pozzi","2026-07-03 08:52:47","","","","Aéreo","2026-07-03 08:52:31",""
"LedUrquiza2370","","LED 150W","Urquiza 2370","San Jose Obrero","Con base en buenas condiciones","Ana Celina Pozzi","2026-07-03 08:53:11","","","","Aéreo","2026-07-03 08:52:54",""
"LedUrquiza2330","","LED 150W","Urquiza 2330","San Jose Obrero","Con base en buenas condiciones","Ana Celina Pozzi","2026-07-03 08:53:33","","","","Aéreo","2026-07-03 08:53:16",""
"LedGuatemala3530","","LED 150W","Guatemala 3530","Tagué","Con base en buenas condiciones","DOMINGUEZ GRACIELA","2026-07-06 08:14:16","","","","Aéreo","2026-07-03 08:56:14",""
"LedGuatemala3580","","LED 150W","Guatemala 3580","Tagué","Con base en buenas condiciones","DOMINGUEZ GRACIELA","2026-07-06 08:13:55","","","","Aéreo","2026-07-03 09:01:03",""
"LedGuatemala3620","","LED 150W","Guatemala 3620","Tagué","Con base en buenas condiciones","DOMINGUEZ GRACIELA","2026-07-03 09:04:21","","","","Aéreo","2026-07-03 09:04:21",""
"LedGuatemala3690","","LED 150W","Guatemala 3690","Tagué","Con base en buenas condiciones","DOMINGUEZ GRACIELA","2026-07-03 09:06:29","","","","Aéreo","2026-07-03 09:06:29",""
"LedNicaragua4710","","LED 150W","Nicaragua 4710","Tagué","Con base en buenas condiciones","DOMINGUEZ GRACIELA","2026-07-03 11:17:29","","","","Aéreo","2026-07-03 11:17:29",""
"LedJJFarneda4680","","LED 150W","JJ Farneda 4680","Tagué","Con base en buenas condiciones","DOMINGUEZ GRACIELA","2026-07-03 11:33:47","","","","Aéreo","2026-07-03 11:33:47",""
"LedJJFarneda4720","","LED 150W","JJ Farneda 4720","Tagué","Con base en buenas condiciones","DOMINGUEZ GRACIELA","2026-07-03 11:35:24","","","","Aéreo","2026-07-03 11:35:24",""
"LedJJFarneda4780","","LED 150W","JJ Farneda 4780","Tagué","Con base en buenas condiciones","DOMINGUEZ GRACIELA","2026-07-06 10:06:06","","","","Aéreo","2026-07-03 11:37:09",""
"LedJJFarneda4830","","LED 150W","JJ Farneda 4830","Tagué","Con base en buenas condiciones","DOMINGUEZ GRACIELA","2026-07-06 10:03:01","","","","Aéreo","2026-07-03 11:38:53",""
"LedHonduras2920","","LED 150W","Honduras 2920","Tagué","Con base en buenas condiciones","DOMINGUEZ GRACIELA","2026-07-06 09:48:55","","","","Aéreo","2026-07-03 13:20:25",""
"LedHonduras2980","","LED 150W","Honduras 2980","Tagué","Con base en buenas condiciones","DOMINGUEZ GRACIELA","2026-07-06 09:48:39","","","","Aéreo","2026-07-03 13:21:34",""
"LedHonduras3020","","LED 150W","Honduras 3020","Tagué","Con base en buenas condiciones","DOMINGUEZ GRACIELA","2026-08-18 09:50:22","","","","Aéreo","2026-07-03 13:32:11",""
"LedHonduras3090","","LED 150W","Honduras 3020","Tagué","Con base en buenas condiciones","DOMINGUEZ GRACIELA","2026-07-03 13:33:47","","","","Aéreo","2026-07-03 13:33:47",""
"LedHonduras3130","","LED 150W","Honduras 3130","Tagué","Con base en buenas condiciones","DOMINGUEZ GRACIELA","2026-07-06 09:49:34","","","","Aéreo","2026-07-03 13:35:36",""
"LedHonduras3180","","LED 150W","Honduras 3180","Tagué","Con base en buenas condiciones","DOMINGUEZ GRACIELA","2026-07-03 13:37:01","","","","Aéreo","2026-07-03 13:37:01",""
"LedHonduras3220","","LED 150W","Honduras 3220","Tagué","Con base en buenas condiciones","DOMINGUEZ GRACIELA","2026-07-06 09:10:46","","","","Aéreo","2026-07-03 13:38:37",""
"LedHonduras3290","","LED 150W","Honduras 3290","Tagué","Con base en buenas condiciones","DOMINGUEZ GRACIELA","2026-07-06 09:50:52","","","","Aéreo","2026-07-03 13:40:00",""
"LedHonduras3320","","LED 150W","Honduras 3320","Tagué","Con base en buenas condiciones","DOMINGUEZ GRACIELA","2026-07-06 09:51:38","","","","Aéreo","2026-07-03 13:41:48",""
"LedHonduras3380","","LED 150W","Honduras 3380","Tagué","Con base en buenas condiciones","DOMINGUEZ GRACIELA","2026-07-06 09:53:32","","","","Aéreo","2026-07-03 13:43:12",""
"LedHonduras3430","","LED 150W","Honduras 3430","Tagué","Con base en buenas condiciones","DOMINGUEZ GRACIELA","2026-07-03 13:44:55","","","","Aéreo","2026-07-03 13:44:55",""
"LedHonduras3480","","LED 150W","Honduras 3480","Tagué","Con base en buenas condiciones","DOMINGUEZ GRACIELA","2026-07-06 09:55:38","","","","Aéreo","2026-07-03 13:46:43",""
"LedHonduras3515","","LED 150W","Honduras 3515","Tagué","Con base en buenas condiciones","DOMINGUEZ GRACIELA","2026-07-06 09:56:03","","","","Aéreo","2026-07-03 13:48:48",""
"LedHonduras3585","","LED 150W","Honduras 3585","Tagué","Con base en buenas condiciones","DOMINGUEZ GRACIELA","2026-07-06 09:57:14","","","","Aéreo","2026-07-03 13:50:13",""
"LedHonduras3650","","LED 150W","Honduras 3650","Tagué","Con base en buenas condiciones","DOMINGUEZ GRACIELA","2026-07-06 09:59:48","","","","Aéreo","2026-07-03 13:52:06",""
"LedCostaRica4750","","LED 150W","Costa Rica 4750","Tagué","Con base en buenas condiciones","DOMINGUEZ GRACIELA","2026-07-05 19:16:29","","","","Aéreo","2026-07-05 19:16:29",""
"LedCostaRica4865","","LED 150W","Cuadra Rica 4865","Tagué","Con base en buenas condiciones","DOMINGUEZ GRACIELA","2026-07-06 10:06:49","","","","Aéreo","2026-07-05 19:18:00",""
"LedCostaRica4805","","LED 150W","Costa Rica 4805","Tagué","Con base en buenas condiciones","DOMINGUEZ GRACIELA","2026-07-06 10:08:17","","","","Aéreo","2026-07-05 19:19:49",""
"LedCostaRica4925","","LED 150W","Costa Rica 4925","Tagué","Con base en buenas condiciones","DOMINGUEZ GRACIELA","2026-07-05 19:21:26","","","","Aéreo","2026-07-05 19:21:26",""
"LedCostaRica4980","","LED 150W","Costa Rica 4980","Tagué","Con base en buenas condiciones","DOMINGUEZ GRACIELA","2026-07-05 19:24:57","","","","Aéreo","2026-07-05 19:24:57",""
"LedCostaRica5015","","LED 150W","Costa Rica 5015","Tagué","Con base en buenas condiciones","DOMINGUEZ GRACIELA","2026-07-06 09:57:46","","","","Aéreo","2026-07-05 19:26:41",""
"LedCostaRica5080","","LED 150W","Costa Rica5080","Tagué","Con base en buenas condiciones","DOMINGUEZ GRACIELA","2026-07-05 19:28:13","","","","Aéreo","2026-07-05 19:28:13",""
"LedCostaRica5170","","LED 150W","Costa Rica 5170","Tagué","Con base en buenas condiciones","DOMINGUEZ GRACIELA","2026-07-05 19:29:58","","","","Aéreo","2026-07-05 19:29:58",""
"Led16DeAbril","","LED 150W","16 De Abril 4985","Tagué","Con base en buenas condiciones","DOMINGUEZ GRACIELA","2026-07-05 19:33:34","","","","Aéreo","2026-07-05 19:33:34",""
"Led16DeAbril5020","","LED 150W","16 De De Abril 5020","Tagué","Con base en buenas condiciones","DOMINGUEZ GRACIELA","2026-07-05 19:35:17","","","","Aéreo","2026-07-05 19:35:17",""
"Led16DeAbril5080","","LED 150W","Costa Rica 5080","Tagué","Con base en buenas condiciones","DOMINGUEZ GRACIELA","2026-07-05 19:37:17","","","","Aéreo","2026-07-05 19:37:17",""
"Led16DeAbril5110","","LED 150W","16 De Abril 5110","Tagué","Con base en buenas condiciones","DOMINGUEZ GRACIELA","2026-07-05 19:39:41","","","","Aéreo","2026-07-05 19:39:41",""
"Led16deAbril5185","","LED 150W","16 De Abril 5185","Tagué","Con base en buenas condiciones","DOMINGUEZ GRACIELA","2026-07-05 19:41:30","","","","Aéreo","2026-07-05 19:41:30",""
"LedVenezuela4850","","LED 150W","Venezuela 4850","Tagué","Con base en buenas condiciones","DOMINGUEZ GRACIELA","2026-07-05 19:44:41","","","","Aéreo","2026-07-05 19:44:41",""
"LedVenezuela4975","","LED 150W","Venezuela 4975","Tagué","Con base en buenas condiciones","DOMINGUEZ GRACIELA","2026-07-05 19:47:12","","","","Aéreo","2026-07-05 19:47:12",""
"LedVenezuela5020","","LED 150W","Venezuela 5020","Tagué","Con base en buenas condiciones","DOMINGUEZ GRACIELA","2026-07-05 19:48:59","","","","Aéreo","2026-07-05 19:48:59",""
"LedVenezuela5185","","LED 150W","Venezuela 5085","Tagué","Con base en buenas condiciones","DOMINGUEZ GRACIELA","2026-07-05 19:52:18","","","","Aéreo","2026-07-05 19:52:18",""
"LedColombia4885","","LED 150W","Colombia 4885","Tagué","Con base en buenas condiciones","DOMINGUEZ GRACIELA","2026-07-05 19:54:28","","","","Aéreo","2026-07-05 19:54:28",""
"LedColombia4920","","LED 150W","Colombia4920","Tagué","Con base en buenas condiciones","DOMINGUEZ GRACIELA","2026-07-05 19:55:59","","","","Aéreo","2026-07-05 19:55:59",""
"LedColombia4980","","LED 150W","Colombia 4980","Tagué","Con base en buenas condiciones","DOMINGUEZ GRACIELA","2026-07-05 19:57:43","","","","Aéreo","2026-07-05 19:57:43",""
"LedColombia5030","","LED 150W","Colombia 5030","Tagué","Con base en buenas condiciones","DOMINGUEZ GRACIELA","2026-07-05 19:59:36","","","","Aéreo","2026-07-05 19:59:36",""
"LedColombia5180","","LED 150W","Colombia 5180","Tagué","Con base en buenas condiciones","DOMINGUEZ GRACIELA","2026-07-05 20:01:02","","","","Aéreo","2026-07-05 20:01:02",""
"LedEcuador4820","","LED 150W","Ecuador 4820","Tagué","Con base en buenas condiciones","DOMINGUEZ GRACIELA","2026-07-05 20:03:10","","","","Aéreo","2026-07-05 20:03:10",""
"LedEcuador4920","","LED 150W","Ecuador 4920","Tagué","Con base en buenas condiciones","DOMINGUEZ GRACIELA","2026-07-05 20:05:37","","","","Aéreo","2026-07-05 20:05:37",""
"LedEcuador4985","","LED 150W","Ecuador 4985","Tagué","Con base en buenas condiciones","DOMINGUEZ GRACIELA","2026-07-05 20:07:49","","","","Aéreo","2026-07-05 20:07:49",""
"LedEcuador5065","","LED 150W","Colombia 5065","Tagué","Con base en buenas condiciones","DOMINGUEZ GRACIELA","2026-07-05 20:09:13","","","","Aéreo","2026-07-05 20:09:13",""
"Ledecuador5130","","LED 150W","Ecuador 5130","Tagué","Con base en buenas condiciones","DOMINGUEZ GRACIELA","2026-07-05 20:11:14","","","","Aéreo","2026-07-05 20:11:14",""
"LedEcuador5185","","LED 150W","Ecuador 5185","Tagué","Con base en buenas condiciones","DOMINGUEZ GRACIELA","2026-07-05 20:12:38","","","","Aéreo","2026-07-05 20:12:38",""
"LedJJFarneda4620","","LED 150W","JJ Farneda 4620","Tagué","Con base en buenas condiciones","Alejandro Saposnik","2026-07-06 10:05:20","","","","Aéreo","2026-07-06 10:04:16",""
"LedTratadoDelPilar4640","","LED 150W","Tratado del Pilar 4640","Tagué","Con base en buenas condiciones","Alejandro Saposnik","2026-07-06 10:25:00","","","","Aéreo","2026-07-06 10:25:00",""
"LedTratadoDelPilar4755","","LED 150W","Tratado del Pilar 4755","Tagué","Con base en buenas condiciones","Alejandro Saposnik","2026-07-06 10:26:49","","","","Aéreo","2026-07-06 10:26:49",""
"Led1roDeMayo4018","","LED 150W","1ro de Mayo 4018","San Isidro","Con base en buenas condiciones","Alejandro Saposnik","2026-07-14 11:13:17","","","","Aéreo","2026-07-08 09:38:35",""
"Led1roDeMayo4020","","LED 150W","1ro de Mayo 4020","San Isidro","Con base en buenas condiciones","Alejandro Saposnik","2026-07-08 09:38:35","","","","Subterráneo","2026-07-08 09:38:35",""
"Led1roDeMayo4048","","LED 150W","1ro de Mayo 4048","San Isidro","Con base en buenas condiciones","Alejandro Saposnik","2026-07-14 11:12:52","","","","Subterráneo","2026-07-08 09:38:35",""
"Led1roDeMayo4050","","LED 150W","1ro de Mayo 4050","San Isidro","Con base en buenas condiciones","Alejandro Saposnik","2026-07-08 09:38:35","","","","Subterráneo","2026-07-08 09:38:35",""
"Led1roDeMayo4088","","LED 150W","1ro de Mayo 4088","San Isidro","Con base en buenas condiciones","Alejandro Saposnik","2026-07-13 08:04:53","","","","Subterráneo","2026-07-08 09:38:35",""
"Led1roDeMayo4015","","LED 150W","1ro de Mayo 4015","San Isidro","Con base en buenas condiciones","Alejandro Saposnik","2026-07-08 09:38:35","","","","Aéreo","2026-07-08 09:38:35",""
"Led1roDeMayo4045","","LED 150W","1ro de Mayo 4045","San Isidro","Con base en buenas condiciones","Alejandro Saposnik","2026-07-08 09:38:35","","","","Aéreo","2026-07-08 09:38:35",""
"Led1roDeMayo4075","","LED 150W","1ro de Mayo 4075","San Isidro","Con base en buenas condiciones","Alejandro Saposnik","2026-07-08 09:38:35","","","","Aéreo","2026-07-08 09:38:35",""
"Led1roDeMayo4095","","LED 150W","1ro de Mayo 4095","San Isidro","Con base en buenas condiciones","Alejandro Saposnik","2026-07-08 09:38:35","","","","Aéreo","2026-07-08 09:38:35",""
"Led1roDeMayo4115","","LED 150W","1ro de Mayo 4115","San Isidro","Con base en buenas condiciones","Alejandro Saposnik","2026-07-08 09:38:35","","","","Aéreo","2026-07-08 09:38:35",""
"Led1roDeMayo4145","","LED 150W","1ro de Mayo 4145","San Isidro","Con base en malas condiciones","Alejandro Saposnik","2026-07-08 09:38:35","","","","Aéreo","2026-07-08 09:38:35",""
"Led1roDeMayo4195","","LED 150W","1ro de Mayo 4195","San Isidro","Con base en buenas condiciones","Alejandro Saposnik","2026-07-08 09:38:35","","","","Aéreo","2026-07-08 09:38:35",""
"LedAlejoPeyret4130","","LED 150W","Alejó Peyret 4130","San Isidro","Con base en buenas condiciones","Alejandro Saposnik","2026-07-08 09:38:35","","","","Aéreo","2026-07-08 09:38:35",""
"LedAlejoPeyret4155","","LED 150W","Alejó Peyret 4155","San Isidro","Con base en buenas condiciones","Alejandro Saposnik","2026-07-08 09:38:35","","","","Aéreo","2026-07-08 09:38:35",""
"LedAlejoPeyret4055","","LED 150W","Alejó Peyret 4055","San Isidro","Con base en buenas condiciones","Alejandro Saposnik","2026-07-08 09:38:35","","","","Aéreo","2026-07-08 09:38:35",""
"LedCamilaQuiroga2170","","LED 150W","Camila Quiroga 4170","San Isidro","Con base en buenas condiciones","Alejandro Saposnik","2026-07-08 09:38:35","","","","Aéreo","2026-07-08 09:38:35",""
"LedCamilaQuiroga2115","","LED 150W","Camila Quiroga 4115","San Isidro","Con base en buenas condiciones","Alejandro Saposnik","2026-07-08 09:38:35","","","","Aéreo","2026-07-08 09:38:35",""
"LedAlejoPeyret635","","LED 150W","Alejó Peyret 635","San Isidro","Con base en buenas condiciones","Alejandro Saposnik","2026-07-08 09:38:35","","","","Aéreo","2026-07-08 09:38:35",""
"LedAlejoPeyret685","","LED 150W","Alejó Peyret 685","San Isidro","Con base en buenas condiciones","Alejandro Saposnik","2026-07-08 09:38:35","","","","Aéreo","2026-07-08 09:38:35",""
"LedAlejoPeyret520","","LED 150W","Alejó Peyret 520","San Isidro","Con base en buenas condiciones","Alejandro Saposnik","2026-07-08 09:38:35","","","","Aéreo","2026-07-08 09:38:35",""
"LedAlejoPeyret555","","LED 150W","Alejó Peyret 555","San Isidro","Con base en buenas condiciones","Alejandro Saposnik","2026-07-08 09:38:35","","","","Aéreo","2026-07-08 09:38:35",""
"LedAlejoPeyret2470","","LED 150W","Alejó Peyret 2470","San Isidro","Con base en buenas condiciones","Alejandro Saposnik","2026-07-08 09:38:35","","","","Aéreo","2026-07-08 09:38:35",""
"LedAlejoPeyret2415","","LED 150W","Alejó Peyret 2515","San Isidro","Con base en buenas condiciones","Alejandro Saposnik","2026-07-08 09:38:35","","","","Aéreo","2026-07-08 09:38:35",""
"LedAlejoPeyret2370","","LED 150W","Alejó Peyret 2370","San Isidro","Con base en buenas condiciones","Alejandro Saposnik","2026-07-08 09:38:35","","","","Aéreo","2026-07-08 09:38:35",""
"LedAlejoPeyret325","","LED 150W","Alejó Peyret 325","San Isidro","Con base en buenas condiciones","Alejandro Saposnik","2026-07-08 09:38:35","","","","Aéreo","2026-07-08 09:38:35",""
"LedAlejoPeyret2270","","LED 150W","Alejó Peyret 2270","San Isidro","Con base en buenas condiciones","Alejandro Saposnik","2026-07-08 09:38:35","","","","Aéreo","2026-07-08 09:38:35",""
"LedAlejoPeyret235","","LED 150W","Alejó Peyret 235","San Isidro","Con base en buenas condiciones","Alejandro Saposnik","2026-07-08 09:38:35","","","","Aéreo","2026-07-08 09:38:35",""
"LedAlejoPeyret2520","","LED 150W","Alejó Peyret 2520","San Isidro","Con base en buenas condiciones","DOMINGUEZ GRACIELA","2026-07-08 13:47:17","","","","Aéreo","2026-07-08 13:47:17",""
"LedCanada2555","","LED 150W","Canadá 2555","San Isidro","Con base en buenas condiciones","DOMINGUEZ GRACIELA","2026-07-13 08:14:27","","","","Aéreo","2026-07-13 08:14:27",""
"LedCanada2615","","LED 150W","Canadá 2615","San Isidro","Con base en buenas condiciones","DOMINGUEZ GRACIELA","2026-07-13 08:22:40","","","","Aéreo","2026-07-13 08:14:43",""
"LedCanada2670","","LED 150W","Canadá 2670","San Isidro","Con base en buenas condiciones","DOMINGUEZ GRACIELA","2026-07-13 08:25:19","","","","Aéreo","2026-07-13 08:25:19",""
"LedCanada2725","","LED 150W","Canada2725","San Isidro","Con base en buenas condiciones","DOMINGUEZ GRACIELA","2026-07-13 08:29:28","","","","Aéreo","2026-07-13 08:29:28",""
"LedCanada2770","","LED 150W","Canadá 2770","San Isidro","Con base en buenas condiciones","DOMINGUEZ GRACIELA","2026-07-13 08:56:36","","","","Aéreo","2026-07-13 08:33:46",""
"LedCanada2815","","LED 150W","Canada2815","San Isidro","Con base en buenas condiciones","DOMINGUEZ GRACIELA","2026-07-13 08:37:44","","","","Aéreo","2026-07-13 08:37:44",""
"LedCanada2885","","LED 150W","Canada2885","San Isidro","Con base en buenas condiciones","DOMINGUEZ GRACIELA","2026-07-13 08:42:12","","","","Aéreo","2026-07-13 08:42:12",""
"LedEguiguren2880","","LED 150W","Eguiguren 2880","San Isidro","Con base en buenas condiciones","DOMINGUEZ GRACIELA","2026-07-13 11:48:58","","","","Aéreo","2026-07-13 09:02:03",""
"LedEguiguren2820","","LED 150W","Eguiguren 2880","San Isidro","Con base en buenas condiciones","DOMINGUEZ GRACIELA","2026-07-13 11:49:11","","","","Aéreo","2026-07-13 09:02:33",""
"LedEguiguren2730","","LED 150W","Eguiguren 2730","San Isidro","Con base en buenas condiciones","DOMINGUEZ GRACIELA","2026-07-13 11:49:22","","","","Aéreo","2026-07-13 09:06:42",""
"LedEguiguren2680","","LED 150W","Eguiguren 2680","San Isidro","Con base en buenas condiciones","DOMINGUEZ GRACIELA","2026-07-13 11:49:31","","","","Aéreo","2026-07-13 09:15:59",""
"LedCepeda4550","","LED 150W","Cepeda 4550","San Isidro","Con base en buenas condiciones","DOMINGUEZ GRACIELA","2026-07-13 09:20:25","","","","Aéreo","2026-07-13 09:20:25",""
"LedCepeda4480","","LED 150W","Cepeda 4480","San Isidro","Con base en buenas condiciones","DOMINGUEZ GRACIELA","2026-07-13 09:22:28","","","","Aéreo","2026-07-13 09:22:28",""
"LedCepeda4420","","LED 150W","Cepeda 4420","San Isidro","Con base en buenas condiciones","DOMINGUEZ GRACIELA","2026-07-13 09:25:11","","","","Aéreo","2026-07-13 09:25:11",""
"LedCepeda4315","","LED 150W","Cepeda 4315","San Isidro","Con base en buenas condiciones","DOMINGUEZ GRACIELA","2026-07-13 09:27:31","","","","Aéreo","2026-07-13 09:27:31",""
"LedCepeda4370","","LED 150W","Cepeda 4370","San Isidro","Con base en buenas condiciones","DOMINGUEZ GRACIELA","2026-07-13 09:30:01","","","","Aéreo","2026-07-13 09:30:01",""
"LedPadreMax420","","LED 150W","Padre Max 420","San Isidro","Con base en buenas condiciones","DOMINGUEZ GRACIELA","2026-07-13 09:49:11","","","","Aéreo","2026-07-13 09:49:11",""
"LedPadreMax530","","LED 150W","Padre Max 530","San Isidro","Con base en buenas condiciones","DOMINGUEZ GRACIELA","2026-07-13 09:51:38","","","","Aéreo","2026-07-13 09:51:38",""
"LedPadreMax2370","","LED 150W","PadreMax2370","San Isidro","Con base en buenas condiciones","DOMINGUEZ GRACIELA","2026-07-13 09:55:00","","","","Aéreo","2026-07-13 09:55:00",""
"LedRepDominicana2425","","LED 150W","Rep Dominicana 2425","San Isidro","Con base en buenas condiciones","DOMINGUEZ GRACIELA","2026-07-13 10:01:44","","","","Aéreo","2026-07-13 10:01:44",""
"LedRepDominicana2485","","LED 150W","Rep Dominicana 2485","San Isidro","Con base en buenas condiciones","DOMINGUEZ GRACIELA","2026-07-13 10:03:44","","","","Aéreo","2026-07-13 10:03:44",""
"LedRepDominicana2520","","LED 150W","Rep Dominicana 2520","San Isidro","Con base en buenas condiciones","DOMINGUEZ GRACIELA","2026-07-13 10:06:49","","","","Aéreo","2026-07-13 10:06:49",""
"LedRepDominicana2580","","LED 150W","Rep Dominicana 2580","San Isidro","Con base en buenas condiciones","DOMINGUEZ GRACIELA","2026-07-13 10:09:41","","","","Aéreo","2026-07-13 10:09:41",""
"LedRepDominicana2780","","LED 150W","Rep Dominicana 2780","San Isidro","Con base en buenas condiciones","DOMINGUEZ GRACIELA","2026-07-13 10:14:00","","","","Aéreo","2026-07-13 10:14:00",""
"LedRepDominicana2720","","LED 150W","Rep Dominicana 2720","San Isidro","Con base en buenas condiciones","DOMINGUEZ GRACIELA","2026-07-13 10:15:40","","","","Aéreo","2026-07-13 10:15:40",""
"LedRepDominicana2880","","LED 150W","Rep Dominicana 2880","San Isidro","Con base en buenas condiciones","DOMINGUEZ GRACIELA","2026-07-13 10:20:34","","","","Aéreo","2026-07-13 10:18:48",""
"LedGCastro2427","","LED 150W","G Castro 2427","San Isidro","Con base en buenas condiciones","DOMINGUEZ GRACIELA","2026-07-15 10:40:06","","","","Aéreo","2026-07-15 07:54:36",""
"LedGCastro395","","LED 150W","G Castro 395","San Isidro","Con base en buenas condiciones","DOMINGUEZ GRACIELA","2026-07-15 07:59:43","","","","Aéreo","2026-07-15 07:59:43",""
"LedGCastro2545","","LED 150W","G Castro 2545","San Isidro","Con base en buenas condiciones","DOMINGUEZ GRACIELA","2026-07-15 08:05:17","","","","Aéreo","2026-07-15 08:05:17",""
"LedGCastro2280","","LED 150W","G Castro 2280","San Isidro","Con base en buenas condiciones","DOMINGUEZ GRACIELA","2026-07-15 08:09:26","","","","Aéreo","2026-07-15 08:09:26",""
"LedGCastro2620","","LED 150W","G Castro 2620","San Isidro","Con base en buenas condiciones","DOMINGUEZ GRACIELA","2026-07-15 08:15:04","","","","Aéreo","2026-07-15 08:15:04",""
"LedGCastro2680","","LED 150W","G Castro 2680","San Isidro","Con base en buenas condiciones","DOMINGUEZ GRACIELA","2026-07-15 08:19:50","","","","Aéreo","2026-07-15 08:19:50",""
"LedGCastro2750","","LED 150W","G Castro 2750","San Isidro","Con base en buenas condiciones","DOMINGUEZ GRACIELA","2026-07-15 08:23:05","","","","Aéreo","2026-07-15 08:23:05",""
"LedGCastro2850","","LED 150W","G Castro 2850","San Isidro","Con base en buenas condiciones","DOMINGUEZ GRACIELA","2026-07-15 09:29:18","","","","Aéreo","2026-07-15 08:25:54",""
"LedHernandarias2170","","LED 150W","Hernandarias 2170","San Isidro","Con base en buenas condiciones","DOMINGUEZ GRACIELA","2026-07-15 08:29:27","","","","Aéreo","2026-07-15 08:29:27",""
"LedHernandarias2285","","LED 150W","Hernandarias 2285","San Isidro","Con base en buenas condiciones","DOMINGUEZ GRACIELA","2026-07-15 08:45:33","","","","Aéreo","2026-07-15 08:45:33",""
"LedHernandarias2270","","LED 150W","Hernandarias 2270","San Isidro","Con base en buenas condiciones","DOMINGUEZ GRACIELA","2026-07-15 08:48:48","","","","Aéreo","2026-07-15 08:48:48",""
"LedHernandarias2740","","LED 150W","Hernandarias 2740","San Isidro","Con base en buenas condiciones","DOMINGUEZ GRACIELA","2026-07-15 09:16:38","","","","Aéreo","2026-07-15 08:59:32",""
"LedHernandarias2650","","LED 150W","Hernandarias 2650","San Isidro","Con base en buenas condiciones","DOMINGUEZ GRACIELA","2026-07-15 09:06:32","","","","Aéreo","2026-07-15 09:00:29",""
"LedRepDominicana2820","","LED 150W","Rep Dominicana 2820","San Isidro","Con base en buenas condiciones","DOMINGUEZ GRACIELA","2026-07-15 09:21:10","","","","Aéreo","2026-07-15 09:15:54",""
"LedTRAPilar4585","","LED 150W","Tra Pilar 4585","San Isidro","Con base en buenas condiciones","DOMINGUEZ GRACIELA","2026-07-15 09:31:38","","","","Aéreo","2026-07-15 09:31:38",""
"LedTraPilar4525","","LED 150W","Tra Pilar 4525","San Isidro","Con base en buenas condiciones","DOMINGUEZ GRACIELA","2026-07-15 09:35:32","","","","Aéreo","2026-07-15 09:35:32",""
"LedTraPilar4515","","LED 150W","Tra Pilar 4515","San Isidro","Con base en buenas condiciones","DOMINGUEZ GRACIELA","2026-07-15 09:41:05","","","","Aéreo","2026-07-15 09:41:05",""
"LedTraPilar4595","","LED 150W","Tra Pilar 4595","San Isidro","Con base en buenas condiciones","DOMINGUEZ GRACIELA","2026-07-15 09:52:11","","","","Aéreo","2026-07-15 09:52:11",""
"LedTraPilar4485","","LED 150W","Tra Pilar 4485","San Isidro","Con base en buenas condiciones","DOMINGUEZ GRACIELA","2026-07-15 09:55:47","","","","Aéreo","2026-07-15 09:55:47",""
"LedTraPilar4405","","LED 150W","Tra Pilar 4405","San Isidro","Con base en buenas condiciones","DOMINGUEZ GRACIELA","2026-07-15 10:00:27","","","","Aéreo","2026-07-15 10:00:27",""
"LedTraPilar4380","","LED 150W","Tra Pilar 4380","San Isidro","Con base en buenas condiciones","DOMINGUEZ GRACIELA","2026-07-15 10:03:04","","","","Aéreo","2026-07-15 10:03:04",""
"LedTraPilar4320","","LED 150W","Tra Pilar 4320","San Isidro","Con base en buenas condiciones","DOMINGUEZ GRACIELA","2026-07-15 10:05:26","","","","Aéreo","2026-07-15 10:05:26",""
"LedTraPilar4250","","LED 150W","Tra Pilar 4250","San Isidro","Con base en buenas condiciones","DOMINGUEZ GRACIELA","2026-07-15 10:07:22","","","","Aéreo","2026-07-15 10:07:22",""
"LedTraPilar4150","","LED 150W","Tra Pilar 4150","San Isidro","Con base en buenas condiciones","DOMINGUEZ GRACIELA","2026-07-15 10:09:03","","","","Aéreo","2026-07-15 10:09:03",""
"LedMandisovi4770","","LED 150W","Mandisovi 4770","San Isidro","Con base en buenas condiciones","DOMINGUEZ GRACIELA","2026-07-16 16:29:18","","","","Aéreo","2026-07-15 10:16:02",""
"LedMandisovi4495","","LED 150W","Mandisovi 4495","San Isidro","Con base en buenas condiciones","DOMINGUEZ GRACIELA","2026-07-15 10:20:40","","","","Aéreo","2026-07-15 10:20:40",""
"LedMandisovi4415","","LED 150W","Mandisovi 4415","San Isidro","Con base en buenas condiciones","DOMINGUEZ GRACIELA","2026-07-15 10:23:06","","","","Aéreo","2026-07-15 10:23:06",""
"LedMandisovi4385","","LED 150W","Mandisovi 4385","San Isidro","Con base en buenas condiciones","DOMINGUEZ GRACIELA","2026-07-15 10:24:42","","","","Aéreo","2026-07-15 10:24:42",""
"LedMandisovi4315","","LED 150W","Mandisovi 4315","San Isidro","Con base en buenas condiciones","DOMINGUEZ GRACIELA","2026-07-15 10:26:09","","","","Aéreo","2026-07-15 10:26:09",""
"LedMandisovi4650","","LED 150W","Mandisovi 4650","San Isidro","Con base en buenas condiciones","DOMINGUEZ GRACIELA","2026-07-16 16:32:46","","","","Aéreo","2026-07-16 11:39:24",""
"LedAvVillaLibertad4439","","LED 150W","Av Villa Libertad 4439","San Isidro","Con base en buenas condiciones","DOMINGUEZ GRACIELA","2026-07-16 11:51:12","","","","Aéreo","2026-07-16 11:51:12",""
"LedAvVillaLibertad4415","","LED 150W","Av Villa Libertad 4415","San Isidro","Con base en buenas condiciones","DOMINGUEZ GRACIELA","2026-07-16 11:52:55","","","","Aéreo","2026-07-16 11:52:55",""
"LedAvVillaLibertad4375","","LED 150W","Av Villa Libertad 4375","San Isidro","Con base en buenas condiciones","DOMINGUEZ GRACIELA","2026-07-16 11:54:38","","","","Aéreo","2026-07-16 11:54:38",""
"LedAvVillaLibertad4325","","LED 150W","Av Villa Libertad 4325","San Isidro","Con base en buenas condiciones","DOMINGUEZ GRACIELA","2026-07-16 11:56:16","","","","Aéreo","2026-07-16 11:56:16",""
"LedIglesias2005","","LED 150W","Iglesias 2005","Sacachispas","Con base en buenas condiciones","DOMINGUEZ GRACIELA","2026-07-31 08:38:15","","","","Aéreo","2026-07-16 13:07:20","Cambio de luminaria IGEMAR "
"LedIglesias2205","","LED 150W","Iglesias 2205","Sacachispas","Con base en buenas condiciones","DOMINGUEZ GRACIELA","2026-07-16 13:13:56","","","","Aéreo","2026-07-16 13:13:56",""
"LedIglesias2185","","LED 150W","Iglesias 2185","Sacachispas","Con base en buenas condiciones","DOMINGUEZ GRACIELA","2026-07-16 13:16:40","","","","Aéreo","2026-07-16 13:16:40",""
"LedIglesias2155","","LED 150W","Iglesias 2155","Sacachispas","Con base en buenas condiciones","DOMINGUEZ GRACIELA","2026-07-16 13:18:24","","","","Aéreo","2026-07-16 13:18:24",""
"LedIglesias2115","","LED 150W","Iglesias 2115","Sacachispas","Con base en buenas condiciones","DOMINGUEZ GRACIELA","2026-07-16 13:19:58","","","","Aéreo","2026-07-16 13:19:58",""
"LedChile2290","","LED 150W","Chile 2290","Sacachispas","Con base en buenas condiciones","DOMINGUEZ GRACIELA","2026-07-16 13:24:17","","","","Aéreo","2026-07-16 13:24:17",""
"LedChile2240","","LED 150W","Chile 2240","Sacachispas","Con base en buenas condiciones","DOMINGUEZ GRACIELA","2026-07-16 13:25:42","","","","Aéreo","2026-07-16 13:25:42",""
"LedChile2180","","LED 150W","Chile 2180","Sacachispas","Con base en buenas condiciones","DOMINGUEZ GRACIELA","2026-07-16 13:27:32","","","","Aéreo","2026-07-16 13:27:32",""
"LedChile2120","","LED 150W","Chile 2120","Sacachispas","Con base en buenas condiciones","DOMINGUEZ GRACIELA","2026-07-16 13:29:16","","","","Aéreo","2026-07-16 13:29:16",""
"LedChile2080","","LED 150W","Chile 2080","Sacachispas","Con base en buenas condiciones","DOMINGUEZ GRACIELA","2026-07-16 13:37:14","","","","Aéreo","2026-07-16 13:37:14",""
"LedChile2065","","LED 150W","Chile 2065","Sacachispas","Con base en buenas condiciones","DOMINGUEZ GRACIELA","2026-07-21 10:27:40","","","","Aéreo","2026-07-16 13:40:43",""
"LedChile1980","","LED 150W","Chile 1980","Sacachispas","Con base en buenas condiciones","DOMINGUEZ GRACIELA","2026-07-16 13:48:42","","","","Aéreo","2026-07-16 13:48:42",""
"LedChile1935","","LED 150W","Chile 1935","Sacachispas","Con base en buenas condiciones","DOMINGUEZ GRACIELA","2026-07-16 13:50:56","","","","Aéreo","2026-07-16 13:50:56",""
"LedChile1885","","LED 150W","Chile 1885","Sacachispas","Con base en buenas condiciones","DOMINGUEZ GRACIELA","2026-07-16 13:54:25","","","","Aéreo","2026-07-16 13:54:25",""
"LedChile1820","","LED 150W","Chile 1820","Sacachispas","Con base en buenas condiciones","DOMINGUEZ GRACIELA","2026-07-16 13:55:51","","","","Aéreo","2026-07-16 13:55:51",""
"LedChile1755","","LED 150W","Chile 1755","Sacachispas","Con base en buenas condiciones","DOMINGUEZ GRACIELA","2026-07-16 13:58:04","","","","Aéreo","2026-07-16 13:58:04",""
"LedMoreno2330","","LED 150W","Moreno 2330","San Jose Obrero","Con base en buenas condiciones","Ana Celina Pozzi","2026-07-16 16:40:35","","","","Aéreo","2026-07-16 16:31:39",""
"LedMoreno2385","","LED 150W","Moreno 2385","San Jose Obrero","Con base en buenas condiciones","Ana Celina Pozzi","2026-07-16 16:41:03","","","","Aéreo","2026-07-16 16:38:21",""
"LedMoreno2430","","LED 150W","Moreno 2430","San Jose Obrero","Con base en buenas condiciones","Ana Celina Pozzi","2026-07-16 16:41:28","","","","Aéreo","2026-07-16 16:38:49",""
"LedMoreno2475","","LED 150W","Moreno 2475","San Jose Obrero","Con base en buenas condiciones","Ana Celina Pozzi","2026-07-16 16:39:58","","","","Aéreo","2026-07-16 16:39:21",""
"LedMoreno2538","","LED 150W","Moreno 2538","San Jose Obrero","Con base en buenas condiciones","Ana Celina Pozzi","2026-07-16 16:42:59","","","","Aéreo","2026-07-16 16:42:59",""
"LedMoreno2575","","LED 150W","Moreno 2575","San Jose Obrero","Con base en buenas condiciones","Ana Celina Pozzi","2026-07-16 16:43:26","","","","Aéreo","2026-07-16 16:43:05",""
"LedMitre2555","","LED 150W","Mitre 2555","San Jose Obrero","Con base en buenas condiciones","Ana Celina Pozzi","2026-07-16 16:44:20","","","","Aéreo","2026-07-16 16:43:43",""
"LedMitre2480","","LED 150W","Mitre 2480","San Jose Obrero","Con base en buenas condiciones","Ana Celina Pozzi","2026-07-16 16:44:45","","","","Aéreo","2026-07-16 16:44:27",""
"LedMitre2435","","LED 150W","Mitre 2435","San Jose Obrero","Con base en buenas condiciones","Ana Celina Pozzi","2026-07-16 16:45:16","","","","Aéreo","2026-07-16 16:44:50",""
"LedMitre2380","","LED 150W","Mitre 2380","San Jose Obrero","Con base en buenas condiciones","Ana Celina Pozzi","2026-07-16 16:45:52","","","","Aéreo","2026-07-16 16:45:27",""
"LedMitre2335","","LED 150W","Mitre 2335","San Jose Obrero","Con base en buenas condiciones","Ana Celina Pozzi","2026-07-16 16:46:16","","","","Aéreo","2026-07-16 16:46:01",""
"LedMalvinas2250","","LED 150W","Malvinas 2250","Sacachispas","Con base en buenas condiciones","DOMINGUEZ GRACIELA","2026-07-16 18:03:02","","","","Aéreo","2026-07-16 18:03:02",""
"LedMalvinas2180","","LED 150W","Malvinas 2180","Sacachispas","Con base en buenas condiciones","DOMINGUEZ GRACIELA","2026-07-16 18:04:46","","","","Aéreo","2026-07-16 18:04:46",""
"LedMalvinas2120","","LED 150W","Malvinas 2120","Sacachispas","Con base en buenas condiciones","DOMINGUEZ GRACIELA","2026-07-16 18:06:12","","","","Aéreo","2026-07-16 18:06:12",""
"LedMalvinas2020","","LED 150W","Malvinas 2020","Sacachispas","Con base en buenas condiciones","DOMINGUEZ GRACIELA","2026-07-16 18:08:46","","","","Aéreo","2026-07-16 18:08:46",""
"LedMalvinas2085","","LED 150W","Malvinas 2085","Sacachispas","Con base en buenas condiciones","DOMINGUEZ GRACIELA","2026-07-16 18:10:39","","","","Aéreo","2026-07-16 18:10:39",""
"LedMalvinas1910","","LED 150W","Malvinas 1910","Sacachispas","Con base en buenas condiciones","DOMINGUEZ GRACIELA","2026-07-16 18:12:50","","","","Aéreo","2026-07-16 18:12:50",""
"LedMalvinas1935","","LED 150W","Malvinas 1935","Sacachispas","Con base en buenas condiciones","DOMINGUEZ GRACIELA","2026-07-16 18:15:17","","","","Aéreo","2026-07-16 18:15:17",""
"LedMalvinas1860","","LED 150W","Malvinas 1860","Sacachispas","Con base en buenas condiciones","DOMINGUEZ GRACIELA","2026-07-16 18:17:21","","","","Aéreo","2026-07-16 18:17:21",""
"LedMalvinas1815","","LED 150W","Malvinas 1815","Sacachispas","Con base en buenas condiciones","DOMINGUEZ GRACIELA","2026-07-21 08:50:01","","","","Aéreo","2026-07-16 18:18:55",""
"LedMalvinas1790","","LED 150W","Malvinas 1790","Sacachispas","Con base en buenas condiciones","DOMINGUEZ GRACIELA","2026-07-16 18:20:58","","","","Aéreo","2026-07-16 18:20:58",""
"LedMalvinas1725","","LED 150W","Malvinas 1725","Sacachispas","Con base en buenas condiciones","DOMINGUEZ GRACIELA","2026-07-16 18:22:34","","","","Aéreo","2026-07-16 18:22:34",""
"LedMartinFierro3420","","LED 150W","Martin Fierro 3420","1 de Mayo","Con base en buenas condiciones","Emanuel Noriega Sosa","2026-07-16 19:15:52","","","","Aéreo","2026-07-16 19:15:52",""
"LedAv1erodeMayo3315","","LED 150W","Av. 1 de Mayo 3315","1 de Mayo","Con base en buenas condiciones","Emanuel Noriega Sosa","2026-07-17 09:48:33","","","","Subterráneo","2026-07-16 19:42:12",""
"LedAv1erodeMayo3325","","LED 150W","Av. 1ero de Mayo 3325","1 de Mayo","Con base en buenas condiciones","Emanuel Noriega Sosa","2026-07-16 20:02:35","","","","Subterráneo","2026-07-16 19:45:18",""
"LedAv1erodeMayo3335","","LED 150W","Av. 1ero de Mayo 3335","1 de Mayo","Con base en buenas condiciones","Emanuel Noriega Sosa","2026-07-16 20:03:13","","","","Subterráneo","2026-07-16 19:59:56",""
"LedAv1erodeMayo3345","","LED 150W","Av. 1ero de Mayo 3315","1 de Mayo","Con base en buenas condiciones","Emanuel Noriega Sosa","2026-07-16 20:04:18","","","","Subterráneo","2026-07-16 20:04:18",""
"LedAv1erodeMayo3355","","LED 150W","Av. 1ero de Mayo 3315","1 de Mayo","Con base en buenas condiciones","Emanuel Noriega Sosa","2026-07-16 20:07:05","","","","Subterráneo","2026-07-16 20:07:05",""
"LedAv1erodeMayo3385","","LED 150W","Av. 1ero de Mayo 3355","1 de Mayo","Con base en buenas condiciones","Emanuel Noriega Sosa","2026-07-16 22:10:50","","","","Subterráneo","2026-07-16 22:10:50",""
"LedAv1erodeMayo3395","","LED 150W","Av. 1 ero de Mayo 3395","1 de Mayo","Con base en buenas condiciones","Emanuel Noriega Sosa","2026-07-30 16:57:29","","","","Subterráneo","2026-07-16 22:23:21",""
"LedAv1erodeMayo3575","","LED 150W","Av. 1ero de Mayo 3575","1 de Mayo","Con base en buenas condiciones","Emanuel Noriega Sosa","2026-07-30 16:56:59","","","","Subterráneo","2026-07-16 22:25:50",""
"LedAv1erodeMayo3495","","LED 150W","Av. 1ero de Mayo 3495","1 de Mayo","Con base en buenas condiciones","Emanuel Noriega Sosa","2026-07-16 22:26:42","","","","Subterráneo","2026-07-16 22:26:42",""
"LedAv1erodeMayo3625","","LED 150W","Av. 1ero de Mayo 3625","1 de Mayo","Con base en buenas condiciones","Emanuel Noriega Sosa","2026-07-16 22:27:39","","","","Subterráneo","2026-07-16 22:27:39",""
"LedAvBelgrano2301","","LED 150W","Belgrano 2301","San Jose Obrero","Con base en buenas condiciones","Ana Celina Pozzi","2026-07-17 17:19:37","","","","Subterráneo","2026-07-17 17:16:47",""
"LedAvBelgrano2300","","LED 150W","Av Belgrano 2300","Pinar","Con base en buenas condiciones","Ana Celina Pozzi","2026-07-20 08:18:16","","","","Subterráneo","2026-07-17 17:18:24",""
"LedAvBelgrano2351","","LED 150W","Belgrano 2351","San Jose Obrero","Con base en buenas condiciones","Ana Celina Pozzi","2026-07-17 17:20:51","","","","Subterráneo","2026-07-17 17:19:47",""
"LedAvBelgrano2350","","LED 150W","Av Belgrano 2350","Pinar","Con base en buenas condiciones","Ana Celina Pozzi","2026-07-20 08:18:40","","","","Subterráneo","2026-07-17 17:21:02",""
"LedAvBelgrano2370","","LED 150W","Av Belgrano 2370","Pinar","Con base en buenas condiciones","Ana Celina Pozzi","2026-07-20 08:18:58","","","","Subterráneo","2026-07-17 17:21:37",""
"LedAvBelgrano2371","","LED 150W","Belgrano 2371","San Jose Obrero","Con base en buenas condiciones","Ana Celina Pozzi","2026-07-17 17:22:20","","","","Subterráneo","2026-07-17 17:21:58",""
"LedAvBelgrano2399","","LED 150W","Belgrano 2399","San Jose Obrero","Con base en buenas condiciones","Ana Celina Pozzi","2026-07-17 17:22:49","","","","Subterráneo","2026-07-17 17:22:31",""
"LedAvBelgrano2398","","LED 150W","Av Belgrano 2398","Pinar","Con base en buenas condiciones","Ana Celina Pozzi","2026-07-20 08:21:06","","","","Subterráneo","2026-07-17 17:22:59",""
"LedAvBelgrano2410","","LED 150W","Av Belgrano 2410","Pinar","Con base en buenas condiciones","Ana Celina Pozzi","2026-07-20 08:12:18","","","","Subterráneo","2026-07-17 17:23:43",""
"LedAvBelgrano2411","","LED 150W","Av Belgrano 2411","San Jose Obrero","Con base en buenas condiciones","Ana Celina Pozzi","2026-07-17 17:25:23","","","","Subterráneo","2026-07-17 17:25:02",""
"LedAvBelgrano2451","","LED 150W","Av Belgrano 2451","San Jose Obrero","Con base en buenas condiciones","Ana Celina Pozzi","2026-07-17 17:47:22","","","","Subterráneo","2026-07-17 17:46:46",""
"LedAvBelgrano2450","","LED 150W","Av Belgrano 2450","Pinar","Con base en buenas condiciones","Ana Celina Pozzi","2026-07-20 08:12:49","","","","Subterráneo","2026-07-17 17:47:57",""
"LedAvBelgrano2498","","LED 150W","Av Belgrano 2498","Pinar","Con base en buenas condiciones","Ana Celina Pozzi","2026-07-20 11:29:13","","","","Subterráneo","2026-07-17 17:48:53",""
"LedAvBelgrano2499","","LED 150W","Av Belgrano 2499","San Jose Obrero","Con base en buenas condiciones","Ana Celina Pozzi","2026-07-17 17:50:53","","","","Subterráneo","2026-07-17 17:50:32",""
"LedAvBelgrano2420","","LED 150W","Av Belgrano 2420","Pinar","Sin base","Ana Celina Pozzi","2026-07-20 10:48:58","","","","Aéreo","2026-07-17 17:56:35",""
"LedAvBelgrano2530","","LED 150W","Av Belgrano 2530","Pinar","Sin base","Ana Celina Pozzi","2026-07-17 17:58:53","","","","Aéreo","2026-07-17 17:58:17",""
"LedAv9DeJulio1080","","LED 150W","Av 9 de Julio 1080","Sacachispas","Con base en buenas condiciones","DOMINGUEZ GRACIELA","2026-07-21 08:50:57","","","","Aéreo","2026-07-19 17:56:27",""
"LedAv9DeJulio1120","","LED 150W","Av 9 de Julio 1120","Sacachispas","Con base en buenas condiciones","DOMINGUEZ GRACIELA","2026-07-21 08:51:10","","","","Aéreo","2026-07-19 17:58:13",""
"LedAv9DeJulio1180","","LED 150W","Av 9 de Julio 1180","Sacachispas","Con base en buenas condiciones","DOMINGUEZ GRACIELA","2026-07-21 09:00:22","","","","Aéreo","2026-07-19 17:59:47",""
"LedAv9DeJulio1216","","LED 150W","Av 9 de Julio 1216","Sacachispas","Con base en buenas condiciones","DOMINGUEZ GRACIELA","2026-07-21 08:51:51","","","","Aéreo","2026-07-19 18:03:04",""
"LedAvDe9Julio1250","","LED 150W","Av 9 de Julio 1250","Sacachispas","Con base en buenas condiciones","DOMINGUEZ GRACIELA","2026-07-21 09:00:10","","","","Aéreo","2026-07-19 18:04:35",""
"LedAv9DeJulio1280","","LED 150W","Av 9 de Julio 1280","Sacachispas","Con base en malas condiciones","DOMINGUEZ GRACIELA","2026-07-21 08:59:17","","","","Aéreo","2026-07-19 18:06:03",""
"LedAv9DeJulio1330","","LED 150W","Av 9 de Julio 1330","Sacachispas","Con base en buenas condiciones","DOMINGUEZ GRACIELA","2026-07-21 08:59:40","","","","Aéreo","2026-07-19 18:08:37",""
"LedAv9DeJulio1380","","LED 150W","Av 9 de Julio 1380","Sacachispas","Con base en buenas condiciones","DOMINGUEZ GRACIELA","2026-07-21 08:59:54","","","","Aéreo","2026-07-19 18:09:33",""
"LedPeru1715","","LED 150W","Perú 1715","Sacachispas","Con base en buenas condiciones","DOMINGUEZ GRACIELA","2026-07-19 18:24:07","","","","Aéreo","2026-07-19 18:24:07",""
"LedPeru1780","","LED 150W","Perú 1780","Sacachispas","Con base en buenas condiciones","DOMINGUEZ GRACIELA","2026-07-19 18:25:23","","","","Aéreo","2026-07-19 18:25:23",""
"LedPeru1880","","LED 150W","Perú 1880","Sacachispas","Con base en buenas condiciones","DOMINGUEZ GRACIELA","2026-07-19 18:27:02","","","","Aéreo","2026-07-19 18:27:02",""
"LedPeru1825","","LED 150W","Perú 1825","Sacachispas","Con base en buenas condiciones","DOMINGUEZ GRACIELA","2026-07-19 18:29:00","","","","Aéreo","2026-07-19 18:29:00",""
"LedPeru1910","","LED 150W","Perú 1910","Sacachispas","Con base en buenas condiciones","DOMINGUEZ GRACIELA","2026-07-19 18:30:33","","","","Aéreo","2026-07-19 18:30:33",""
"LedPeru1985","","LED 150W","Perú 1985","Sacachispas","Con base en buenas condiciones","DOMINGUEZ GRACIELA","2026-07-19 18:32:04","","","","Aéreo","2026-07-19 18:32:04",""
"LedPeru2035","","LED 150W","Perú 2035","Sacachispas","Con base en buenas condiciones","DOMINGUEZ GRACIELA","2026-07-19 18:33:51","","","","Aéreo","2026-07-19 18:33:51",""
"LedPeru2125","","LED 150W","Perú 2125","Sacachispas","Con base en buenas condiciones","DOMINGUEZ GRACIELA","2026-07-19 18:36:12","","","","Aéreo","2026-07-19 18:36:12",""
"LedPeru2180","","LED 150W","Perú 2180","Sacachispas","Con base en buenas condiciones","DOMINGUEZ GRACIELA","2026-07-22 08:58:26","","","","Aéreo","2026-07-19 18:37:20",""
"LedEstrada1005","","LED 150W","Estrada 1005","Sacachispas","Con base en buenas condiciones","DOMINGUEZ GRACIELA","2026-07-19 18:43:38","","","","Aéreo","2026-07-19 18:43:38",""
"LedEstrada1040","","LED 150W","Estrada 1040","Sacachispas","Con base en buenas condiciones","DOMINGUEZ GRACIELA","2026-07-19 18:45:03","","","","Aéreo","2026-07-19 18:45:03",""
"LedEstrada1135","","LED 150W","Estrada 1135","Sacachispas","Con base en buenas condiciones","DOMINGUEZ GRACIELA","2026-07-19 18:47:00","","","","Aéreo","2026-07-19 18:47:00",""
"LedEstrada1170","","LED 150W","Estrada 1170","Sacachispas","Con base en buenas condiciones","DOMINGUEZ GRACIELA","2026-07-19 18:48:22","","","","Aéreo","2026-07-19 18:48:22",""
"LedEstrada1220","","LED 150W","Estrada 1220","Sacachispas","Con base en buenas condiciones","DOMINGUEZ GRACIELA","2026-07-19 18:49:56","","","","Aéreo","2026-07-19 18:49:56",""
"LedEstrada1290","","LED 150W","Estrada 1290","Sacachispas","Con base en buenas condiciones","DOMINGUEZ GRACIELA","2026-07-19 18:51:12","","","","Aéreo","2026-07-19 18:51:12",""
"LedEstrada1325","","LED 150W","Estrada 1325","Sacachispas","Con base en buenas condiciones","DOMINGUEZ GRACIELA","2026-07-19 18:52:46","","","","Aéreo","2026-07-19 18:52:46",""
"LedEstrada1374","","LED 150W","Estrada 1374","Sacachispas","Con base en buenas condiciones","DOMINGUEZ GRACIELA","2026-07-19 18:54:03","","","","Aéreo","2026-07-19 18:54:03",""
"LedPelegrini2085","","LED 150W","Pellegrini 2085","Sacachispas","Con base en buenas condiciones","DOMINGUEZ GRACIELA","2026-07-19 18:56:28","","","","Aéreo","2026-07-19 18:56:28",""
"LedChampañat1335","","LED 150W","Champañat 1335","Sacachispas","Con base en buenas condiciones","DOMINGUEZ GRACIELA","2026-07-20 07:59:57","","","","Aéreo","2026-07-20 07:59:57",""
"LedPasoConfalonieri2215","","LED 150W","Paso Confalonieri 2215","Sacachispas","Con base en buenas condiciones","DOMINGUEZ GRACIELA","2026-07-22 18:08:07","","","","Aéreo","2026-07-20 08:03:14",""
"LedPasoConfalonieri2260","True","LED 150W","Paso Confalonieri 2260","Sacachispas","Con base en buenas condiciones","DOMINGUEZ GRACIELA","2026-07-21 09:03:25","","","","Aéreo","2026-07-20 08:04:55",""
"LedChampagnat1385","","LED 150W","Champagnat 1385","Sacachispas","Con base en buenas condiciones","DOMINGUEZ GRACIELA","2026-07-21 08:44:51","","","","Aéreo","2026-07-20 08:56:47",""
"LedAv9DeJulio1010","","LED 150W","Av 9 de Julio 1010","Sacachispas","Con base en buenas condiciones","DOMINGUEZ GRACIELA","2026-07-22 08:57:34","","","","Aéreo","2026-07-20 10:13:32",""
"LedAvDe9Julio1080","","LED 150W","Av 9 de Julio 1080","Sacachispas","Con base en buenas condiciones","DOMINGUEZ GRACIELA","2026-07-22 08:57:08","","","","Aéreo","2026-07-20 10:15:16",""
"LedRepetto1040","","LED 150W","Repetto 1040","Sacachispas","Con base en buenas condiciones","DOMINGUEZ GRACIELA","2026-07-21 12:48:48","","","","Aéreo","2026-07-21 12:40:56",""
"LedRepetto1135","","LED 150W","Repetto 1135","Sacachispas","Con base en buenas condiciones","DOMINGUEZ GRACIELA","2026-07-21 12:50:17","","","","Aéreo","2026-07-21 12:50:17",""
"LedRepetto1174","","LED 150W","Repetto 1174","Sacachispas","Con base en buenas condiciones","DOMINGUEZ GRACIELA","2026-07-21 12:51:59","","","","Aéreo","2026-07-21 12:51:59",""
"LedRepetto1240","","LED 150W","Repetto 1240","Sacachispas","Con base en buenas condiciones","DOMINGUEZ GRACIELA","2026-07-22 09:09:18","","","","Aéreo","2026-07-21 12:54:10",""
"LedRepetto1285","","LED 150W","Repetto 1285","Sacachispas","Con base en buenas condiciones","DOMINGUEZ GRACIELA","2026-07-21 12:55:52","","","","Aéreo","2026-07-21 12:55:52",""
"LedRepetto1325","","LED 150W","Repetto 1325","Sacachispas","Con base en buenas condiciones","DOMINGUEZ GRACIELA","2026-07-21 12:57:31","","","","Aéreo","2026-07-21 12:57:31",""
"LedRepetto1370","","LED 150W","Repetto 1370","Sacachispas","Con base en buenas condiciones","DOMINGUEZ GRACIELA","2026-07-21 12:59:29","","","","Aéreo","2026-07-21 12:59:29",""
"LedGuarumba1020","","LED 150W","Guarumba 1020","Sacachispas","Con base en buenas condiciones","DOMINGUEZ GRACIELA","2026-07-21 13:01:06","","","","Aéreo","2026-07-21 13:01:06",""
"LedGuarumba1050","","LED 150W","Guarumba 1050","Sacachispas","Con base en buenas condiciones","DOMINGUEZ GRACIELA","2026-07-21 13:02:45","","","","Aéreo","2026-07-21 13:02:45",""
"LedGuarumba1120","","LED 150W","Guarumba 1120","Sacachispas","Con base en buenas condiciones","DOMINGUEZ GRACIELA","2026-07-21 13:04:28","","","","Aéreo","2026-07-21 13:04:28",""
"LedGuarumba1160","","LED 150W","Guarumba 1160","Sacachispas","Con base en buenas condiciones","DOMINGUEZ GRACIELA","2026-07-21 13:05:42","","","","Aéreo","2026-07-21 13:05:42",""
"LedGuarumba1240","","LED 150W","Guarumba 1240","Sacachispas","Con base en buenas condiciones","DOMINGUEZ GRACIELA","2026-07-21 13:07:08","","","","Aéreo","2026-07-21 13:07:08",""
"LedGuarumba1260","","LED 150W","Guarumba 1260","Sacachispas","Con base en buenas condiciones","DOMINGUEZ GRACIELA","2026-07-21 13:08:27","","","","Aéreo","2026-07-21 13:08:27",""
"LedGuarumba1325","","LED 150W","Guarumba 1325","Sacachispas","Con base en buenas condiciones","DOMINGUEZ GRACIELA","2026-07-21 13:10:17","","","","Aéreo","2026-07-21 13:10:17",""
"ledGuarumba1370","","LED 150W","Guarumba 1370","Sacachispas","Con base en buenas condiciones","DOMINGUEZ GRACIELA","2026-07-21 13:12:12","","","","Aéreo","2026-07-21 13:12:12",""
"LedMFierro1055","","LED 150W","M Fierro 1055","Sacachispas","Con base en buenas condiciones","DOMINGUEZ GRACIELA","2026-07-21 13:14:43","","","","Aéreo","2026-07-21 13:14:43",""
"LedMFierro1115","","LED 150W","M Fierro 1115","Sacachispas","Con base en buenas condiciones","DOMINGUEZ GRACIELA","2026-07-21 13:16:26","","","","Aéreo","2026-07-21 13:16:26",""
"LedMFierro1195","","LED 150W","M Fierro 1195","Sacachispas","Con base en buenas condiciones","DOMINGUEZ GRACIELA","2026-07-21 13:17:51","","","","Aéreo","2026-07-21 13:17:51",""
"LedMFierro1250","","LED 150W","M Fierro 1250","Sacachispas","Con base en buenas condiciones","DOMINGUEZ GRACIELA","2026-07-21 13:20:08","","","","Aéreo","2026-07-21 13:20:08",""
"LedMFierro1335","","LED 150W","M Fierro 1335","Sacachispas","Con base en buenas condiciones","DOMINGUEZ GRACIELA","2026-07-21 13:22:15","","","","Aéreo","2026-07-21 13:22:15",""
"LedMFierro1385","","LED 150W","M Fierro 1385","Sacachispas","Con base en buenas condiciones","DOMINGUEZ GRACIELA","2026-07-21 13:23:46","","","","Aéreo","2026-07-21 13:23:46",""
"LedCorrientes1110","","LED 150W","Corrientes 1110","Sacachispas","Con base en buenas condiciones","DOMINGUEZ GRACIELA","2026-07-21 13:28:25","","","","Aéreo","2026-07-21 13:24:52",""
"LedCorrientes1180","","LED 150W","Corrientes 1180","Sacachispas","Con base en buenas condiciones","DOMINGUEZ GRACIELA","2026-07-21 13:30:15","","","","Aéreo","2026-07-21 13:30:15",""
"LedAvBelgrano2555","","","Av Belgrano 2555","San Jose Obrero","Sin base","Ana Celina Pozzi","2026-07-22 16:46:38","","","","Aéreo","2026-07-22 16:46:38",""
"LedAvBelgrano2595","","","Av Belgrano 2595","San Jose Obrero","Sin base","Ana Celina Pozzi","2026-07-22 16:47:09","","","","Aéreo","2026-07-22 16:46:41",""
"LedAvBelgrano2610","","LED 150W","Av Belgrano 2610","Pinar","Sin base","Ana Celina Pozzi","2026-07-27 18:02:22","","","","Aéreo","2026-07-22 16:47:13",""
"LedAvBelgrano2668","","LED 150W","Av Belgrano 2668","Pinar","Sin base","Ana Celina Pozzi","2026-07-27 18:02:59","","","","Aéreo","2026-07-22 16:48:31",""
"LedAvBelgrano2720","","LED 150W","Av Belgrano 2720","Pinar","Sin base","Ana Celina Pozzi","2026-07-27 18:03:09","","","","Aéreo","2026-07-22 16:49:15",""
"LedAvBelgrano2780","","LED 150W","Av Belgrano 2780","Pinar","Sin base","Ana Celina Pozzi","2026-07-27 18:03:18","","","","Aéreo","2026-07-22 16:50:07",""
"LedAvBelgrano2840","","LED 150W","Av Belgrano 2840","Pinar","Sin base","Ana Celina Pozzi","2026-07-27 18:03:28","","","","Aéreo","2026-07-22 16:50:45",""
"LedAvBelgrano2870","","LED 150W","Av Belgrano 2870","Pinar","Sin base","Ana Celina Pozzi","2026-07-27 18:05:09","","","","Aéreo","2026-07-22 16:51:28",""
"LedAvBelgrano2899","","LED 150W","Av Belgrano 2899","Pinar","Con base en buenas condiciones","Ana Celina Pozzi","2026-07-27 18:05:17","","","","Aéreo","2026-07-22 16:51:58",""
"LedSanMartin2625","","LED 150W","San Martin 2625","San Jose Obrero","Con base en buenas condiciones","Ana Celina Pozzi","2026-07-22 17:01:53","","","","Aéreo","2026-07-22 16:59:41",""
"LedSanMartin2620","","LED 150W","San Martin 2620","San Jose Obrero","Con base en buenas condiciones","Ana Celina Pozzi","2026-07-22 17:06:39","","","","Aéreo","2026-07-22 17:05:56",""
"LedSanMartin2640","","LED 150W","San Martin 2640","San Jose Obrero","Con base en buenas condiciones","Ana Celina Pozzi","2026-07-22 17:07:12","","","","Aéreo","2026-07-22 17:06:49",""
"LedSanMartin2675","","LED 150W","San Martin 2675","San Jose Obrero","Con base en buenas condiciones","Ana Celina Pozzi","2026-07-22 17:07:41","","","","Aéreo","2026-07-22 17:07:17",""
"LedProDeMayo1925","","LED 150W","Pro De Mayo 1925","Tropezon","Con base en buenas condiciones","DOMINGUEZ GRACIELA","2026-07-23 12:29:14","","","","Aéreo","2026-07-23 12:29:14",""
"Led profe mayo1985","","LED 150W","Pro De Mayo 1985","Tropezon","Con base en buenas condiciones","DOMINGUEZ GRACIELA","2026-07-23 12:32:31","","","","Aéreo","2026-07-23 12:30:38",""
"LedProDeMayo1875","","LED 150W","Pro De Mayo 1875","Tropezon","Con base en buenas condiciones","DOMINGUEZ GRACIELA","2026-07-23 12:36:40","","","","Aéreo","2026-07-23 12:36:40",""
"LedProDeMayo1815","","LED 150W","Pro De Mayo 1815","Tropezon","Con base en buenas condiciones","DOMINGUEZ GRACIELA","2026-07-23 12:39:18","","","","Aéreo","2026-07-23 12:39:18",""
"LedProDeMayo1785","","LED 150W","Pro De Mayo 1785","Tropezon","Con base en buenas condiciones","DOMINGUEZ GRACIELA","2026-07-23 12:40:50","","","","Aéreo","2026-07-23 12:40:50",""
"LedProDeMayo1735","","LED 150W","Pro De Mayo 17","Tropezon","Con base en buenas condiciones","DOMINGUEZ GRACIELA","2026-07-23 12:43:30","","","","Aéreo","2026-07-23 12:42:41",""
"LedProDeMayo1633","","LED 150W","Pro De Mayo 1633","Tropezon","Con base en buenas condiciones","DOMINGUEZ GRACIELA","2026-07-23 12:45:40","","","","Aéreo","2026-07-23 12:45:40",""
"LedProDeMayo1615","","LED 150W","Pro De Mayo 1615","Tropezon","Con base en buenas condiciones","DOMINGUEZ GRACIELA","2026-07-23 12:47:05","","","","Aéreo","2026-07-23 12:47:05",""
"LedDrPlanas2220","","LED 150W","Dr Planas 2220","Tropezon","Con base en buenas condiciones","DOMINGUEZ GRACIELA","2026-07-31 08:39:31","","","","Aéreo","2026-07-23 12:53:54",""
"LedDrPlanas2290","","LED 150W","Dr Planas 2290","Tropezon","Con base en buenas condiciones","DOMINGUEZ GRACIELA","2026-07-23 12:56:11","","","","Aéreo","2026-07-23 12:56:11",""
"LedDrPlanas2116","","LED 150W","Dr Planas 2116","Tropezon","Con base en buenas condiciones","DOMINGUEZ GRACIELA","2026-07-31 08:38:50","","","","Aéreo","2026-07-23 13:00:07",""
"LedDrPlanas2190","","LED 150W","Dr Planas 2190","Tropezon","Con base en buenas condiciones","DOMINGUEZ GRACIELA","2026-07-31 08:39:12","","","","Aéreo","2026-07-23 13:01:42",""
"LedDrPlanas2036","","LED 150W","Dr Planas 2036","Tropezon","Con base en buenas condiciones","DOMINGUEZ GRACIELA","2026-07-31 08:37:43","","","","Aéreo","2026-07-23 13:04:34",""
"LedDrPlanas2010","","LED 150W","Dr Planas 2010","Tropezon","Con base en buenas condiciones","DOMINGUEZ GRACIELA","2026-07-23 13:06:07","","","","Aéreo","2026-07-23 13:06:07",""
"LedDrPlanas1895","","LED 150W","Dr Planas 1895","Villa Alejandrina","Con base en buenas condiciones","DOMINGUEZ GRACIELA","2026-07-24 09:59:59","","","","Aéreo","2026-07-23 13:09:46",""
"LedIslasDeIbicui1630","","LED 150W","Islas De Ibicui 1630","Tropezon","Con base en buenas condiciones","DOMINGUEZ GRACIELA","2026-07-23 13:18:50","","","","Aéreo","2026-07-23 13:18:50",""
"LedIslasDeIbicui1685","","LED 150W","Islas De Ibicui 1685","Tropezon","Con base en buenas condiciones","DOMINGUEZ GRACIELA","2026-07-23 13:20:40","","","","Aéreo","2026-07-23 13:20:40",""
"LedSalta2285","","LED 150W","Salta 2285","Tropezon","Con base en buenas condiciones","DOMINGUEZ GRACIELA","2026-07-23 15:31:55","","","","Aéreo","2026-07-23 15:31:55",""
"LedSalta2215","","LED 150W","Salta 2215","Tropezon","Con base en buenas condiciones","DOMINGUEZ GRACIELA","2026-07-23 15:33:17","","","","Aéreo","2026-07-23 15:33:17",""
"LedPellegrini2215","","LED 150W","Pellegrini 2215","Tropezon","Con base en buenas condiciones","DOMINGUEZ GRACIELA","2026-07-23 15:38:19","","","","Aéreo","2026-07-23 15:38:19",""
"LedCorrientes2225","","LED 150W","Corrientes 2225","Tropezon","Con base en buenas condiciones","DOMINGUEZ GRACIELA","2026-07-23 15:58:35","","","","Aéreo","2026-07-23 15:51:04",""
"LedCorrientes1995","","LED 150W","Corrientes 1995","Tropezon","Con base en buenas condiciones","DOMINGUEZ GRACIELA","2026-07-23 16:01:58","","","","Aéreo","2026-07-23 16:01:58",""
"LedCorrientes1925","","LED 150W","Corrientes 1925","Tropezon","Con base en buenas condiciones","DOMINGUEZ GRACIELA","2026-07-23 16:03:08","","","","Aéreo","2026-07-23 16:03:08",""
"LedCorrientes1875","","LED 150W","Corrientes 1875","Tropezon","Con base en buenas condiciones","DOMINGUEZ GRACIELA","2026-07-23 16:04:35","","","","Aéreo","2026-07-23 16:04:35",""
"LedCorrientes1825","","LED 150W","Corrientes 1825","Tropezon","Con base en buenas condiciones","DOMINGUEZ GRACIELA","2026-07-23 16:06:15","","","","Aéreo","2026-07-23 16:06:15",""
"LedCorrientes1785","","LED 150W","Corrientes 1785","Tropezon","Con base en buenas condiciones","DOMINGUEZ GRACIELA","2026-07-23 16:07:29","","","","Aéreo","2026-07-23 16:07:29",""
"LedCorrientes1715","","LED 150W","Corrientes 1715","Tropezon","Con base en buenas condiciones","DOMINGUEZ GRACIELA","2026-07-23 16:08:46","","","","Aéreo","2026-07-23 16:08:46",""
"LedCorrientes1685","","LED 150W","Corrientes 1685","Tropezon","Con base en buenas condiciones","DOMINGUEZ GRACIELA","2026-07-23 16:10:38","","","","Aéreo","2026-07-23 16:10:38",""
"LedCorrientes1625","","LED 150W","Corrientes 1625","Tropezon","Con base en buenas condiciones","DOMINGUEZ GRACIELA","2026-07-23 16:12:04","","","","Aéreo","2026-07-23 16:12:04",""
"LedCorrientes1980","","LED 150W","Corrientes 1980","Tropezon","Con base en buenas condiciones","DOMINGUEZ GRACIELA","2026-07-23 16:13:54","","","","Aéreo","2026-07-23 16:13:54",""
"LedCorrientes1920","","LED 150W","Corrientes 1920","Tropezon","Con base en buenas condiciones","DOMINGUEZ GRACIELA","2026-07-23 16:15:08","","","","Aéreo","2026-07-23 16:15:08",""
"LedCorrientes1870","","LED 150W","Corrientes 1870","Tropezon","Con base en buenas condiciones","DOMINGUEZ GRACIELA","2026-07-23 16:16:36","","","","Aéreo","2026-07-23 16:16:36",""
"LedCorrientes1810","","LED 150W","Corrientes 1810","Tropezon","Con base en buenas condiciones","DOMINGUEZ GRACIELA","2026-07-23 16:17:47","","","","Aéreo","2026-07-23 16:17:47",""
"LedCorrientes1780","","LED 150W","Corrientes 1780","Tropezon","Con base en buenas condiciones","DOMINGUEZ GRACIELA","2026-07-23 16:18:59","","","","Aéreo","2026-07-23 16:18:59",""
"LedCorrientes1710","","LED 150W","Corrientes 1710","Tropezon","Con base en buenas condiciones","DOMINGUEZ GRACIELA","2026-07-23 16:20:05","","","","Aéreo","2026-07-23 16:20:05",""
"LedCorrientes1680","","LED 150W","Corrientes 1680","Tropezon","Con base en buenas condiciones","DOMINGUEZ GRACIELA","2026-07-23 16:21:19","","","","Aéreo","2026-07-23 16:21:19",""
"LedCorrientes1610","","LED 150W","Corrientes 1610","Tropezon","Con base en buenas condiciones","DOMINGUEZ GRACIELA","2026-07-23 16:22:27","","","","Aéreo","2026-07-23 16:22:27",""
"LedAv9deJulio3998","","LED 150W","Av 9 de Julio 3998","1 de Mayo","Con base en buenas condiciones","Emanuel Noriega Sosa","2026-07-23 18:56:06","","","","Aéreo","2026-07-23 18:56:06",""
"LedAv9deJulio3920","","LED 150W","LedAv9deJulio3920","1 de Mayo","Con base en buenas condiciones","Emanuel Noriega Sosa","2026-07-23 18:57:17","","","","Aéreo","2026-07-23 18:57:17",""
"LedAv9deJulio3880","","LED 150W","Av 9 de Julio 3880","1 de Mayo","Con base en buenas condiciones","Emanuel Noriega Sosa","2026-07-23 18:59:18","","","","Aéreo","2026-07-23 18:59:18",""
"LedAv9deJulio3802","","LED 150W","Av 9 de Julio 3802","1 de Mayo","Con base en buenas condiciones","Emanuel Noriega Sosa","2026-07-23 19:00:30","","","","Aéreo","2026-07-23 19:00:30",""
"LedAv9deJulio3790","","LED 150W","Av 9 de Julio 3790","1 de Mayo","Con base en buenas condiciones","Emanuel Noriega Sosa","2026-07-23 19:26:38","","","","Aéreo","2026-07-23 19:25:18",""
"LedAv9deJulio3720","","LED 150W","Av 9 de Julio 3720","1 de Mayo","Con base en buenas condiciones","Emanuel Noriega Sosa","2026-07-23 19:28:10","","","","Aéreo","2026-07-23 19:28:10",""
"LedAv9deJulio3680","","LED 150W","Av 9 de Julio 3680","1 de Mayo","Con base en buenas condiciones","Emanuel Noriega Sosa","2026-07-23 20:01:35","","","","Aéreo","2026-07-23 20:01:35",""
"LedAv9deJulio3620","","LED 150W","Av 9 de Julio 3620","1 de Mayo","Con base en buenas condiciones","Emanuel Noriega Sosa","2026-07-23 20:03:15","","","","Aéreo","2026-07-23 20:03:15",""
"LedAv9deJulio3570","","LED 150W","Av 9 de Julio 3570","1 de Mayo","Sin base","Emanuel Noriega Sosa","2026-07-23 20:08:30","","","","Aéreo","2026-07-23 20:05:23",""
"LedAv9deJulio3520","","LED 150W","Av 9 de Julio 3520","1 de Mayo","Con base en buenas condiciones","Emanuel Noriega Sosa","2026-07-23 20:08:23","","","","Aéreo","2026-07-23 20:06:25",""
"LedAv9deJulio3476","","LED 150W","Av 9 de Julio 3476","1 de Mayo","Con base en buenas condiciones","Emanuel Noriega Sosa","2026-07-23 20:09:39","","","","Aéreo","2026-07-23 20:09:39",""
"LedAv9deJulio3430","","LED 150W","Av 9 de Julio 3430","1 de Mayo","Con base en buenas condiciones","Emanuel Noriega Sosa","2026-07-23 20:12:09","","","","Aéreo","2026-07-23 20:10:39",""
"LedAv9deJulio3398","","LED 150W","Av 9 de Julio 3398","1 de Mayo","Con base en buenas condiciones","Emanuel Noriega Sosa","2026-07-23 20:13:48","","","","Aéreo","2026-07-23 20:13:48",""
"LedAv9deJulio3320","","LED 150W","Av 9 de Julio 3320","1 de Mayo","Con base en buenas condiciones","Emanuel Noriega Sosa","2026-07-23 20:15:21","","","","Aéreo","2026-07-23 20:15:21",""
"LedTabeni2310","","LED 150W","Tabeni 2310","Pinar","Con base en buenas condiciones","Ana Celina Pozzi","2026-07-24 07:12:57","","","","Aéreo","2026-07-24 07:12:57",""
"LedTabeni2340","","LED 150W","Tabeni 2340","Pinar","Con base en buenas condiciones","Ana Celina Pozzi","2026-07-24 07:13:20","","","","Aéreo","2026-07-24 07:13:00",""
"LedTabeni2370","","LED 150W","Tabeni 2370","Pinar","Con base en buenas condiciones","Ana Celina Pozzi","2026-07-24 07:13:43","","","","Aéreo","2026-07-24 07:13:26",""
"LedTabeni2410","","LED 150W","Tabeni 2410","Pinar","Con base en buenas condiciones","Ana Celina Pozzi","2026-07-24 07:14:03","","","","Aéreo","2026-07-24 07:13:48",""
"LedTabeni2446","","LED 150W","Tabeni 2446","Pinar","Sin base","Ana Celina Pozzi","2026-07-24 07:14:28","","","","Aéreo","2026-07-24 07:14:08",""
"LedTabeni2460","","LED 150W","Tabeni 2460","Pinar","Sin base","Ana Celina Pozzi","2026-07-24 07:14:47","","","","Aéreo","2026-07-24 07:14:33",""
"LedTabeni2490","","LED 150W","Tabeni 2490","Pinar","Con base en buenas condiciones","Ana Celina Pozzi","2026-07-24 07:15:09","","","","Aéreo","2026-07-24 07:14:53",""
"LedTabeni2510","","LED 150W","Tabeni 2510","Pinar","Sin base","Ana Celina Pozzi","2026-07-24 07:15:30","","","","Aéreo","2026-07-24 07:15:13",""
"LedTabeni2540","","LED 150W","Tabeni 2540","Pinar","Sin base","Ana Celina Pozzi","2026-07-24 07:16:01","","","","Aéreo","2026-07-24 07:15:34",""
"LedTabeni2560","","LED 150W","Tabeni 2560","Pinar","Con base en buenas condiciones","Ana Celina Pozzi","2026-07-24 07:16:20","","","","Aéreo","2026-07-24 07:16:04",""
"LedTabeni2590","","LED 150W","Tabeni 2590","Pinar","Con base en buenas condiciones","Ana Celina Pozzi","2026-07-24 07:16:42","","","","Aéreo","2026-07-24 07:16:27",""
"LedTabeni2630","","LED 150W","Tabeni 2630","Pinar","Con base en buenas condiciones","Ana Celina Pozzi","2026-07-24 07:17:05","","","","Aéreo","2026-07-24 07:16:47",""
"LedTabeni2685","","LED 150W","Tabeni 2685","Pinar","Sin base","Ana Celina Pozzi","2026-07-24 07:17:32","","","","Aéreo","2026-07-24 07:17:09",""
"LedTabeni2725","","LED 150W","Tabeni 2725","Pinar","Sin base","Ana Celina Pozzi","2026-07-24 07:18:43","","","","Aéreo","2026-07-24 07:17:36",""
"LedTabeni2770","","LED 150W","Tabeni 2770","Pinar","Sin base","Ana Celina Pozzi","2026-07-24 07:20:13","","","","Aéreo","2026-07-24 07:18:55",""
"LedTabeni2855","","LED 150W","Tabeni 2855","Pinar","Sin base","Ana Celina Pozzi","2026-07-24 07:20:43","","","","Aéreo","2026-07-24 07:20:22",""
"LedTabeni2890","","LED 150W","Tabeni 2890","Pinar","Sin base","Ana Celina Pozzi","2026-07-24 07:20:59","","","","Aéreo","2026-07-24 07:20:47",""
"LedSalvarredy2325","","LED 150W","Salvarredy 2325","Pinar","Con base en buenas condiciones","Ana Celina Pozzi","2026-07-24 07:22:14","","","","Aéreo","2026-07-24 07:21:43",""
"LedSalvarredy2345","","LED 150W","Salvarredy 2345","Pinar","Sin base","Ana Celina Pozzi","2026-07-24 07:23:18","","","","Aéreo","2026-07-24 07:23:00",""
"LedSalvarredy2375","","LED 150W","Salvarredy 2375","Pinar","Con base en buenas condiciones","Ana Celina Pozzi","2026-07-24 07:23:50","","","","Aéreo","2026-07-24 07:23:20",""
"LedSalvarredy2395","","LED 150W","Salvarredy 2395","Pinar","Con base en buenas condiciones","Ana Celina Pozzi","2026-07-24 07:24:08","","","","Aéreo","2026-07-24 07:23:56",""
"LedSalvarredy2424","","LED 150W","Salvarredy 2424","Pinar","Con base en buenas condiciones","Ana Celina Pozzi","2026-07-24 07:24:31","","","","Aéreo","2026-07-24 07:24:12",""
"LedSalvarredy2485","","LED 150W","Salvarredy 2485","Pinar","Sin base","Ana Celina Pozzi","2026-07-24 07:24:50","","","","Aéreo","2026-07-24 07:24:36",""
"LedSalvarredy2505","","LED 150W","Salvarredy 2505","Pinar","Con base en buenas condiciones","Ana Celina Pozzi","2026-07-24 07:25:16","","","","Aéreo","2026-07-24 07:24:54",""
"LedSalvarredy2535","","LED 150W","Salvarredy 2535","Pinar","Sin base","Ana Celina Pozzi","2026-07-24 07:25:46","","","","Aéreo","2026-07-24 07:25:22",""
"LedSalvarredy2555","","LED 150W","Salvarredy 2555","Pinar","Sin base","Ana Celina Pozzi","2026-07-24 07:26:08","","","","Aéreo","2026-07-24 07:25:52",""
"LedSalvarredy2599","","LED 150W","Salvarredy 2599","Pinar","Sin base","Ana Celina Pozzi","2026-07-24 07:26:26","","","","Aéreo","2026-07-24 07:26:12",""
"LedSalvarredy2625","","LED 150W","Salvarredy 2625","Pinar","Sin base","Ana Celina Pozzi","2026-07-24 07:26:53","","","","Aéreo","2026-07-24 07:26:30",""
"LedSalvarredy2685","","LED 150W","Salvarredy 2685","Pinar","Sin base","Ana Celina Pozzi","2026-07-24 07:28:24","","","","Aéreo","2026-07-24 07:28:09",""
"LedSalvarredy2720","","LED 150W","Salvarredy 2720","Pinar","Sin base","Ana Celina Pozzi","2026-07-24 07:28:43","","","","Aéreo","2026-07-24 07:28:29",""
"LedSalvarredy2830","","LED 150W","Salvarredy 2830","Pinar","Con base en buenas condiciones","Ana Celina Pozzi","2026-07-24 07:30:18","","","","Aéreo","2026-07-24 07:28:51",""
"LedSalvarredy2880","","LED 150W","Salvarredy 2880","Pinar","Sin base","Ana Celina Pozzi","2026-07-24 07:30:00","","","","Aéreo","2026-07-24 07:29:27",""
"LedAv25DeMayo2281","","LED 150W","Av 25 De Mayo 2281","Tropezon","Con base en buenas condiciones","DOMINGUEZ GRACIELA","2026-07-26 10:34:53","","","","Aéreo","2026-07-26 10:34:53",""
"LedAv25DeMayo2215","","LED 150W","Av 25 De Mayo 2215","Tropezon","Con base en buenas condiciones","DOMINGUEZ GRACIELA","2026-07-26 10:36:46","","","","Aéreo","2026-07-26 10:36:46",""
"LedAv25DeMayo2185","","LED 150W","Av 25 De Mayo 2185","Tropezon","Con base en buenas condiciones","DOMINGUEZ GRACIELA","2026-09-05 09:33:51","","","","Aéreo","2026-07-26 10:38:25","se realizo reconexión "
"LedAv25DeMayo2125","","LED 150W","Av 25 De Mayo 2125","Tropezon","Con base en buenas condiciones","DOMINGUEZ GRACIELA","2026-07-26 10:39:59","","","","Aéreo","2026-07-26 10:39:59",""
"LedAv25DeMayo2085","","LED 150W","Av 25 De Mayo 2085","Tropezon","Con base en buenas condiciones","DOMINGUEZ GRACIELA","2026-07-26 10:41:28","","","","Aéreo","2026-07-26 10:41:28",""
"LedAv25DeMayo2035","","LED 150W","Av 25 De Mayo 2035","Tropezon","Con base en buenas condiciones","DOMINGUEZ GRACIELA","2026-07-26 10:42:39","","","","Aéreo","2026-07-26 10:42:39",""
"LedCorrientes1450","","LED 150W","Corrientes 1450","Tropezon","Con base en buenas condiciones","DOMINGUEZ GRACIELA","2026-07-26 10:51:37","","","","Aéreo","2026-07-26 10:51:37",""
"LedCorrientes1410","","LED 150W","Corrientes 1410","Tropezon","Con base en buenas condiciones","DOMINGUEZ GRACIELA","2026-07-26 10:53:06","","","","Aéreo","2026-07-26 10:53:06",""
"LedCorrientes1510","","LED 150W","Corrientes 1510","Tropezon","Con base en buenas condiciones","DOMINGUEZ GRACIELA","2026-07-31 08:15:29","","","","Aéreo","2026-07-26 10:54:48",""
"LedCorrientes1580","","LED 150W","Corrientes 1580","Tropezon","Con base en buenas condiciones","DOMINGUEZ GRACIELA","2026-07-26 10:56:12","","","","Aéreo","2026-07-26 10:56:12",""
"LedPellegrini2245","","LED 150W","Pellegrini","Tropezon","Con base en buenas condiciones","DOMINGUEZ GRACIELA","2026-07-31 08:13:53","","","","Aéreo","2026-07-26 11:18:54",""
"LedPellegrini2280","","LED 150W","Pellegrini 2280","Tropezon","Con base en buenas condiciones","DOMINGUEZ GRACIELA","2026-07-27 10:32:59","","","","Aéreo","2026-07-26 11:20:31",""
"LedPellegini2125","","LED 150W","Pellegrini 2125","Tropezon","Con base en buenas condiciones","DOMINGUEZ GRACIELA","2026-07-31 08:13:36","","","","Aéreo","2026-07-26 11:28:59",""
"LedPellegrini2185","","LED 150W","Pellegrini 2185","Tropezon","Con base en buenas condiciones","DOMINGUEZ GRACIELA","2026-07-31 08:14:35","","","","Aéreo","2026-07-26 11:30:44",""
"LedPeru2215","","LED 150W","Perú 2215","Tropezon","Con base en buenas condiciones","DOMINGUEZ GRACIELA","2026-07-26 11:32:40","","","","Aéreo","2026-07-26 11:32:40",""
"LedPeru2245","","LED 150W","Perú 2245","Tropezon","Con base en buenas condiciones","DOMINGUEZ GRACIELA","2026-07-26 11:34:12","","","","Aéreo","2026-07-26 11:34:12",""
"LedCorrientes1330","","LED 150W","Corrientes 1330","Tropezon","Con base en buenas condiciones","DOMINGUEZ GRACIELA","2026-07-31 08:08:27","","","","Aéreo","2026-07-26 11:36:23",""
"LedCorrientes1380","","LED 150W","Corrientes 1380","Tropezon","Con base en buenas condiciones","DOMINGUEZ GRACIELA","2026-07-31 08:09:21","","","","Aéreo","2026-07-26 11:38:45",""
"LedSalta2145","","LED 150W","Salta 2145","Tropezon","Con base en buenas condiciones","DOMINGUEZ GRACIELA","2026-07-26 18:45:43","","","","Aéreo","2026-07-26 18:43:07",""
"LedDrPlanas1840","","LED 150W","Dr Planas 1840","Tropezon","Con base en buenas condiciones","DOMINGUEZ GRACIELA","2026-07-26 19:11:30","","","","Aéreo","2026-07-26 19:06:44",""
"LedDrPlanas1970","","LED 150W","Dr Planas 1970","Tropezon","Con base en buenas condiciones","DOMINGUEZ GRACIELA","2026-07-31 08:40:22","","","","Aéreo","2026-07-26 19:13:28",""
"LedEstrada1985","","LED 150W","Estrada 1985","Tropezon","Con base en buenas condiciones","DOMINGUEZ GRACIELA","2026-07-26 19:16:57","","","","Aéreo","2026-07-26 19:16:57",""
"LedEstrada1920","","LED 150W","Estrada1920","Tropezon","Con base en buenas condiciones","DOMINGUEZ GRACIELA","2026-07-26 19:18:29","","","","Aéreo","2026-07-26 19:17:30",""
"LedPioXII1815","","LED 150W","Pio XII 1815","Tropezon","Con base en buenas condiciones","DOMINGUEZ GRACIELA","2026-07-26 19:21:47","","","","Aéreo","2026-07-26 19:21:47",""
"PioXII1890","","LED 150W","Pio XII 1890","Tropezon","Con base en buenas condiciones","DOMINGUEZ GRACIELA","2026-07-26 19:23:10","","","","Aéreo","2026-07-26 19:23:10",""
"LedPioXII1915","","LED 150W","Pio XII 1915","Tropezon","Con base en buenas condiciones","DOMINGUEZ GRACIELA","2026-07-26 19:25:11","","","","Aéreo","2026-07-26 19:25:11",""
"LedPioXII1980","","LED 150W","Pio XII 1980","Tropezon","Con base en buenas condiciones","DOMINGUEZ GRACIELA","2026-07-26 19:27:52","","","","Aéreo","2026-07-26 19:26:31",""
"LedMartinFierro3610","","LED 150W","Martin Fierro 3610","1 de Mayo","Con base en buenas condiciones","Emanuel Noriega Sosa","2026-07-27 11:47:56","","","","Aéreo","2026-07-27 11:45:09",""
"LedMartinFierro3665","","LED 150W","MartinFierro 3665","1 de Mayo","Con base en buenas condiciones","Emanuel Noriega Sosa","2026-07-27 11:49:10","","","","Aéreo","2026-07-27 11:48:41",""
"LedCorrientes3610","","LED 150W","Corrientes 3610","1 de Mayo","Con base en buenas condiciones","Emanuel Noriega Sosa","2026-07-27 11:50:09","","","","Aéreo","2026-07-27 11:49:27",""
"LedCorrientes3665","","LED 150W","Corrientes 3665","1 de Mayo","Con base en buenas condiciones","Emanuel Noriega Sosa","2026-07-27 11:50:47","","","","Aéreo","2026-07-27 11:50:47",""
"LedPioXII2285","","LED 150W","Pio XII 2285","Tropezon","Con base en buenas condiciones","DOMINGUEZ GRACIELA","2026-07-27 16:00:38","","","","Aéreo","2026-07-27 16:00:38",""
"LedPioXII2220","","LED 150W","Pio XII 2220","Tropezon","Con base en buenas condiciones","DOMINGUEZ GRACIELA","2026-07-27 16:01:55","","","","Aéreo","2026-07-27 16:01:55",""
"LedPioXII2180","","LED 150W","Pio XII 2180","Tropezon","Con base en buenas condiciones","DOMINGUEZ GRACIELA","2026-07-27 16:03:39","","","","Aéreo","2026-07-27 16:03:39",""
"LedPioXII2135","","LED 150W","Pio XII 2135","Tropezon","Con base en buenas condiciones","DOMINGUEZ GRACIELA","2026-07-27 16:05:13","","","","Aéreo","2026-07-27 16:05:13",""
"LedPuoXII2080","","LED 150W","Pio XII 2080","Tropezon","Con base en buenas condiciones","DOMINGUEZ GRACIELA","2026-07-27 16:07:08","","","","Aéreo","2026-07-27 16:07:08",""
"LedPioXII2025","","LED 150W","Pio XII 2025","Tropezon","Con base en buenas condiciones","DOMINGUEZ GRACIELA","2026-07-27 16:08:27","","","","Aéreo","2026-07-27 16:08:27",""
"LedAlvarezCondarco2320","","LED 150W","Alvarez Condarco 2320","Pinar","Con base en buenas condiciones","Ana Celina Pozzi","2026-07-28 07:39:56","","","","Subterráneo","2026-07-28 07:35:10",""
"LedAlvarezCondarco2409","","LED 150W","Alvarez Condarco 2409","Pinar","Sin base","Ana Celina Pozzi","2026-07-28 07:41:27","","","","Subterráneo","2026-07-28 07:35:14",""
"LedAlvarezCondarco2460","","LED 150W","Alvarez Condarco 2460","Pinar","Sin base","Ana Celina Pozzi","2026-07-28 07:42:02","","","","Subterráneo","2026-07-28 07:36:00",""
"LedAlvarezCondarco2570","","LED 150W","Alvarez Condarco 2460","Pinar","Con base en buenas condiciones","Ana Celina Pozzi","2026-07-28 07:42:35","","","","Subterráneo","2026-07-28 07:37:13",""
"LedAlvarezCondarco2615","","LED 150W","Alvarez Condarco 2615","Pinar","Con base en buenas condiciones","Ana Celina Pozzi","2026-07-28 07:44:00","","","","Subterráneo","2026-07-28 07:37:37",""
"LedAlvarezCondarco2680","","LED 150W","Alvarez Condarco 2680","Pinar","Con base en buenas condiciones","Ana Celina Pozzi","2026-07-28 07:39:39","","","","Subterráneo","2026-07-28 07:38:37",""
"LedAlvarezCondarco2725","","LED 150W","Alvarez Condarco 2725","Pinar","Con base en buenas condiciones","Ana Celina Pozzi","2026-07-28 07:52:29","","","","Aéreo","2026-07-28 07:46:12",""
"LedAlvarezCondarco2780","","LED 150W","Alvarez Condarco 2780","Pinar","Con base en buenas condiciones","Ana Celina Pozzi","2026-07-28 07:52:40","","","","Aéreo","2026-07-28 07:46:33",""
"LedAlvarezCondarco2844","","LED 150W","Alvarez Condarco 2844","Pinar","Sin base","Ana Celina Pozzi","2026-07-28 07:52:48","","","","Aéreo","2026-07-28 07:47:00",""
"LedBaloni2880","","LED 150W","Baloni 2880","Pinar","Sin base","Ana Celina Pozzi","2026-07-28 07:53:22","","","","Aéreo","2026-07-28 07:47:34",""
"LedBaloni2827","","LED 150W","Baloni 2827","Pinar","Con base en buenas condiciones","Ana Celina Pozzi","2026-07-28 07:53:31","","","","Aéreo","2026-07-28 07:49:40",""
"LedBaloni2785","","LED 150W","Baloni 2785","Pinar","Con base en buenas condiciones","Ana Celina Pozzi","2026-07-28 07:50:29","","","","Aéreo","2026-07-28 07:50:08",""
"LedBaloni2710","","LED 150W","Baloni 2710","Pinar","Con base en buenas condiciones","Ana Celina Pozzi","2026-07-28 07:52:14","","","","Aéreo","2026-07-28 07:52:00",""
"LedBaloni2685","","LED 150W","Baloni 2685","Pinar","Con base en buenas condiciones","Ana Celina Pozzi","2026-07-28 07:54:54","","","","Aéreo","2026-07-28 07:54:54",""
"LedBaloni2630","","LED 150W","Baloni 2630","Pinar","Con base en buenas condiciones","Ana Celina Pozzi","2026-07-28 07:55:12","","","","Aéreo","2026-07-28 07:55:00",""
"LedBaloni2595","","LED 150W","Baloni 2595","Pinar","Sin base","Ana Celina Pozzi","2026-07-28 07:59:25","","","","Aéreo","2026-07-28 07:58:15",""
"LedBaloni2540","","LED 150W","Baloni 2540","Pinar","Sin base","Ana Celina Pozzi","2026-07-28 08:01:42","","","","Aéreo","2026-07-28 08:01:26",""
"LedBaloni2475","","LED 150W","Baloni 2475","Pinar","Sin base","Ana Celina Pozzi","2026-07-28 08:02:05","","","","Aéreo","2026-07-28 08:01:47",""
"LedBaloni2440","","LED 150W","Baloni 2440","Pinar","Con base en buenas condiciones","Ana Celina Pozzi","2026-07-28 08:03:01","","","","Aéreo","2026-07-28 08:02:33",""
"LedBaloni2370","","LED 150W","Baloni 2370","Pinar","Con base en buenas condiciones","Ana Celina Pozzi","2026-07-28 08:03:51","","","","Aéreo","2026-07-28 08:03:06",""
"LedBaloni2331","","LED 150W","Baloni 2331","Pinar","Con base en buenas condiciones","Ana Celina Pozzi","2026-07-28 08:04:10","","","","Aéreo","2026-07-28 08:03:56",""
"LedFochezatto2278","","LED 150W","Fochezatto 2278","Tropezon","Con base en buenas condiciones","DOMINGUEZ GRACIELA","2026-07-28 15:38:05","","","","Aéreo","2026-07-28 15:38:05",""
"LedFochezatto2220","","LED 150W","Fochezatto 2220","Tropezon","Con base en buenas condiciones","DOMINGUEZ GRACIELA","2026-07-28 15:39:51","","","","Aéreo","2026-07-28 15:39:51",""
"LedFochezatto2180","","LED 150W","Fochezatto 2180","Tropezon","Con base en buenas condiciones","DOMINGUEZ GRACIELA","2026-07-28 15:42:40","","","","Aéreo","2026-07-28 15:42:40",""
"LedFochezatto2135","","LED 150W","Fochezatto 2135","Tropezon","Con base en buenas condiciones","DOMINGUEZ GRACIELA","2026-07-28 15:43:52","","","","Aéreo","2026-07-28 15:43:52",""
"LedFochezatto2070","","LED 150W","Fochezatto 2070","Tropezon","Con base en buenas condiciones","DOMINGUEZ GRACIELA","2026-07-28 15:49:57","","","","Aéreo","2026-07-28 15:49:57",""
"LedFochezatto2015","","LED 150W","Fochezatto 2015","Tropezon","Con base en buenas condiciones","DOMINGUEZ GRACIELA","2026-07-28 15:52:25","","","","Aéreo","2026-07-28 15:52:25",""
"LedVirgenDeLujan2280","","LED 150W","Virgen De Lujan","Tropezon","Con base en buenas condiciones","DOMINGUEZ GRACIELA","2026-07-28 15:56:01","","","","Aéreo","2026-07-28 15:54:35",""
"LedVirgenDeLujan2225","","LED 150W","Virgen de Luján 2225","Tropezon","Con base en buenas condiciones","DOMINGUEZ GRACIELA","2026-07-28 15:57:34","","","","Aéreo","2026-07-28 15:57:34",""
"LedVirgenDeLujan2190","","LED 150W","Virgen de Luján 2090","Tropezon","Con base en buenas condiciones","DOMINGUEZ GRACIELA","2026-07-28 16:05:24","","","","Aéreo","2026-07-28 15:57:53",""
"LedVirgenDeLujan2135","","LED 150W","Virgen de Luján 2135","Tropezon","Con base en buenas condiciones","DOMINGUEZ GRACIELA","2026-07-28 16:06:58","","","","Aéreo","2026-07-28 16:06:58",""
"LedGuarumba1680","","LED 150W","Guarumba 1680","Tropezon","Con base en buenas condiciones","DOMINGUEZ GRACIELA","2026-07-28 16:11:59","","","","Aéreo","2026-07-28 16:08:19",""
"LedGuarumba1720","","LED 150W","Guarumba 1720","Tropezon","Con base en buenas condiciones","DOMINGUEZ GRACIELA","2026-07-28 16:15:34","","","","Aéreo","2026-07-28 16:15:34",""
"LedGuarumba1780","","LED 150W","Guarumba 1780","Tropezon","Con base en buenas condiciones","DOMINGUEZ GRACIELA","2026-07-28 16:17:20","","","","Aéreo","2026-07-28 16:17:20",""
"LedGuarumba1820","","LED 150W","Guarumba 1820","Tropezon","Con base en buenas condiciones","DOMINGUEZ GRACIELA","2026-07-28 16:18:55","","","","Aéreo","2026-07-28 16:18:55",""
"LedGuarumba1870","","LED 150W","Guarumba 1870","Tropezon","Con base en buenas condiciones","DOMINGUEZ GRACIELA","2026-07-28 16:19:55","","","","Aéreo","2026-07-28 16:19:55",""
"LedRepetto1923","","LED 150W","Repetto 1923","Tropezon","Con base en buenas condiciones","DOMINGUEZ GRACIELA","2026-07-28 16:21:29","","","","Aéreo","2026-07-28 16:21:29",""
"LedRepetto1955","","LED 150W","Repetto 1955","Tropezon","Con base en buenas condiciones","DOMINGUEZ GRACIELA","2026-07-28 16:22:37","","","","Aéreo","2026-07-28 16:22:37",""
"LedMFierro1520","True","LED 150W","M Fierro 1520","Tropezon","Con base en buenas condiciones","DOMINGUEZ GRACIELA","2026-07-28 17:37:13","","","","Aéreo","2026-07-28 17:37:13",""
"LedMFierro1570","True","LED 150W","M Fierro 1570","Tropezon","Con base en buenas condiciones","DOMINGUEZ GRACIELA","2026-07-28 17:38:47","","","","Aéreo","2026-07-28 17:38:47",""
"LedMFierro1630","","LED 150W","M Fierro 1630","Tropezon","Con base en buenas condiciones","DOMINGUEZ GRACIELA","2026-07-28 17:40:01","","","","Aéreo","2026-07-28 17:40:01",""
"LedMFierro1680","","LED 150W","M Fierro 1680","Tropezon","Con base en buenas condiciones","DOMINGUEZ GRACIELA","2026-07-28 17:43:53","","","","Aéreo","2026-07-28 17:41:20",""
"LedMFierro1720","","LED 150W","M Fierro 1720","Tropezon","Con base en buenas condiciones","DOMINGUEZ GRACIELA","2026-07-28 17:45:44","","","","Aéreo","2026-07-28 17:45:44",""
"LedMFierro1780","","LED 150W","M Fierro 1780","Tropezon","Con base en buenas condiciones","DOMINGUEZ GRACIELA","2026-07-28 17:46:51","","","","Aéreo","2026-07-28 17:46:51",""
"LedMFierro1820","","LED 150W","M Fierro 1820","Tropezon","Con base en buenas condiciones","DOMINGUEZ GRACIELA","2026-07-28 17:48:58","","","","Aéreo","2026-07-28 17:48:58",""
"LedMFierro1870","","LED 150W","M Fierro 1870","Tropezon","Con base en buenas condiciones","DOMINGUEZ GRACIELA","2026-07-28 17:50:32","","","","Aéreo","2026-07-28 17:50:32",""
"LedMFierro1910","","LED 150W","M Fierro 1910","Tropezon","Con base en buenas condiciones","DOMINGUEZ GRACIELA","2026-07-28 17:53:11","","","","Aéreo","2026-07-28 17:53:11",""
"LedMFierro1980","","LED 150W","M Fierro 1980","Tropezon","Con base en buenas condiciones","DOMINGUEZ GRACIELA","2026-07-28 17:54:24","","","","Aéreo","2026-07-28 17:54:24",""
"LedArroyo1","","LED 150W","Arroyo 1","Norte","Con base en buenas condiciones","DOMINGUEZ GRACIELA","2026-07-31 08:31:22","","","","Aéreo","2026-07-28 18:01:08",""
"LedArroyo2","","LED 150W","Arroyo 2","Norte","Con base en buenas condiciones","DOMINGUEZ GRACIELA","2026-07-31 08:29:58","","","","Aéreo","2026-07-28 18:02:37",""
"LedArroyo3","","LED 150W","Arroyo 3","Norte","Con base en buenas condiciones","DOMINGUEZ GRACIELA","2026-07-31 08:28:54","","","","Aéreo","2026-07-28 18:04:08",""
"LedUruguay1520","","LED 150W","Uruguay 1520","Tropezon","Con base en buenas condiciones","DOMINGUEZ GRACIELA","2026-07-29 13:30:32","","","","Aéreo","2026-07-29 13:30:32",""
"LedUruguay1550","","LED 150W","Uruguay 1550","Tropezon","Con base en buenas condiciones","DOMINGUEZ GRACIELA","2026-07-29 13:32:02","","","","Aéreo","2026-07-29 13:32:02",""
"LedUruguay1580","","LED 150W","Uruguay 1580","Tropezon","Con base en buenas condiciones","DOMINGUEZ GRACIELA","2026-07-29 13:33:29","","","","Aéreo","2026-07-29 13:33:29",""
"LedUruguay1610","","LED 150W","Uruguay 1610","Tropezon","Con base en buenas condiciones","DOMINGUEZ GRACIELA","2026-07-29 13:34:41","","","","Aéreo","2026-07-29 13:34:41",""
"LedUruguay1650","","LED 150W","Uruguay 1650","Tropezon","Con base en buenas condiciones","DOMINGUEZ GRACIELA","2026-07-29 13:35:55","","","","Aéreo","2026-07-29 13:35:55",""
"LedUruguay1720","","LED 150W","Uruguay 1720","Tropezon","Con base en buenas condiciones","DOMINGUEZ GRACIELA","2026-07-29 13:37:30","","","","Aéreo","2026-07-29 13:37:30",""
"LedUruguay1750","","LED 150W","Uruguay 1750","Tropezon","Con base en buenas condiciones","DOMINGUEZ GRACIELA","2026-07-31 08:02:32","","","","Aéreo","2026-07-29 13:38:39",""
"LedUruguay1780","","LED 150W","Uruguay 1780","Tropezon","Con base en buenas condiciones","DOMINGUEZ GRACIELA","2026-07-29 13:39:47","","","","Aéreo","2026-07-29 13:39:47",""
"LedVirgenDeLujan2085","","LED 150W","Virgen de Luján 2085","Tropezon","Con base en buenas condiciones","DOMINGUEZ GRACIELA","2026-07-29 13:48:32","","","","Aéreo","2026-07-29 13:48:32",""
"LedVirgenDeLujan2015","","LED 150W","Virgen de Luján 2015","Tropezon","Con base en buenas condiciones","DOMINGUEZ GRACIELA","2026-07-29 13:50:42","","","","Aéreo","2026-07-29 13:50:42",""
"LedVirgenDeLujan2080","","LED 150W","Virgen de Luján 2080","Tropezon","Con base en buenas condiciones","DOMINGUEZ GRACIELA","2026-07-29 13:51:49","","","","Aéreo","2026-07-29 13:51:49",""
"LedVirgenDeLujan1930","","LED 150W","Virgen de Luján 1930","Tropezon","Con base en buenas condiciones","DOMINGUEZ GRACIELA","2026-07-29 13:53:05","","","","Aéreo","2026-07-29 13:53:05",""
"LedGuemes3275","","LED 150W","Guemes 3275","San Jose Obrero","Con base en buenas condiciones","Emanuel Noriega Sosa","2026-07-29 18:51:37","","","","Aéreo","2026-07-29 18:48:54",""
"LedGuemes3220","","LED 150W","Guemes 3220","San Jose Obrero","Con base en buenas condiciones","Emanuel Noriega Sosa","2026-07-29 18:59:15","","","","Aéreo","2026-07-29 18:59:15",""
"LedGuemes3175","","LED 150W","Guemes 3175","San Jose Obrero","Con base en buenas condiciones","Emanuel Noriega Sosa","2026-07-29 19:11:01","","","","Aéreo","2026-07-29 19:00:24",""
"LedGuemes3120","","LED 150W","Guemes 3120","San Jose Obrero","Con base en buenas condiciones","Emanuel Noriega Sosa","2026-07-29 19:37:35","","","","Aéreo","2026-07-29 19:11:41",""
"LedGuemes3085","","LED 150W","Guemes 3085","San Jose Obrero","Sin base","Emanuel Noriega Sosa","2026-07-29 19:49:33","","","","Aéreo","2026-07-29 19:46:47",""
"LedGuemes3030","True","LED 150W","Guemes 3030","San Jose Obrero","Con base en buenas condiciones","Emanuel Noriega Sosa","2026-07-29 19:49:50","","","","Aéreo","2026-07-29 19:49:23",""
"LedAvAlmiranteBrown2310","","LED 150W","Av Almirante Brown 2310","Parque","Con base en malas condiciones","Ana Celina Pozzi","2026-07-30 07:35:14","","","","Aéreo","2026-07-30 07:32:52",""
"LedAvAlmiranteBrown2350","","LED 150W","Av Almirante Brown 2350","Parque","Con base en buenas condiciones","Ana Celina Pozzi","2026-07-30 07:35:58","","","","Aéreo","2026-07-30 07:35:27",""
"LedAvAlmiranteBrown2410","","LED 150W","Av Almirante Brown 2410","Parque","Con base en buenas condiciones","Ana Celina Pozzi","2026-07-30 07:37:00","","","","Aéreo","2026-07-30 07:36:34",""
"LedAvAlmiranteBrown2440","","LED 150W","Av Almirante Brown 2440","Parque","Con base en buenas condiciones","Ana Celina Pozzi","2026-07-30 07:38:06","","","","Aéreo","2026-07-30 07:37:31",""
"LedAvAlmiranteBrown2490","","LED 150W","Av Almirante Brown 2490","Parque","Con base en buenas condiciones","Ana Celina Pozzi","2026-07-30 07:38:27","","","","Aéreo","2026-07-30 07:38:12",""
"LedAvAlmiranteBrown2580","","LED 150W","Av Almirante Brown 2580","Parque","Con base en buenas condiciones","Ana Celina Pozzi","2026-07-30 07:39:54","","","","Aéreo","2026-07-30 07:39:32",""
"LedAvAlmiranteBrown2610","","LED 150W","Av Almirante Brown 2610","Parque","Con base en buenas condiciones","Ana Celina Pozzi","2026-07-30 07:40:43","","","","Aéreo","2026-07-30 07:40:02",""
"LedAvAlmiranteBrown2650","","LED 150W","Av Almirante Brown 2650","Parque","Con base en buenas condiciones","Ana Celina Pozzi","2026-07-30 07:41:28","","","","Aéreo","2026-07-30 07:40:48",""
"LedAvAlmiranteBrown2670","","LED 150W","Av Almirante Brown 2670","Parque","Sin base","Ana Celina Pozzi","2026-07-30 07:42:25","","","","Aéreo","2026-07-30 07:41:48",""
"LedAvAlmiranteBrown2736","","LED 150W","Av Almirante Brown 2736","Parque","Sin base","Ana Celina Pozzi","2026-07-30 08:15:55","","","","Aéreo","2026-07-30 07:42:31",""
"LedAvAlmiranteBrown2700","","LED 150W","Av Almirante Brown 2700","Parque","Sin base","Ana Celina Pozzi","2026-07-30 07:43:05","","","","Aéreo","2026-07-30 07:43:05",""
"LedAvAlmiranteBrown2750","","LED 150W","Av Almirante Brown 2750","Los Lapachos","Con base en buenas condiciones","Ana Celina Pozzi","2026-08-26 10:18:56","","","","Aéreo","2026-07-30 08:16:04",""
"LedAvAlmiranteBrown2790","","LED 150W","Av Almirante Brown 2790","Los Lapachos","Con base en buenas condiciones","Ana Celina Pozzi","2026-08-26 10:19:25","","","","Aéreo","2026-07-30 08:17:22",""
"LedAvAlmiranteBrown2864","","LED 150W","Av Almirante Brown 2864","Los Lapachos","Con base en buenas condiciones","Ana Celina Pozzi","2026-08-26 10:19:44","","","","Aéreo","2026-07-30 08:17:47",""
"Led26deSeptiembre20","","LED 150W","26 de Septiembre 20","Pinar","Con base en buenas condiciones","Ana Celina Pozzi","2026-07-30 08:40:02","","","","Aéreo","2026-07-30 08:33:27",""
"Led26deSeptiembre70","","LED 150W","26 de Septiembre 70","Pinar","Con base en buenas condiciones","Ana Celina Pozzi","2026-08-26 08:51:03","","","","Aéreo","2026-07-30 08:52:52",""
"LedVirgenPeregrina2580","","LED 150W","Virgen Peregrina 2580","Pinar","Con base en buenas condiciones","Ana Celina Pozzi","2026-07-30 09:04:16","","","","Aéreo","2026-07-30 09:03:28",""
"LedVirgenPeregrina2560","","LED 150W","Virgen Peregrina 2560","Pinar","Con base en buenas condiciones","Ana Celina Pozzi","2026-07-30 09:05:59","","","","Aéreo","2026-07-30 09:05:29",""
"LedVirgenPeregrina2480","","LED 150W","Virgen Peregrina 2480","Pinar","Con base en buenas condiciones","Ana Celina Pozzi","2026-07-30 09:07:24","","","","Aéreo","2026-07-30 09:07:06",""
"LedVirgenPeregrina2435","","LED 150W","Virgen Peregrina 2435","Pinar","Con base en buenas condiciones","Ana Celina Pozzi","2026-07-30 09:07:51","","","","Aéreo","2026-07-30 09:07:27",""
"LedChaco2340","","LED 150W","Chaco 2340","Aero Club","Sin base","Ana Celina Pozzi","2026-07-30 11:33:03","","","","Aéreo","2026-07-30 10:08:29",""
"LedChaco2375","","LED 150W","Chaco 2375","Aero Club","Con base en buenas condiciones","Ana Celina Pozzi","2026-07-30 11:33:21","","","","Aéreo","2026-07-30 10:08:36",""
"LedGuemes3550","","LED 150W","Guemes 3550","Aero Club","Con base en buenas condiciones","Ana Celina Pozzi","2026-07-30 11:33:27","","","","Aéreo","2026-07-30 10:10:46",""
"LedGuemes2985","","LED 150W","Guemes 2985","San Jose Obrero","Con base en buenas condiciones","Emanuel Noriega Sosa","2026-07-30 10:29:52","","","","Aéreo","2026-07-30 10:27:18",""
"LedGuemes2910","","LED 150W","Guemes 2910","San Jose Obrero","Con base en buenas condiciones","Emanuel Noriega Sosa","2026-07-30 10:36:27","","","","Aéreo","2026-07-30 10:30:53",""
"LedGuemes2865","","LED 150W","Guemes 2865","San Jose Obrero","Con base en buenas condiciones","Emanuel Noriega Sosa","2026-07-30 10:47:34","","","","Aéreo","2026-07-30 10:46:31",""
"LedGuemes2820","","LED 150W","Guemes 2820","San Jose Obrero","Con base en buenas condiciones","Emanuel Noriega Sosa","2026-07-30 11:00:48","","","","Aéreo","2026-07-30 10:59:30",""
"LedGuemes2785","","LED 150W","Guemes 2785","San Jose Obrero","Con base en buenas condiciones","Emanuel Noriega Sosa","2026-07-30 11:38:07","","","","Aéreo","2026-07-30 11:01:09",""
"LedAv28deMayo2520","","LED 150W","Av 28 de Mayo 2520","Aero Club","Con base en buenas condiciones","Ana Celina Pozzi","2026-07-30 17:38:08","","","","Aéreo","2026-07-30 16:48:06",""
"LedAv28deMayo2515","","LED 150W","Av 28 de Mayo 2515","Aero Club","Con base en buenas condiciones","Ana Celina Pozzi","2026-07-30 17:38:23","","","","Subterráneo","2026-07-30 16:49:06",""
"LedAv28deMayo2550","","LED 150W","Av 28 de Mayo 2550","Aero Club","Con base en buenas condiciones","Ana Celina Pozzi","2026-07-30 17:39:18","","","","Aéreo","2026-07-30 16:49:48",""
"LedAv28deMayo2580","","LED 150W","Av 28 de Mayo 2580","Aero Club","Con base en buenas condiciones","Ana Celina Pozzi","2026-07-30 17:39:30","","","","Aéreo","2026-07-30 16:50:24",""
"LedAv28deMayo2596","","LED 150W","Av 28 de Mayo 2596","Aero Club","Con base en buenas condiciones","Ana Celina Pozzi","2026-07-30 17:39:37","","","","Aéreo","2026-07-30 16:50:53",""
"LedAv28deMayo2688","","LED 150W","Av 28 de Mayo 2688","Aero Club","Con base en buenas condiciones","Ana Celina Pozzi","2026-07-30 17:39:43","","","","Subterráneo","2026-07-30 16:51:55",""
"LedAv28deMayo2690","","LED 150W","Av 28 de Mayo 2690","Aero Club","Con base en buenas condiciones","Ana Celina Pozzi","2026-07-30 17:39:55","","","","Subterráneo","2026-07-30 16:53:15",""
"LedAv28deMayo2694","","LED 150W","Av 28 de Mayo 2694","Aero Club","Con base en buenas condiciones","Ana Celina Pozzi","2026-07-30 17:40:01","","","","Subterráneo","2026-07-30 16:54:06",""
"LedAv28deMayo2698","","LED 150W","Av 28 de Mayo 2698","Aero Club","Con base en buenas condiciones","Ana Celina Pozzi","2026-07-30 17:40:10","","","","Subterráneo","2026-07-30 16:54:34",""
"LedAvAlem2120","","LED 150W","Av Alem 2120","Aero Club","Sin base","Ana Celina Pozzi","2026-07-30 17:40:17","","","","Subterráneo","2026-07-30 17:26:46",""
"LedAvAlem2115","","LED 150W","Av Alem 2115","San Isidro","Con base en buenas condiciones","Ana Celina Pozzi","2026-07-30 17:28:22","","","","Subterráneo","2026-07-30 17:27:49",""
"LedAvAlem2140","","LED 150W","Av Alem 2140","Aero Club","Con base en buenas condiciones","Ana Celina Pozzi","2026-07-30 17:40:25","","","","Subterráneo","2026-07-30 17:29:07",""
"LedAvAlem2190","","LED 150W","Av Alem 2190","Aero Club","Con base en buenas condiciones","Ana Celina Pozzi","2026-07-30 17:46:23","","","","Subterráneo","2026-07-30 17:45:58",""
"LedAvAlem2196","","LED 150W","Av Alem 2196","Aero Club","Con base en buenas condiciones","Ana Celina Pozzi","2026-07-30 17:48:52","","","","Subterráneo","2026-07-30 17:48:32",""
"LedAvAlem2240","","LED 150W","Av Alem 2240","Aero Club","Con base en buenas condiciones","Ana Celina Pozzi","2026-07-30 17:52:27","","","","Subterráneo","2026-07-30 17:51:18",""
"LedAvAlem2290","","LED 150W","Av Alem 2290","Aero Club","Con base en buenas condiciones","Ana Celina Pozzi","2026-07-30 17:52:50","","","","Subterráneo","2026-07-30 17:52:31",""
"LedAvPadreGalay2350","","LED 150W","Av Padre Galay 2350","Aero Club","Con base en buenas condiciones","Ana Celina Pozzi","2026-07-31 07:54:13","","","","Subterráneo","2026-07-30 18:01:56",""
"LedAvPadreGalay2355","","LED 150W","Av Padre Galay 2355","Aero Club","Con base en buenas condiciones","Ana Celina Pozzi","2026-07-31 07:54:20","","","","Subterráneo","2026-07-30 18:07:35",""
"LedAvPadreGalay2360","","LED 150W","Av Padre Galay 2360","Aero Club","Con base en buenas condiciones","Ana Celina Pozzi","2026-07-31 07:54:26","","","","Subterráneo","2026-07-30 18:08:11",""
"LedAvPadreGalay2365","","LED 150W","Av Padre Galay 2365","Aero Club","Con base en buenas condiciones","Ana Celina Pozzi","2026-07-31 07:54:32","","","","Subterráneo","2026-07-30 18:08:48",""
"LedAvPadreGalay2370","","LED 150W","Av Padre Galay 2370","Aero Club","Con base en buenas condiciones","Ana Celina Pozzi","2026-07-31 07:54:39","","","","Subterráneo","2026-07-30 18:09:27",""
"LedAvPadreGalay2375","","LED 150W","Av Padre Galay 2375","Aero Club","Con base en buenas condiciones","Ana Celina Pozzi","2026-07-31 07:54:58","","","","Subterráneo","2026-07-30 18:09:52",""
"LedAvPadreGalay2380","","LED 150W","Av Padre Galay 2380","Aero Club","Con base en buenas condiciones","Ana Celina Pozzi","2026-07-31 07:55:06","","","","Subterráneo","2026-07-30 18:10:28",""
"LedAvPadreGalay2385","","LED 150W","Av Padre Galay 2385","Aero Club","Con base en buenas condiciones","Ana Celina Pozzi","2026-07-31 07:55:15","","","","Subterráneo","2026-07-30 18:11:03",""
"LedAvPadreGalay2390","","LED 150W","Av Padre Galay 2390","Aero Club","Con base en buenas condiciones","Ana Celina Pozzi","2026-07-31 07:55:22","","","","Subterráneo","2026-07-30 18:11:44",""
"LedAvPadreGalay2395","","LED 150W","Av Padre Galay 2395","Aero Club","Con base en buenas condiciones","Ana Celina Pozzi","2026-07-31 07:55:28","","","","Subterráneo","2026-07-30 18:12:10",""
"LedAvPadreGalay2400","","LED 150W","Av Padre Galay 2400","Aero Club","Con base en buenas condiciones","Ana Celina Pozzi","2026-07-31 07:55:37","","","","Subterráneo","2026-07-30 18:12:48",""
"LedAvPadreGalay2405","","LED 150W","Av Padre Galay 2405","Aero Club","Con base en buenas condiciones","Ana Celina Pozzi","2026-07-31 07:55:46","","","","Subterráneo","2026-07-30 18:13:34",""
"LedAvPadreGalay2410","","LED 150W","Av Padre Galay 2410","Aero Club","Con base en buenas condiciones","Ana Celina Pozzi","2026-07-31 07:55:51","","","","Subterráneo","2026-07-30 18:13:58",""
"LedAvPadreGalay2415","","LED 150W","Av Padre Galay 2415","Aero Club","Con base en buenas condiciones","Ana Celina Pozzi","2026-07-31 07:55:56","","","","Subterráneo","2026-07-30 18:14:40",""
"LedAvPadreGalay2420","","LED 150W","Av Padre Galay 2420","Aero Club","Con base en buenas condiciones","Ana Celina Pozzi","2026-07-31 07:56:02","","","","Subterráneo","2026-07-30 18:16:57",""
"LedAvPadreGalay2425","","LED 150W","Av Padre Galay 2425","Aero Club","Con base en buenas condiciones","Ana Celina Pozzi","2026-07-31 07:56:09","","","","Subterráneo","2026-07-30 18:17:24",""
"LedAvPadreGalay2435","","LED 150W","Av Padre Galay 2435","Aero Club","Con base en buenas condiciones","Ana Celina Pozzi","2026-07-31 07:56:17","","","","Subterráneo","2026-07-30 18:17:45",""
"LedAvPadreGalay2430","","LED 150W","Av Padre Galay 2430","Aero Club","Con base en buenas condiciones","Ana Celina Pozzi","2026-07-31 07:56:21","","","","Subterráneo","2026-07-30 18:18:40",""
"LedAvPadreGalay2440","","LED 150W","Av Padre Galay 2440","Aero Club","Con base en buenas condiciones","Ana Celina Pozzi","2026-07-31 07:56:35","","","","Subterráneo","2026-07-30 18:19:14",""
"LedAvPadreGalay2445","","LED 150W","Av Padre Galay 2445","Aero Club","Con base en buenas condiciones","Ana Celina Pozzi","2026-07-31 07:56:45","","","","Subterráneo","2026-07-30 18:21:00",""
"LedAvPadreGalay2450","","LED 150W","Av Padre Galay 2450","Aero Club","Con base en buenas condiciones","Ana Celina Pozzi","2026-07-31 07:57:05","","","","Subterráneo","2026-07-30 18:21:32",""
"LedAvPadreGalay2455","","LED 150W","Av Padre Galay 2455","Aero Club","Con base en buenas condiciones","Ana Celina Pozzi","2026-07-31 07:57:12","","","","Subterráneo","2026-07-30 18:21:55",""
"LedGuemes2720","True","LED 150W","Guemes 2720","San Jose Obrero","Sin base","Emanuel Noriega Sosa","2026-07-31 08:05:51","","","","Aéreo","2026-07-31 08:04:08",""
"LedRocamora2715","","LED 150W","Rocamora 2715","San Jose Obrero","Sin base","Emanuel Noriega Sosa","2026-07-31 08:08:25","","","","Aéreo","2026-07-31 08:06:55",""
"LedSalta2115","","LED 150W","Salta 2115","Tropezon","Con base en buenas condiciones","Alejandro Saposnik","2026-07-31 08:11:55","","","","Aéreo","2026-07-31 08:11:26",""
"LedUruguay1690","","LED 150W","Uruguay 1690","Tropezon","Con base en buenas condiciones","Alejandro Saposnik","2026-07-31 08:21:00","","","","Aéreo","2026-07-31 08:20:38",""
"LedRocamora2765","","LED 150W","Rocamora 2765","San Jose Obrero","Con base en malas condiciones","Emanuel Noriega Sosa","2026-07-31 08:33:56","","","","Aéreo","2026-07-31 08:33:11",""
"LedAv1roDeMayo3690","","LED 150W","Av 1ro de Mayo 3690","Aero Club","Con base en buenas condiciones","DOMINGUEZ GRACIELA","2026-08-04 10:16:09","","","","Aéreo","2026-08-03 08:16:49",""
"LedAv1roDeMayo3650","","LED 150W","Av 1ro de Mayo 3650","Aero Club","Con base en buenas condiciones","DOMINGUEZ GRACIELA","2026-08-04 10:16:23","","","","Aéreo","2026-08-03 08:21:16",""
"LedAv1roDeMayo3570","","LED 150W","Av 1ro de Mayo 3570","Aero Club","Con base en buenas condiciones","DOMINGUEZ GRACIELA","2026-08-04 10:15:55","","","","Aéreo","2026-08-03 08:25:28",""
"LedAv1roDeMayo3520","","LED 150W","Av 1ro de Mayo 3520","Aero Club","Con base en buenas condiciones","DOMINGUEZ GRACIELA","2026-08-04 10:16:31","","","","Aéreo","2026-08-03 08:29:30",""
"LedAv1roDeMayo3480","","LED 150W","Av 1ro de Mayo 3480","Aero Club","Con base en buenas condiciones","DOMINGUEZ GRACIELA","2026-08-04 10:16:55","","","","Aéreo","2026-08-03 08:32:54",""
"LedAv1roDeMayo3442","","LED 150W","Av 1ro de Mayo 3442","Aero Club","Con base en buenas condiciones","DOMINGUEZ GRACIELA","2026-08-04 10:17:03","","","","Aéreo","2026-08-03 08:38:31",""
"LedAv1roDeMayo3360","","LED 150W","Av 1ro de Mayo 3360","Aero Club","Con base en buenas condiciones","DOMINGUEZ GRACIELA","2026-08-04 10:17:11","","","","Aéreo","2026-08-03 08:41:18",""
"LedAv1roDeMayo3310","","LED 150W","Av 1ro de Mayo 3310","Aero Club","Con base en buenas condiciones","DOMINGUEZ GRACIELA","2026-08-04 10:17:17","","","","Aéreo","2026-08-03 08:44:07",""
"LedAvSiburu2375","","LED 150W","Av Siburu 2375","San Jose Obrero","Con base en buenas condiciones","DOMINGUEZ GRACIELA","2026-08-04 07:57:16","","","","Subterráneo","2026-08-03 09:11:09",""
"LedAvSiburu2425","","LED 150W","Av Siburu 2425","Aero Club","Con base en buenas condiciones","DOMINGUEZ GRACIELA","2026-08-03 09:18:38","","","","Subterráneo","2026-08-03 09:18:38",""
"LedAvSiburu2445","","LED 150W","Av Siburu 2445","Aero Club","Con base en buenas condiciones","DOMINGUEZ GRACIELA","2026-08-03 09:29:33","","","","Subterráneo","2026-08-03 09:29:33",""
"LedGuemes2299","","LED 150W","Guemes 2409","Pinar","Con base en buenas condiciones","Ana Celina Pozzi","2026-08-03 17:13:59","","","","Aéreo","2026-08-03 17:13:59",""
"LedTratadodelPilar2205","","LED 150W","Tratado del Pilar 2205","Pinar","Con base en buenas condiciones","Ana Celina Pozzi","2026-08-03 17:18:05","","","","Aéreo","2026-08-03 17:17:58",""
"LedTratadodelPilar2240","","LED 150W","Tratado del Pilar 2240","Pinar","Con base en buenas condiciones","Ana Celina Pozzi","2026-08-03 17:18:45","","","","Aéreo","2026-08-03 17:18:25",""
"LedTratadodelPilar2285","","LED 150W","Tratado del Pilar 2285","Pinar","Con base en buenas condiciones","Ana Celina Pozzi","2026-08-03 17:19:14","","","","Aéreo","2026-08-03 17:18:56",""
"LedTratadodelPilar2320","","LED 150W","Tratado del Pilar 2320","Pinar","Con base en buenas condiciones","Ana Celina Pozzi","2026-08-03 17:19:43","","","","Aéreo","2026-08-03 17:19:23",""
"LedTratadodelPilar2424","","LED 150W","Tratado del Pilar 2424","Pinar","Con base en buenas condiciones","Ana Celina Pozzi","2026-08-03 17:20:18","","","","Aéreo","2026-08-03 17:19:48",""
"LedTratadodelPilar2469","","LED 150W","Tratado del Pilar 2469","Pinar","Con base en buenas condiciones","Ana Celina Pozzi","2026-08-03 17:20:58","","","","Aéreo","2026-08-03 17:20:32",""
"LedTratadodelPilar2575","","LED 150W","Tratado del Pilar 2575","Pinar","Con base en buenas condiciones","Ana Celina Pozzi","2026-08-03 17:22:12","","","","Aéreo","2026-08-03 17:21:08",""
"LedTratadodelPilar2525","","LED 150W","Tratado del Pilar 2525","Pinar","Con base en buenas condiciones","Ana Celina Pozzi","2026-08-03 17:21:33","","","","Aéreo","2026-08-03 17:21:33",""
"LedTratadodelPilar2630","","LED 150W","Tratado del Pilar 2630","Pinar","Con base en buenas condiciones","Ana Celina Pozzi","2026-08-03 17:22:36","","","","Aéreo","2026-08-03 17:22:17",""
"LedTratadodelPilar2685","","LED 150W","Tratado del Pilar 2685","Pinar","Con base en buenas condiciones","Ana Celina Pozzi","2026-08-03 17:22:56","","","","Aéreo","2026-08-03 17:22:40",""
"LedCepeda2685","","LED 150W","Cepeda 2685","Pinar","Con base en buenas condiciones","Ana Celina Pozzi","2026-08-03 17:25:35","","","","Aéreo","2026-08-03 17:25:35",""
"LedCepeda2585","","LED 150W","Cepeda 2585","Pinar","Con base en buenas condiciones","Ana Celina Pozzi","2026-08-03 17:27:46","","","","Aéreo","2026-08-03 17:25:39",""
"LedCepeda2625","True","LED 150W","Cepeda 2625","Pinar","Con base en buenas condiciones","Ana Celina Pozzi","2026-08-03 17:28:19","","","","Aéreo","2026-08-03 17:26:12",""
"LedCepeda2545","","LED 150W","Cepeda 2545","Pinar","Con base en buenas condiciones","Ana Celina Pozzi","2026-08-14 09:53:17","","","","Aéreo","2026-08-03 17:27:50",""
"LedCepeda2515","","LED 150W","Cepeda 2515","Pinar","Con base en buenas condiciones","Ana Celina Pozzi","2026-08-03 17:29:21","","","","Aéreo","2026-08-03 17:29:21",""
"LedCepeda2485","","LED 150W","Cepeda 2485","Pinar","Con base en buenas condiciones","Ana Celina Pozzi","2026-08-03 17:30:09","","","","Aéreo","2026-08-03 17:29:49",""
"LedCepeda2425","","LED 150W","Cepeda 2425","Pinar","Con base en buenas condiciones","Ana Celina Pozzi","2026-08-03 17:30:25","","","","Aéreo","2026-08-03 17:30:13",""
"LedCepeda2375","","LED 150W","Cepeda 2375","Pinar","Con base en buenas condiciones","Ana Celina Pozzi","2026-08-03 17:30:48","","","","Aéreo","2026-08-03 17:30:29",""
"LedCepeda2330","","LED 150W","Cepeda 2330","Pinar","Con base en buenas condiciones","Ana Celina Pozzi","2026-08-03 17:31:10","","","","Aéreo","2026-08-03 17:30:52",""
"LedCepeda2285","","LED 150W","Cepeda 2285","Pinar","Con base en buenas condiciones","Ana Celina Pozzi","2026-08-03 17:31:49","","","","Aéreo","2026-08-03 17:31:22",""
"LedCepeda2250","","LED 150W","Cepeda 2250","Pinar","Con base en buenas condiciones","Ana Celina Pozzi","2026-08-03 17:32:19","","","","Aéreo","2026-08-03 17:31:59",""
"LedCepeda2205","","LED 150W","Cepeda 2205","Pinar","Sin base","Ana Celina Pozzi","2026-08-03 17:32:44","","","","Aéreo","2026-08-03 17:32:22",""
"LedAv1roDeMayo3980","","LED 150W","Av 1ro de Mayo 3980","Aero Club","Con base en buenas condiciones","DOMINGUEZ GRACIELA","2026-08-05 09:14:53","","","","Aéreo","2026-08-04 12:43:57",""
"LedAv1roDeMayo3940","","LED 150W","Av 1ro de Mayo 3940","Aero Club","Con base en buenas condiciones","DOMINGUEZ GRACIELA","2026-08-05 09:18:56","","","","Aéreo","2026-08-04 12:45:38",""
"LedAv1roDeMayo3920","","LED 150W","Av 1ro de Mayo 3920","Aero Club","Con base en buenas condiciones","DOMINGUEZ GRACIELA","2026-08-05 09:20:45","","","","Aéreo","2026-08-04 12:47:12",""
"LedAv1roDeMayo3890","","LED 150W","Av 1ro de Mayo 3890","Aero Club","Con base en buenas condiciones","DOMINGUEZ GRACIELA","2026-08-05 09:18:06","","","","Aéreo","2026-08-04 12:48:34",""
"LedAv1roDeMayo3820","","LED 150W","Av 1ro de Mayo 3820","Aero Club","Con base en buenas condiciones","DOMINGUEZ GRACIELA","2026-08-05 09:17:56","","","","Aéreo","2026-08-04 12:50:00",""
"LedAv1roDeMayo3770","","LED 150W","Av 1ro de Mayo 3770","Aero Club","Con base en buenas condiciones","DOMINGUEZ GRACIELA","2026-08-05 09:17:18","","","","Aéreo","2026-08-04 12:51:24",""
"LedAv1roDeMayo3740","","LED 150W","Av 1ro de Mayo 3740","Aero Club","Con base en buenas condiciones","DOMINGUEZ GRACIELA","2026-08-05 09:16:52","","","","Aéreo","2026-08-04 12:53:27",""
"LedAv1roDeMayo3710","","LED 150W","Av 1ro de Mayo 3710","Aero Club","Con base en buenas condiciones","DOMINGUEZ GRACIELA","2026-08-05 09:16:35","","","","Aéreo","2026-08-04 12:54:43",""
"LedUdine1","","LED 150W","Udine 1","Las 14","Con base en buenas condiciones","DOMINGUEZ GRACIELA","2026-08-11 13:47:52","","","","Aéreo","2026-08-04 12:57:11",""
"LedUdine2","","LED 150W","Udine 2","Las 14","Con base en buenas condiciones","DOMINGUEZ GRACIELA","2026-08-11 13:15:18","","","","Aéreo","2026-08-04 12:58:37",""
"LedUdine3","","LED 150W","Udine 3","Las 14","Con base en buenas condiciones","DOMINGUEZ GRACIELA","2026-08-11 13:49:05","","","","Aéreo","2026-08-04 13:01:33",""
"LedUdine4","","LED 150W","Udine 4","Las 14","Con base en buenas condiciones","DOMINGUEZ GRACIELA","2026-08-11 13:50:04","","","","Aéreo","2026-08-04 13:03:06",""
"LedUdine5","","LED 150W","Udine 5","Las 14","Con base en buenas condiciones","DOMINGUEZ GRACIELA","2026-08-11 13:50:57","","","","Aéreo","2026-08-04 13:04:47",""
"LedUdine6","","LED 150W","Udine 6","Las 14","Con base en buenas condiciones","DOMINGUEZ GRACIELA","2026-08-11 13:56:07","","","","Aéreo","2026-08-04 13:06:51",""
"LedUdine7","","LED 150W","Udine 7","Las 14","Con base en buenas condiciones","DOMINGUEZ GRACIELA","2026-08-11 13:52:35","","","","Aéreo","2026-08-04 13:08:22",""
"LedUdine8","","LED 150W","Udine 8","Las 14","Con base en buenas condiciones","DOMINGUEZ GRACIELA","2026-08-11 13:53:29","","","","Aéreo","2026-08-04 13:15:35",""
"LedUdine9","","LED 150W","Udine 9","Las 14","Con base en buenas condiciones","DOMINGUEZ GRACIELA","2026-08-11 13:57:00","","","","Aéreo","2026-08-04 13:17:11",""
"LedUdine10","","LED 150W","Udine 10","Las 14","Con base en buenas condiciones","DOMINGUEZ GRACIELA","2026-08-11 13:55:21","","","","Aéreo","2026-08-04 13:18:36",""
"LedUdine11","","LED 150W","Udine 11","Las 14","Con base en buenas condiciones","DOMINGUEZ GRACIELA","2026-08-06 18:14:34","","","","Aéreo","2026-08-04 13:24:33",""
"LedBerta1","","LED 150W","Berta 1","Las 14","Con base en buenas condiciones","DOMINGUEZ GRACIELA","2026-08-04 13:29:37","","","","Aéreo","2026-08-04 13:29:37",""
"LedBerta2","","LED 150W","Berta 2","Las 14","Con base en buenas condiciones","DOMINGUEZ GRACIELA","2026-08-04 13:31:35","","","","Aéreo","2026-08-04 13:31:35",""
"LedBerta3","","LED 150W","Berta3","Las 14","Con base en buenas condiciones","DOMINGUEZ GRACIELA","2026-08-04 13:32:54","","","","Aéreo","2026-08-04 13:32:54",""
"LedBerta4","","LED 150W","Berta 4","Las 14","Con base en buenas condiciones","DOMINGUEZ GRACIELA","2026-08-04 13:34:33","","","","Aéreo","2026-08-04 13:34:33",""
"LedBerta5","","LED 150W","Berta 5","Las 14","Con base en buenas condiciones","DOMINGUEZ GRACIELA","2026-08-04 13:35:41","","","","Aéreo","2026-08-04 13:35:41",""
"LedCaprotti1","","LED 150W","Caprotti 1","Las 14","Con base en buenas condiciones","DOMINGUEZ GRACIELA","2026-08-04 13:43:45","","","","Aéreo","2026-08-04 13:43:45",""
"LedCaprotti2","","LED 150W","Caprotti 2","Las 14","Con base en buenas condiciones","DOMINGUEZ GRACIELA","2026-08-04 13:45:15","","","","Aéreo","2026-08-04 13:45:15",""
"LedCaprotti3","","LED 150W","Caprotti 3","Las 14","Con base en buenas condiciones","DOMINGUEZ GRACIELA","2026-08-04 13:46:38","","","","Aéreo","2026-08-04 13:46:38",""
"LedCaprotti4","","LED 150W","Caprotti 4","Las 14","Con base en buenas condiciones","DOMINGUEZ GRACIELA","2026-08-04 13:47:45","","","","Aéreo","2026-08-04 13:47:45",""
"LedCaprotti5","","LED 150W","Caprotti 5","Las 14","Con base en buenas condiciones","DOMINGUEZ GRACIELA","2026-08-04 13:48:55","","","","Aéreo","2026-08-04 13:48:55",""
"LedRocamora2805","","LED 150W","Rocamora 2805","San Jose Obrero","Con base en buenas condiciones","Emanuel Noriega Sosa","2026-08-04 16:41:55","","","","Aéreo","2026-08-04 16:41:55",""
"LedRocamora2885","","LED 150W","Rocamora 2885","San Jose Obrero","Sin base","Emanuel Noriega Sosa","2026-08-04 16:47:52","","","","Aéreo","2026-08-04 16:47:52",""
"LedRocamora2925","","LED 150W","Rocamora 2925","San Jose Obrero","Con base en buenas condiciones","Emanuel Noriega Sosa","2026-08-04 16:49:49","","","","Aéreo","2026-08-04 16:48:10",""
"LedRocamora2985","","LED 150W","Rocamora 2985","San Jose Obrero","Con base en buenas condiciones","Emanuel Noriega Sosa","2026-08-04 16:51:26","","","","Aéreo","2026-08-04 16:51:26",""
"LedRocamora3033","","LED 150W","Rocamora 3033","San Jose Obrero","Con base en buenas condiciones","Emanuel Noriega Sosa","2026-08-04 16:54:06","","","","Aéreo","2026-08-04 16:54:06",""
"LedRocamora3080","","LED 150W","Rocamora 3080","San Jose Obrero","Con base en buenas condiciones","Emanuel Noriega Sosa","2026-08-04 16:55:13","","","","Aéreo","2026-08-04 16:55:13",""
"LedRocamora3155","","LED 150W","Rocamora 3155","San Jose Obrero","Con base en buenas condiciones","Emanuel Noriega Sosa","2026-08-04 16:56:14","","","","Aéreo","2026-08-04 16:56:14",""
"LedRocamora3180","","LED 150W","Rocamora 3180","San Jose Obrero","Con base en buenas condiciones","Emanuel Noriega Sosa","2026-08-04 16:59:34","","","","Aéreo","2026-08-04 16:57:02",""
"LedRocamora3225","","LED 150W","Rocamora 3225","San Jose Obrero","Con base en buenas condiciones","Emanuel Noriega Sosa","2026-08-04 17:02:39","","","","Aéreo","2026-08-04 17:02:10",""
"LedRocamora3286","","LED 150W","Rocamora 3286","San Jose Obrero","Con base en buenas condiciones","Emanuel Noriega Sosa","2026-08-04 17:03:34","","","","Aéreo","2026-08-04 17:03:26",""
"LedCepeda2975","","LED 150W","Cepeda 2975","San Jose Obrero","Con base en buenas condiciones","Emanuel Noriega Sosa","2026-08-04 17:26:49","","","","Aéreo","2026-08-04 17:21:38",""
"LedCepeda2935","","LED 150W","Cepeda 2935","San Jose Obrero","Con base en buenas condiciones","Emanuel Noriega Sosa","2026-08-04 17:26:29","","","","Aéreo","2026-08-04 17:26:29",""
"LedCepeda2836","","LED 150W","Cepeda 2836","San Jose Obrero","Con base en buenas condiciones","Emanuel Noriega Sosa","2026-08-04 17:29:01","","","","Aéreo","2026-08-04 17:29:01",""
"LedCepeda2825","","LED 150W","Cepeda 2825","San Jose Obrero","Con base en buenas condiciones","Emanuel Noriega Sosa","2026-08-04 17:30:55","","","","Aéreo","2026-08-04 17:29:52",""
"LedCepeda2775","","LED 150W","Cepeda 2775","San Jose Obrero","Con base en buenas condiciones","Emanuel Noriega Sosa","2026-08-04 17:32:32","","","","Aéreo","2026-08-04 17:32:32",""
"LedCepeda2725","","LED 150W","Cepeda 2725","San Jose Obrero","Sin base","Emanuel Noriega Sosa","2026-08-04 17:36:17","","","","Aéreo","2026-08-04 17:33:48",""
"LedCepeda3025","","LED 150W","Cepeda 3025","San Jose Obrero","Con base en buenas condiciones","Emanuel Noriega Sosa","2026-08-04 17:36:05","","","","Aéreo","2026-08-04 17:36:05",""
"LedCepeda3074","","LED 150W","Cepeda 3074","San Jose Obrero","Con base en buenas condiciones","Emanuel Noriega Sosa","2026-08-04 17:38:25","","","","Aéreo","2026-08-04 17:36:54",""
"LedCepeda3115","","LED 150W","Cepeda 3115","San Jose Obrero","Con base en buenas condiciones","Emanuel Noriega Sosa","2026-08-04 17:39:39","","","","Aéreo","2026-08-04 17:39:39",""
"LedCepeda3210","","LED 150W","Cepeda 3210","San Jose Obrero","Con base en buenas condiciones","Emanuel Noriega Sosa","2026-08-04 17:41:02","","","","Aéreo","2026-08-04 17:41:02",""
"LedCepeda3280","","LED 150W","Cepeda 3280","San Jose Obrero","Con base en buenas condiciones","Emanuel Noriega Sosa","2026-08-04 17:41:40","","","","Aéreo","2026-08-04 17:41:40",""
"LedRocamora2205","","LED 150W","Rocamora 2205","Pinar","Sin base","Ana Celina Pozzi","2026-08-05 16:56:00","","","","Aéreo","2026-08-05 16:56:00",""
"LedRocamora2245","","LED 150W","Rocamora 2245","Pinar","Sin base","Ana Celina Pozzi","2026-08-11 12:58:31","","","","Aéreo","2026-08-05 16:56:49",""
"LedMandisovi2275","","LED 150W","Mandisovi 2275","Pinar","Con base en buenas condiciones","Ana Celina Pozzi","2026-08-05 16:58:48","","","","Aéreo","2026-08-05 16:58:05",""
"LedMandisovi2330","","LED 150W","Mandisovi 2330","Pinar","Con base en buenas condiciones","Ana Celina Pozzi","2026-08-05 16:59:54","","","","Aéreo","2026-08-05 16:59:31",""
"LedMandisovi2370","","LED 150W","Mandisovi 2370","Pinar","Con base en buenas condiciones","Ana Celina Pozzi","2026-08-05 17:00:38","","","","Aéreo","2026-08-05 17:00:10",""
"LedMandisovi2440","","LED 150W","Mandisovi 2440","Pinar","Con base en buenas condiciones","Ana Celina Pozzi","2026-08-05 17:01:17","","","","Aéreo","2026-08-05 17:00:47",""
"LedMandisovi2475","","LED 150W","Mandisovi 2475","Pinar","Con base en buenas condiciones","Ana Celina Pozzi","2026-08-05 17:01:51","","","","Aéreo","2026-08-05 17:01:25",""
"LedMandisovi2530","","LED 150W","Mandisovi 2530","Pinar","Sin base","Ana Celina Pozzi","2026-08-05 17:02:29","","","","Aéreo","2026-08-05 17:02:00",""
"LedMandisovi2620","","LED 150W","Mandisovi 2620","Pinar","Con base en buenas condiciones","Ana Celina Pozzi","2026-08-10 18:27:34","","","","Aéreo","2026-08-05 17:02:39",""
"LedMandisovi2685","","LED 150W","Mandisovi 2685","Pinar","Con base en buenas condiciones","Ana Celina Pozzi","2026-08-10 18:27:07","","","","Aéreo","2026-08-05 17:03:19",""
"LedPasBerguñan1","True","LED 150W","Pas Berguñan 1","Las 14","Con base en buenas condiciones","DOMINGUEZ GRACIELA","2026-08-06 18:07:49","","","","Aéreo","2026-08-06 18:07:49",""
"LedPasaberguñan2","","LED 150W","Pas Berguñan 2","Las 14","Con base en buenas condiciones","DOMINGUEZ GRACIELA","2026-08-06 18:09:47","","","","Aéreo","2026-08-06 18:09:47",""
"LedPasajeBerguñan3","","LED 150W","Pas Berguñan 3","Las 14","Con base en buenas condiciones","DOMINGUEZ GRACIELA","2026-08-06 18:11:28","","","","Aéreo","2026-08-06 18:11:28",""
"PasGaitan1","","LED 150W","Pas Gaitan1","Las 14","Con base en buenas condiciones","DOMINGUEZ GRACIELA","2026-08-06 18:16:51","","","","Aéreo","2026-08-06 18:16:51",""
"LedPasgaitan2","","LED 150W","Pas Gaitan2","Las 14","Con base en buenas condiciones","DOMINGUEZ GRACIELA","2026-08-06 18:18:54","","","","Aéreo","2026-08-06 18:18:54",""
"LedPasGaitan3","","LED 150W","Pas Gaitan3","Las 14","Con base en buenas condiciones","DOMINGUEZ GRACIELA","2026-08-06 18:20:39","","","","Aéreo","2026-08-06 18:20:39",""
"LedBenMazetto1","","LED 150W","Ben Mazetto 1","Las 14","Con base en buenas condiciones","DOMINGUEZ GRACIELA","2026-08-06 18:23:32","","","","Aéreo","2026-08-06 18:23:32",""
"LedBenMazetto3","","LED 150W","Ben Mazetto 3","Las 14","Con base en buenas condiciones","DOMINGUEZ GRACIELA","2026-08-06 18:26:52","","","","Aéreo","2026-08-06 18:26:52",""
"LedBenMazetto4","","LED 150W","Ben Mazetto 4","Las 14","Con base en buenas condiciones","DOMINGUEZ GRACIELA","2026-08-06 18:30:35","","","","Aéreo","2026-08-06 18:30:35",""
"LedRuta1","","LED 150W","Ruta 1","Las 14","Con base en buenas condiciones","DOMINGUEZ GRACIELA","2026-08-06 18:33:44","","","","Aéreo","2026-08-06 18:33:44",""
"LedRuta2","","LED 150W","Ruta 1","Las 14","Con base en buenas condiciones","DOMINGUEZ GRACIELA","2026-08-06 18:35:06","","","","Aéreo","2026-08-06 18:35:06",""
"LedRuta3","","LED 150W","Ruta 3","Las 14","Con base en buenas condiciones","DOMINGUEZ GRACIELA","2026-08-06 18:36:30","","","","Aéreo","2026-08-06 18:36:30",""
"LedAvAteBrown3475","","LED 150W","Av Ate Brown 3475","Eva Perón","Con base en buenas condiciones","DOMINGUEZ GRACIELA","2026-08-07 10:08:36","","","","Aéreo","2026-08-07 10:08:36",""
"LedAvAteBrown3460","","LED 150W","Av Ate Brown 3460","Eva Perón","Con base en buenas condiciones","DOMINGUEZ GRACIELA","2026-08-07 10:11:11","","","","Aéreo","2026-08-07 10:11:11",""
"LedAvAteBrown3520","","LED 150W","Av Ate Brown 3520","Eva Perón","Con base en buenas condiciones","DOMINGUEZ GRACIELA","2026-08-07 10:17:53","","","","Aéreo","2026-08-07 10:17:53",""
"LedAvAteBrown3580","","LED 150W","Av Ate Brown 3580","Eva Perón","Con base en buenas condiciones","DOMINGUEZ GRACIELA","2026-08-07 10:23:42","","","","Aéreo","2026-08-07 10:23:42",""
"LedAvAteBrown3635","","LED 150W","Av Ate Brown 3635","Eva Perón","Con base en buenas condiciones","DOMINGUEZ GRACIELA","2026-08-07 10:27:23","","","","Aéreo","2026-08-07 10:27:23",""
"LedAvAteBrown3675","","LED 150W","Av Ate Brown 3675","Eva Perón","Con base en buenas condiciones","DOMINGUEZ GRACIELA","2026-08-07 10:29:08","","","","Aéreo","2026-08-07 10:29:08",""
"LedRocamora2675","","LED 150W","Rocamora 2675","Pinar","Con base en buenas condiciones","Ana Celina Pozzi","2026-08-07 17:48:00","","","","Aéreo","2026-08-07 17:45:51",""
"LedRocamora2620","","LED 150W","Rocamora 2620","Pinar","Con base en buenas condiciones","Ana Celina Pozzi","2026-08-07 17:48:45","","","","Aéreo","2026-08-07 17:48:19",""
"LedRocamora2595","","LED 150W","Rocamora 2595","Pinar","Con base en buenas condiciones","Ana Celina Pozzi","2026-08-07 17:49:16","","","","Aéreo","2026-08-07 17:48:55",""
"LedRocamora2545","","LED 150W","Rocamora 2545","Pinar","Con base en buenas condiciones","Ana Celina Pozzi","2026-08-07 17:50:28","","","","Aéreo","2026-08-07 17:49:58",""
"LedRocamora2550","","LED 150W","Rocamora 2550","Pinar","Con base en buenas condiciones","Ana Celina Pozzi","2026-08-07 17:50:59","","","","Aéreo","2026-08-07 17:50:36",""
"LedRocamora2510","","LED 150W","Rocamora 2510","Pinar","Con base en buenas condiciones","Ana Celina Pozzi","2026-08-07 17:51:23","","","","Aéreo","2026-08-07 17:51:07",""
"LedRocamora2410","","LED 150W","Rocamora 2410","Pinar","Sin base","Ana Celina Pozzi","2026-08-07 17:54:34","","","","Aéreo","2026-08-07 17:51:31",""
"LedRocamora2375","","LED 150W","Rocamora 2375","Pinar","Con base en buenas condiciones","Ana Celina Pozzi","2026-08-07 17:59:51","","","","Aéreo","2026-08-07 17:59:01",""
"LedGuemes2315","","LED 150W","Guemes 2315","Pinar","Con base en buenas condiciones","Ana Celina Pozzi","2026-08-07 18:03:21","","","","Aéreo","2026-08-07 17:59:12",""
"LedGuemes2350","","Sodio","Guemes 2350","Pinar","Sin base","Ana Celina Pozzi","2026-08-07 18:06:43","","","","Aéreo","2026-08-07 18:06:43",""
"LedGuemes2370","","Sodio","Guemes 2370","Pinar","Sin base","Ana Celina Pozzi","2026-08-07 18:10:12","","","","Aéreo","2026-08-07 18:06:46",""
"LedGuemes2505","","LED 150W","Guemes 2505","Pinar","Con base en buenas condiciones","Ana Celina Pozzi","2026-08-07 18:09:45","","","","Aéreo","2026-08-07 18:07:08",""
"LedGuemes2535","","LED 150W","Guemes 2535","Pinar","Con base en buenas condiciones","Ana Celina Pozzi","2026-08-07 18:11:37","","","","Aéreo","2026-08-07 18:10:44",""
"LedGuemes2555","","LED 150W","Guemes 2555","Pinar","Con base en buenas condiciones","Ana Celina Pozzi","2026-08-07 18:11:58","","","","Aéreo","2026-08-07 18:11:41",""
"LedGuemes2640","","LED 150W","Guemes 2640","Pinar","Con base en buenas condiciones","Ana Celina Pozzi","2026-08-07 18:24:06","","","","Aéreo","2026-08-07 18:12:03",""
"LedGuemes2595","","LED 150W","Guemes 2595","Pinar","Con base en buenas condiciones","Ana Celina Pozzi","2026-08-07 18:22:52","","","","Aéreo","2026-08-07 18:22:40",""
"LedGuemes2685","","LED 150W","Guemes 2685","Pinar","Con base en buenas condiciones","Ana Celina Pozzi","2026-08-07 18:25:51","","","","Aéreo","2026-08-07 18:25:51",""
"LedComAndresito2415","","LED 150W","Cómo Andresito 2515","Eva Perón","Con base en buenas condiciones","DOMINGUEZ GRACIELA","2026-08-10 08:11:18","","","","Aéreo","2026-08-10 08:07:38",""
"LedComAndresito2385","","LED 150W","Com Andresito 2385","Eva Perón","","DOMINGUEZ GRACIELA","2026-08-10 08:13:49","","","","Aéreo","2026-08-10 08:13:49",""
"LedComAndresito2315","","LED 150W","Com Andresito 2315","Eva Perón","Con base en buenas condiciones","DOMINGUEZ GRACIELA","2026-08-11 10:05:14","","","","Aéreo","2026-08-10 08:16:13",""
"LedLopezJordan","","LED 150W","López Jordan 3715","Eva Perón","Con base en buenas condiciones","DOMINGUEZ GRACIELA","2026-08-10 08:21:51","","","","Aéreo","2026-08-10 08:21:51",""
"LedLopezJordan3685","","LED 150W","López Jordan 3685","Eva Perón","Con base en buenas condiciones","DOMINGUEZ GRACIELA","2026-08-10 08:26:45","","","","Aéreo","2026-08-10 08:25:48",""
"LedLopezJordan3645","","LED 150W","López Jordan","Eva Perón","Con base en buenas condiciones","DOMINGUEZ GRACIELA","2026-08-10 08:29:52","","","","Aéreo","2026-08-10 08:29:52",""
"LedLopezJordan3575","","LED 150W","López Jordan 3575","Eva Perón","Con base en buenas condiciones","DOMINGUEZ GRACIELA","2026-08-10 08:32:48","","","","Aéreo","2026-08-10 08:32:48",""
"LedLopezJordan3525","","LED 150W","López Jordan 3525","Eva Perón","","DOMINGUEZ GRACIELA","2026-08-10 08:37:42","","","","Aéreo","2026-08-10 08:37:42",""
"LedLopezJordan3465","","LED 150W","López Jordan 3465","Eva Perón","Con base en buenas condiciones","DOMINGUEZ GRACIELA","2026-08-11 10:05:24","","","","Aéreo","2026-08-10 08:41:13",""
"LedLopezJordan3425","","LED 150W","López Jordan 3425","Eva Perón","Con base en buenas condiciones","DOMINGUEZ GRACIELA","2026-08-10 08:46:36","","","","Aéreo","2026-08-10 08:46:36",""
"LedLopezJordan3385","","LED 150W","López Jordan 3385","Eva Perón","Con base en buenas condiciones","DOMINGUEZ GRACIELA","2026-08-10 08:56:17","","","","Aéreo","2026-08-10 08:56:17",""
"LedLopezJordan3345","","LED 150W","López Jordan 3345","Eva Perón","Con base en buenas condiciones","DOMINGUEZ GRACIELA","2026-08-10 09:03:42","","","","Aéreo","2026-08-10 09:03:42",""
"LedLopezJordan3315","","LED 150W","López Jordan 3315","Eva Perón","Con base en buenas condiciones","DOMINGUEZ GRACIELA","2026-08-10 09:05:46","","","","Aéreo","2026-08-10 09:05:46",""
"LedAv28DeMayo1","","LED 150W","Av 28 De Mayo 1","Eva Perón","Con base en buenas condiciones","DOMINGUEZ GRACIELA","2026-08-10 09:21:25","","","","Aéreo","2026-08-10 09:21:25",""
"LedAv28DeMayo2","","LED 150W","Av 28 De Mayo 2","Eva Perón","Con base en buenas condiciones","DOMINGUEZ GRACIELA","2026-08-10 09:26:23","","","","Aéreo","2026-08-10 09:26:23",""
"LedAv28DeMayo3","","LED 150W","Av 28 De Mayo 3","Eva Perón","Con base en buenas condiciones","DOMINGUEZ GRACIELA","2026-08-10 09:36:24","","","","Aéreo","2026-08-10 09:36:24",""
"LedAv28DeMayo4","","LED 150W","Av 28 De Mayo 4","Eva Perón","Con base en buenas condiciones","DOMINGUEZ GRACIELA","2026-08-11 10:05:35","","","","Aéreo","2026-08-10 09:39:55",""
"LedACondarco3715","","LED 150W","Álvarez Condarco 3715","Eva Perón","Con base en buenas condiciones","DOMINGUEZ GRACIELA","2026-08-10 09:46:35","","","","Aéreo","2026-08-10 09:46:35",""
"LedAlverezCondarco3665","","LED 150W","Álvarez Condarco 3665","Eva Perón","Con base en buenas condiciones","DOMINGUEZ GRACIELA","2026-08-10 10:25:06","","","","Aéreo","2026-08-10 10:25:06",""
"LedAlverezCondarco3635","","LED 150W","Álvarez Condarco 3635","Eva Perón","Con base en buenas condiciones","DOMINGUEZ GRACIELA","2026-08-10 10:32:59","","","","Aéreo","2026-08-10 10:28:02",""
"LedAlvarezCondarco3565","","LED 150W","Álvarez Condarco 3565","Eva Perón","Con base en buenas condiciones","DOMINGUEZ GRACIELA","2026-08-13 09:58:58","","","","Aéreo","2026-08-10 10:35:37",""
"LedAlvarezCondarco3515","","LED 150W","Álvarez Condarco 3515","Eva Perón","Con base en buenas condiciones","DOMINGUEZ GRACIELA","2026-08-10 10:38:09","","","","Aéreo","2026-08-10 10:38:09",""
"LedAlvarezCondarco3445","","LED 150W","Álvarez Condarco 3445","Eva Perón","Con base en buenas condiciones","DOMINGUEZ GRACIELA","2026-08-10 10:40:24","","","","Aéreo","2026-08-10 10:40:24",""
"LedAlvarezCondarco3425","","LED 150W","Álvarez Condarco 3425","Eva Perón","Con base en buenas condiciones","DOMINGUEZ GRACIELA","2026-08-10 10:43:42","","","","Aéreo","2026-08-10 10:43:42",""
"LedAlvarezCondarco3385","","LED 150W","Álvarez Condarco 3385","Eva Perón","Con base en buenas condiciones","DOMINGUEZ GRACIELA","2026-08-10 10:45:28","","","","Aéreo","2026-08-10 10:45:28",""
"LedAv25DeMayo2900","","LED 150W","Av 25 de Mayo 2900","Norte","Con base en malas condiciones","Lautaro Basilio","2026-08-10 19:22:31","","","","Subterráneo","2026-08-10 14:57:23",""
"LedAv25DeMayo2890","","LED 150W","Av 25 de Mayo 2890","Norte","Con base en buenas condiciones","Lautaro Basilio","2026-08-10 19:22:05","","","","Subterráneo","2026-08-10 15:06:45",""
"LedAv25DeMayo2860","","LED 150W","Av 25 de Mayo 2860","Norte","Con base en buenas condiciones","Lautaro Basilio","2026-08-10 19:21:08","","","","Subterráneo","2026-08-10 15:13:02",""
"LedAv25DeMayo2850","","LED 150W","Av 25 de Mayo 2850","Norte","Con base en buenas condiciones","Lautaro Basilio","2026-08-29 18:11:52","","","","Subterráneo","2026-08-10 15:14:08",""
"LedAv25DeMayo2824","","LED 150W","Av 25 de Mayo 2824","Norte","Con base en buenas condiciones","Lautaro Basilio","2026-08-29 18:02:29","","","","Subterráneo","2026-08-10 15:17:43",""
"LedAv25DeMayo2802","","LED 150W","Av 25 de Mayo 2802","Norte","Con base en buenas condiciones","Lautaro Basilio","2026-08-29 18:02:44","","","","Subterráneo","2026-08-10 15:21:09",""
"LedAv25DeMayo2790","","LED 150W","Av 25 de Mayo 2790","Norte","Con base en buenas condiciones","Lautaro Basilio","2026-08-10 19:19:03","","","","Subterráneo","2026-08-10 15:26:15",""
"LedAv25DeMayo2710","","LED 150W","Av 25 de Mayo 2710","Norte","Con base en buenas condiciones","Lautaro Basilio","2026-08-29 18:03:08","","","","Subterráneo","2026-08-10 15:28:46",""
"LedAv25DeMayo2700","","LED 150W","Av 25 de Mayo 2700","Norte","Con base en buenas condiciones","Lautaro Basilio","2026-08-29 18:03:58","","","","Subterráneo","2026-08-10 15:37:17",""
"LedAv25DeMayo2674","","LED 150W","Av 25 de Mayo 2674","Norte","Con base en buenas condiciones","Lautaro Basilio","2026-08-10 19:18:03","","","","Subterráneo","2026-08-10 15:45:10",""
"LedAv25DeMayo2650","","LED 150W","Av 25 de Mayo 2650","Norte","Con base en buenas condiciones","Lautaro Basilio","2026-08-10 19:16:49","","","","Subterráneo","2026-08-10 15:46:20",""
"LedAv25DeMayo2624","","LED 150W","Av 25 de Mayo 2624","Norte","Con base en buenas condiciones","Lautaro Basilio","2026-08-29 18:31:06","","","","Subterráneo","2026-08-10 15:49:08",""
"LedAv25DeMayo2600","","LED 150W","Av 25 de Mayo 2600","Norte","Con base en buenas condiciones","Lautaro Basilio","2026-08-29 18:04:45","","","","Subterráneo","2026-08-10 15:51:32",""
"LedAv25DeMayo2594","","LED 150W","Av 25 de Mayo 2594","Norte","Con base en buenas condiciones","Lautaro Basilio","2026-08-29 18:33:19","","","","Subterráneo","2026-08-10 16:03:32",""
"LedAv25DeMayo2584","","LED 150W","Av 25 de Mayo 2584","Norte","Con base en buenas condiciones","Lautaro Basilio","2026-08-29 18:33:41","","","","Subterráneo","2026-08-10 16:07:40",""
"LedAv25DeMayo2520","","LED 150W","Av 25 de Mayo 2520","Norte","Con base en buenas condiciones","Lautaro Basilio","2026-08-29 18:06:30","","","","Subterráneo","2026-08-10 16:08:44",""
"LedAv25DeMayo2502","","LED 150W","Av 25 de Mayo 2502","Norte","Con base en buenas condiciones","Lautaro Basilio","2026-08-10 19:08:07","","","","Subterráneo","2026-08-10 16:11:40",""
"LedAv25DeMayo2490","","LED 150W","Av 25 de Mayo 2490","Norte","Con base en buenas condiciones","Lautaro Basilio","2026-08-10 19:02:33","","","","Subterráneo","2026-08-10 16:17:06",""
"LedAv25DeMayo2450","","LED 150W","Av 25 de Mayo 2450","Norte","Con base en buenas condiciones","Lautaro Basilio","2026-08-10 19:02:14","","","","Subterráneo","2026-08-10 16:21:12",""
"LedAv25DeMayo2402","","LED 150W","Av 25 de Mayo 2402","Norte","Con base en buenas condiciones","Lautaro Basilio","2026-08-10 19:01:03","","","","Subterráneo","2026-08-10 16:22:42",""
"LedAv25DeMayo2380","","LED 150W","Av 25 de Mayo 2380","Norte","Con base en buenas condiciones","Lautaro Basilio","2026-08-10 19:00:35","","","","Subterráneo","2026-08-10 16:27:20",""
"LedAv25DeMayo2354","","LED 150W","Av 25 de Mayo 2354","Norte","Con base en buenas condiciones","Lautaro Basilio","2026-08-10 18:59:54","","","","Subterráneo","2026-08-10 16:30:20",""
"LedAv25DeMayo2330","","LED 150W","Av 25 de Mayo 2330","Norte","Con base en malas condiciones","Lautaro Basilio","2026-08-10 18:59:28","","","","Subterráneo","2026-08-10 16:33:07",""
"Led25AvDeMayo2302","","LED 150W","25 de Mayo 2302","Norte","Con base en buenas condiciones","Lautaro Basilio","2026-08-10 18:58:26","","","","Subterráneo","2026-08-10 16:35:55",""
"LedAv1roDeMayo1598","","LED 150W","Av 1 de Mayo 1598","Norte","Con base en malas condiciones","Lautaro Basilio","2026-08-11 19:47:30","","","","Aéreo","2026-08-10 16:37:15",""
"LedAv1roDeMayo1550","","LED 150W","Av 1 de Mayo 1550","Norte","Con base en buenas condiciones","Lautaro Basilio","2026-08-11 19:46:29","","","","Aéreo","2026-08-10 16:46:22",""
"LedAv1roDeMayo1510","","LED 150W","Av 1 de Mayo 1510","Norte","Con base en buenas condiciones","Lautaro Basilio","2026-08-11 19:46:17","","","","Aéreo","2026-08-10 16:50:18",""
"LedAv1roDeMayo1490","","LED 150W","Av 1 de Mayo 1490","Norte","Con base en buenas condiciones","Lautaro Basilio","2026-08-11 19:46:05","","","","Aéreo","2026-08-10 16:52:36",""
"LedAv1roDeMayo1450","","LED 150W","Av 1 de Mayo 1450","Norte","Con base en buenas condiciones","Lautaro Basilio","2026-08-11 19:45:32","","","","Aéreo","2026-08-10 16:55:34",""
"LedAv1roDeMayo1420","","LED 150W","Av 1 de Mayo 1420","Norte","Con base en buenas condiciones","Lautaro Basilio","2026-08-11 19:45:13","","","","Aéreo","2026-08-10 16:58:14",""
"LedAv1roDeMayo1390","","LED 150W","Av 1 de Mayo 1390","Norte","Con base en buenas condiciones","Lautaro Basilio","2026-08-11 19:44:57","","","","Aéreo","2026-08-10 17:02:35",""
"LedAv1roDeMayo1354","","LED 150W","Av 1 de Mayo 1354","Norte","Con base en buenas condiciones","Lautaro Basilio","2026-08-11 19:44:43","","","","Aéreo","2026-08-10 17:05:34",""
"LedAv1roDeMayo1320","","LED 150W","Av 1 de Mayo 1320","Norte","Con base en buenas condiciones","Lautaro Basilio","2026-08-11 19:42:47","","","","Aéreo","2026-08-10 17:08:06",""
"LedAv1roDeMayo1290","","LED 150W","Av 1 de Mayo 1290","Norte","Con base en buenas condiciones","Lautaro Basilio","2026-08-11 19:43:38","","","","Aéreo","2026-08-10 17:12:48",""
"LedAv1roDeMayo1250","","LED 150W","Av 1 de Mayo 1250","Norte","Con base en buenas condiciones","Lautaro Basilio","2026-08-11 19:44:02","","","","Aéreo","2026-08-10 17:16:25",""
"LedAv1roDeMayo1190","","LED 150W","Av 1 de Mayo 1190","Norte","Con base en buenas condiciones","Lautaro Basilio","2026-08-11 19:44:18","","","","Subterráneo","2026-08-10 17:26:25",""
"LedIslasMalvinas2300","","LED 150W","Islas Malvinas 2300","Norte","Con base en buenas condiciones","Lautaro Basilio","2026-08-11 19:49:24","","","","Subterráneo","2026-08-10 17:34:37",""
"LedIslasMalvinas2400","","LED 150W","Islas Malvinas 2400","Norte","Con base en buenas condiciones","Lautaro Basilio","2026-08-11 19:49:05","","","","Subterráneo","2026-08-10 17:36:43",""
"LedDrPlanas2315","","LED 150W","DrPlanas 2315","Parque","Con base en buenas condiciones","Ana Celina Pozzi","2026-08-10 17:42:01","","","","Aéreo","2026-08-10 17:40:12",""
"LedDrPlanas2380","","LED 150W","DrPlanas 2380","Parque","Con base en buenas condiciones","Ana Celina Pozzi","2026-08-10 17:42:25","","","","Aéreo","2026-08-10 17:42:06",""
"LedIslasMalvinas2398","","LED 150W","Islas Malvinas 2398","Norte","Con base en buenas condiciones","Lautaro Basilio","2026-08-11 19:48:47","","","","Subterráneo","2026-08-10 17:44:55",""
"LedDrPlanas2415","","LED 150W","Dr Planas 2415","Parque","Sin base","Ana Celina Pozzi","2026-09-03 17:57:37","","","","Aéreo","2026-08-10 17:44:55",""
"LedDrPlanas2535","","LED 150W","Dr Planas 2535","Parque","Con base en buenas condiciones","Ana Celina Pozzi","2026-08-10 17:45:51","","","","Aéreo","2026-08-10 17:45:22",""
"LedDrPlanas2550","","LED 150W","Dr Planas 2550","Parque","Con base en buenas condiciones","Ana Celina Pozzi","2026-08-10 17:46:09","","","","Aéreo","2026-08-10 17:45:56",""
"LedDrPlanas2615","","LED 150W","Dr Planas 2615","Parque","Sin base","Ana Celina Pozzi","2026-08-10 17:48:06","","","","Aéreo","2026-08-10 17:47:38",""
"LedDrPlanas2775","","LED 150W","Dr Planas 2775","Parque","Sin base","Ana Celina Pozzi","2026-08-10 17:48:30","","","","Aéreo","2026-08-10 17:48:11",""
"LedDrPlanas2771","","LED 150W","Dr Planas 2771","Parque","Con base en buenas condiciones","Ana Celina Pozzi","2026-08-10 17:49:44","","","","Aéreo","2026-08-10 17:49:26",""
"LedDrPlanas2845","","LED 150W","Dr Planas 2845","Los Lapachos","Con base en buenas condiciones","Ana Celina Pozzi","2026-08-26 10:17:28","","","","Aéreo","2026-08-10 17:49:50",""
"LedIslasMalvinas2498","","LED 150W","Islas Malvinas 2498","Norte","Con base en buenas condiciones","Lautaro Basilio","2026-08-11 19:48:30","","","","Subterráneo","2026-08-10 17:49:53",""
"LedPioXII2895","","LED 150W","Pio XXII 2895","Parque","Sin base","Ana Celina Pozzi","2026-08-12 11:39:43","","","","Aéreo","2026-08-10 18:04:45",""
"LedPioXII2830","","LED 150W","Pio XXII 2830","Parque","Sin base","Ana Celina Pozzi","2026-08-12 11:39:37","","","","Aéreo","2026-08-10 18:06:15",""
"LedPioXII2750","","LED 150W","Pio XXII 2750","Parque","Sin base","Ana Celina Pozzi","2026-08-12 11:39:32","","","","Aéreo","2026-08-10 18:07:06",""
"LedPioXII2745","","LED 150W","Pio XXII 2745","Parque","Con base en buenas condiciones","Ana Celina Pozzi","2026-08-12 11:39:26","","","","Aéreo","2026-08-10 18:08:49",""
"LedPioXII2665","","LED 150W","Pio XXII 2665","Parque","Con base en buenas condiciones","Ana Celina Pozzi","2026-08-12 11:39:21","","","","Aéreo","2026-08-10 18:09:13",""
"LedPioXII2552","","LED 150W","Pio XXII 2552","Parque","Sin base","Ana Celina Pozzi","2026-08-12 11:40:17","","","","Aéreo","2026-08-10 18:09:52",""
"LedPioXII2550","","LED 150W","Pio XXII 2550","Parque","Sin base","Ana Celina Pozzi","2026-08-12 11:38:07","","","","Aéreo","2026-08-10 18:10:33",""
"LedPioXII2515","","LED 150W","Pio XXII 2515","Parque","Con base en buenas condiciones","Ana Celina Pozzi","2026-08-12 11:38:31","","","","Aéreo","2026-08-10 18:10:52",""
"LedPioXII2475","","LED 150W","Pio XXII 2475","Parque","Con base en buenas condiciones","Ana Celina Pozzi","2026-08-12 11:37:27","","","","Aéreo","2026-08-10 18:11:21",""
"LedPioXII2425","","LED 150W","Pio XXII 2425","Parque","Con base en buenas condiciones","Ana Celina Pozzi","2026-08-12 11:36:19","","","","Aéreo","2026-08-10 18:11:39",""
"LedPioXII2375","","LED 150W","Pio XXII 2375","Parque","Sin base","Ana Celina Pozzi","2026-08-12 11:39:08","","","","Aéreo","2026-08-10 18:12:17",""
"Led17DeOctubre2550","","LED 150W","17 De Octubre 2550","Eva Perón","Con base en buenas condiciones","DOMINGUEZ GRACIELA","2026-08-11 12:57:44","","","","Aéreo","2026-08-11 12:57:44",""
"Led17DeOctubre2415","","LED 150W","17 De Octubre 2415","Eva Perón","Con base en buenas condiciones","DOMINGUEZ GRACIELA","2026-08-11 13:02:15","","","","Aéreo","2026-08-11 13:02:15",""
"Led17DeOctubre2310","","LED 150W","17 De Octubre 2310","Eva Perón","Con base en buenas condiciones","DOMINGUEZ GRACIELA","2026-08-11 13:03:56","","","","Aéreo","2026-08-11 13:03:56",""
"LedAvEvita2550","","LED 150W","Av Evita 2550","Eva Perón","Con base en buenas condiciones","DOMINGUEZ GRACIELA","2026-08-11 13:09:09","","","","Aéreo","2026-08-11 13:09:09",""
"LedAvEvita2425","","LED 150W","Av Evita 2425","Eva Perón","Con base en buenas condiciones","DOMINGUEZ GRACIELA","2026-08-11 13:10:39","","","","Aéreo","2026-08-11 13:10:39",""
"LedAvEvita2350","","LED 150W","Av Evita 2350","Eva Perón","Con base en buenas condiciones","DOMINGUEZ GRACIELA","2026-08-11 13:12:06","","","","Aéreo","2026-08-11 13:12:06",""
"LedSoberania2515","","LED 150W","Soberanía 2515","Eva Perón","Con base en buenas condiciones","DOMINGUEZ GRACIELA","2026-08-11 13:57:39","","","","Aéreo","2026-08-11 13:57:39",""
"LedSoberania2485","","LED 150W","Soberanía 2485","Eva Perón","Con base en buenas condiciones","DOMINGUEZ GRACIELA","2026-08-11 13:59:49","","","","Aéreo","2026-08-11 13:59:49",""
"LedSoberania2315","","LED 150W","Soberanía 2315","Eva Perón","Con base en buenas condiciones","DOMINGUEZ GRACIELA","2026-08-11 14:01:19","","","","Aéreo","2026-08-11 14:01:19",""
"LedObAngelelli3675","","LED 150W","Obispo Angelelli 3675","Eva Perón","Con base en buenas condiciones","DOMINGUEZ GRACIELA","2026-08-11 14:05:52","","","","Aéreo","2026-08-11 14:05:52",""
"LedObAngelelli3625","","LED 150W","Obispo Angelelli 3625","Eva Perón","Con base en buenas condiciones","DOMINGUEZ GRACIELA","2026-08-11 14:07:18","","","","Aéreo","2026-08-11 14:07:18",""
"LedObAngelelli3575","","LED 150W","Obispo Angelelli 3575","Eva Perón","Con base en buenas condiciones","DOMINGUEZ GRACIELA","2026-08-11 14:09:10","","","","Aéreo","2026-08-11 14:09:10",""
"LedObAngelelli3525","","LED 150W","Obispo Angelelli 3525","Eva Perón","Con base en buenas condiciones","DOMINGUEZ GRACIELA","2026-08-11 14:10:53","","","","Aéreo","2026-08-11 14:10:53",""
"LedObAngelelli3475","","LED 150W","Obispo Angelelli 3475","Eva Perón","Con base en buenas condiciones","DOMINGUEZ GRACIELA","2026-08-11 14:12:25","","","","Aéreo","2026-08-11 14:12:25",""
"LedObAngelelli3415","","LED 150W","Obispo Angelelli 3415","Eva Perón","Con base en buenas condiciones","DOMINGUEZ GRACIELA","2026-08-11 14:14:12","","","","Aéreo","2026-08-11 14:14:12",""
"LedObAngelelli3375","","LED 150W","Obispo Angelelli 3375","Eva Perón","Con base en buenas condiciones","DOMINGUEZ GRACIELA","2026-08-11 14:15:33","","","","Aéreo","2026-08-11 14:15:33",""
"LedAvLibertad1610","","LED 150W","Av Libertad 1610","Verde","Con base en buenas condiciones","DOMINGUEZ GRACIELA","2026-08-11 14:20:49","","","","Aéreo","2026-08-11 14:20:49",""
"LedAvLibertad1650","","LED 150W","Av Libertad 1650","Verde","Con base en buenas condiciones","DOMINGUEZ GRACIELA","2026-08-11 14:22:19","","","","Aéreo","2026-08-11 14:22:19",""
"LedAvLibertad1690","","LED 150W","Av Libertad 1690","Verde","Con base en buenas condiciones","DOMINGUEZ GRACIELA","2026-08-11 14:25:38","","","","Aéreo","2026-08-11 14:25:38",""
"LedAvJoseIglesias2598","","LED 150W","Av José Iglesias 2598","Norte","Con base en buenas condiciones","Lautaro Basilio","2026-08-11 15:07:03","","","","Aéreo","2026-08-11 14:55:33",""
"LedAvJoseIglesias","","LED 150W","Av José Iglesias 2502","Norte","Con base en buenas condiciones","Lautaro Basilio","2026-08-11 15:12:51","","","","Aéreo","2026-08-11 15:11:11",""
"LedAvJoseIglesias2550","","LED 150W","Av José Iglesias 2550","Norte","Con base en buenas condiciones","Lautaro Basilio","2026-08-11 15:14:43","","","","Aéreo","2026-08-11 15:14:43",""
"LedAvJoseIglesias2498","","LED 150W","Av José Iglesias 2498","Norte","Con base en malas condiciones","Lautaro Basilio","2026-08-11 15:18:01","","","","Aéreo","2026-08-11 15:18:01",""
"LedAvJoseIglesias2480","","LED 150W","Av José Iglesias 2480","Norte","Con base en buenas condiciones","Lautaro Basilio","2026-08-11 15:22:00","","","","Aéreo","2026-08-11 15:19:24",""
"LedAvJoseIglesias2440","","LED 150W","Av José Iglesias 2440","Norte","Con base en buenas condiciones","Lautaro Basilio","2026-08-11 15:23:22","","","","Aéreo","2026-08-11 15:23:22",""
"LedAvJoseIglesias2402","","LED 150W","Av José Iglesias 2402","Norte","Con base en buenas condiciones","Lautaro Basilio","2026-08-11 15:25:45","","","","Aéreo","2026-08-11 15:25:36",""
"LedGuemes1090","","LED 150W","Güemes 1090","Norte","Con base en buenas condiciones","Lautaro Basilio","2026-08-11 15:35:06","","","","Aéreo","2026-08-11 15:35:06",""
"LedGuemes1070","","LED 150W","Güemes 1070","Norte","Con base en buenas condiciones","Lautaro Basilio","2026-08-11 15:36:55","","","","Aéreo","2026-08-11 15:36:55",""
"LedGuemes1050","","LED 150W","Güemes 1050","Norte","Con base en buenas condiciones","Lautaro Basilio","2026-08-11 15:38:24","","","","Aéreo","2026-08-11 15:38:24",""
"LedCuba2424","","LED 150W","Cuba 2424","Norte","Con base en buenas condiciones","Lautaro Basilio","2026-08-11 15:42:04","","","","Aéreo","2026-08-11 15:42:04",""
"LedCuba2474","","LED 150W","Cuba 2474","Norte","Con base en buenas condiciones","Lautaro Basilio","2026-08-11 15:44:56","","","","Aéreo","2026-08-11 15:44:56",""
"LedRocamora1035","","LED 150W","Coronel Tomas De Rocamora 1035","Norte","Con base en buenas condiciones","Lautaro Basilio","2026-08-24 10:28:46","","","","Aéreo","2026-08-11 15:49:46",""
"LedRocamora1001","","LED 150W","Coronel Tomas De Rocamora 1001","Norte","Con base en buenas condiciones","Lautaro Basilio","2026-08-24 10:28:57","","","","Aéreo","2026-08-11 15:54:53",""
"LedCuba2524","","LED 150W","Cuba 2524","Norte","Con base en buenas condiciones","Lautaro Basilio","2026-08-11 15:58:10","","","","Aéreo","2026-08-11 15:56:39",""
"LedPasajeCongresoDeOriente1065","","LED 150W","Pasaje Congreso De Oriente 1065","Norte","Con base en buenas condiciones","Lautaro Basilio","2026-08-11 16:01:26","","","","Aéreo","2026-08-11 15:59:07",""
"LedPasajeCongresoDeOriente1012","","LED 150W","Pasaje Congreso De Oriente 1012","Norte","Con base en buenas condiciones","Lautaro Basilio","2026-08-11 16:03:22","","","","Aéreo","2026-08-11 16:03:22",""
"LedCuba2574","","LED 150W","Cuba 2574","Norte","Con base en buenas condiciones","Lautaro Basilio","2026-08-11 16:05:56","","","","Aéreo","2026-08-11 16:05:56",""
"LedCepeda1065","","LED 150W","Cepeda 1065","Norte","Con base en buenas condiciones","Lautaro Basilio","2026-08-14 08:14:06","","","","Aéreo","2026-08-11 16:07:34",""
"LedCepeda1015","","LED 150W","Cepeda 1015","Norte","Con base en buenas condiciones","Lautaro Basilio","2026-08-11 16:10:13","","","","Aéreo","2026-08-11 16:10:13",""
"LedCepeda1115","","LED 150W","Cepeda 1115","Norte","Con base en malas condiciones","Lautaro Basilio","2026-08-11 16:16:42","","","","Aéreo","2026-08-11 16:16:42",""
"LedChile2524","","LED 150W","Chile 2524","Norte","Con base en buenas condiciones","Lautaro Basilio","2026-08-11 16:23:11","","","","Aéreo","2026-08-11 16:21:05",""
"LedPasajeCongresoDeOriente1170","","LED 150W","Pasaje Congreso De Oriente 1170","Norte","Con base en buenas condiciones","Lautaro Basilio","2026-08-11 16:25:13","","","","Aéreo","2026-08-11 16:24:00",""
"LedPasajeCongresoDeOriente1110","","LED 150W","Pasaje Congreso De Oriente 1110","Norte","Con base en buenas condiciones","Lautaro Basilio","2026-08-11 16:27:08","","","","Aéreo","2026-08-11 16:27:08",""
"LedChile2535","","LED 150W","Chile 2535","Norte","Con base en malas condiciones","Lautaro Basilio","2026-08-11 16:30:29","","","","Aéreo","2026-08-11 16:30:29",""
"LedRocamora1085","","LED 150W","Pasaje Congreso De Oriente 1085","Norte","Con base en buenas condiciones","Lautaro Basilio","2026-08-24 10:29:04","","","","Aéreo","2026-08-11 16:32:43",""
"LedPasajeCongresoDeOriente1105","","LED 150W","Pasaje Congreso De Oriente 1105","Norte","Con base en buenas condiciones","Lautaro Basilio","2026-08-11 21:42:13","","","","Aéreo","2026-08-11 16:34:37",""
"LedChile2475","","LED 150W","Chile 2475","Norte","Con base en buenas condiciones","Lautaro Basilio","2026-08-11 16:37:19","","","","Aéreo","2026-08-11 16:37:19",""
"LedChile2435","","LED 150W","Chile 2435","Norte","Con base en buenas condiciones","Lautaro Basilio","2026-08-11 16:39:06","","","","Aéreo","2026-08-11 16:39:06",""
"LedIslasMalvinas2420","","LED 150W","Islas Malvinas 2420","Norte","Con base en buenas condiciones","Lautaro Basilio","2026-08-11 16:43:36","","","","Aéreo","2026-08-11 16:43:36",""
"LedIslasMalvinas2475","","LED 150W","Islas Malvinas 2475","Norte","Con base en malas condiciones","Lautaro Basilio","2026-08-11 16:47:26","","","","Aéreo","2026-08-11 16:47:26",""
"LedPasajeMarsilli2585","","LED 150W","Pasaje Marsilli 2585","Norte","Con base en buenas condiciones","Lautaro Basilio","2026-08-11 16:57:58","","","","Aéreo","2026-08-11 16:57:58",""
"LedAvVLibertad1720","","LED 150W","Av Villa Libertad 1720","Verde","Con base en buenas condiciones","DOMINGUEZ GRACIELA","2026-08-13 11:13:52","","","","Aéreo","2026-08-13 11:13:52",""
"LedAvVLibertad1750","","LED 150W","Av Villa Libertad 1750","Verde","Con base en buenas condiciones","DOMINGUEZ GRACIELA","2026-08-13 11:15:34","","","","Aéreo","2026-08-13 11:15:34",""
"LedAvVLibertad1780","","LED 150W","Av Villa Libertad 1780","Verde","Con base en buenas condiciones","DOMINGUEZ GRACIELA","2026-08-13 11:17:06","","","","Aéreo","2026-08-13 11:17:06",""
"LedAvVLibertad1810","","LED 150W","Av Villa Libertad 1810","Verde","Con base en buenas condiciones","DOMINGUEZ GRACIELA","2026-08-28 09:14:21","","","","Aéreo","2026-08-13 11:18:41",""
"LedAvVLibertad1840","","LED 150W","Av Villa Libertad 1840","Verde","Con base en buenas condiciones","DOMINGUEZ GRACIELA","2026-08-28 09:14:58","","","","Aéreo","2026-08-13 11:20:35",""
"LedAvVLibertad1890","","LED 150W","Av Villa Libertad 1890","Verde","Con base en buenas condiciones","DOMINGUEZ GRACIELA","2026-08-13 11:21:53","","","","Aéreo","2026-08-13 11:21:53",""
"LedAv28DeMayoSN1","","LED 150W","Av 28 de Mayo SN1","Verde","Con base en buenas condiciones","DOMINGUEZ GRACIELA","2026-08-28 11:07:15","","","","Aéreo","2026-08-13 16:11:19",""
"LedAv28DeMayoSN2","","LED 150W","Av 28 De Mayo SN2","Verde","Con base en buenas condiciones","DOMINGUEZ GRACIELA","2026-08-28 11:08:39","","","","Aéreo","2026-08-13 16:16:03",""
"LedAv28DeMayoSN4","","LED 150W","Av 28 De Mayo SN4","Verde","Con base en buenas condiciones","DOMINGUEZ GRACIELA","2026-08-28 11:10:07","","","","Aéreo","2026-08-13 16:17:54",""
"LedAv28DeMayoSN5","","LED 150W","Av 28 De Mayo SN5","Verde","Con base en buenas condiciones","DOMINGUEZ GRACIELA","2026-08-28 11:10:43","","","","Aéreo","2026-08-13 16:24:02",""
"LedAv28DeMayoSN6","","LED 150W","Av 28 De Mayo SN6","Verde","Con base en buenas condiciones","DOMINGUEZ GRACIELA","2026-08-28 11:11:35","","","","Aéreo","2026-08-13 16:25:38",""
"LedAv28DeMayoSN7","","LED 150W","Av 28 De Mayo SN7","Verde","Con base en buenas condiciones","DOMINGUEZ GRACIELA","2026-08-28 11:12:24","","","","Aéreo","2026-08-13 16:27:31",""
"LedAv28DeMayoSN8","","LED 150W","Av 28 De Mayo SN8","Verde","Con base en buenas condiciones","DOMINGUEZ GRACIELA","2026-08-28 11:13:38","","","","Aéreo","2026-08-13 16:28:49",""
"Led17DeOctubre1895","","LED 150W","17 De Octubre 1895","Verde","Con base en buenas condiciones","DOMINGUEZ GRACIELA","2026-08-28 10:57:53","","","","Aéreo","2026-08-13 16:35:11",""
"Led17DeOctubre1805","","LED 150W","17 De Octubre 1805","Verde","Con base en buenas condiciones","DOMINGUEZ GRACIELA","2026-08-28 10:57:05","","","","Aéreo","2026-08-13 16:37:17",""
"Led17DeOctubre1785","","LED 150W","17 De Octubre 1785","Verde","Con base en buenas condiciones","DOMINGUEZ GRACIELA","2026-08-26 10:10:08","","","","Aéreo","2026-08-13 16:53:10",""
"Led17DeOctubre1745","","LED 150W","17 De Octubre 1745","Verde","Con base en buenas condiciones","DOMINGUEZ GRACIELA","2026-08-13 16:54:44","","","","Aéreo","2026-08-13 16:54:44",""
"Led17DeOctubre1715","","LED 150W","17 De Octubre 1715","Verde","Con base en buenas condiciones","DOMINGUEZ GRACIELA","2026-08-26 10:09:51","","","","Aéreo","2026-08-13 16:56:08",""
"Led17DeOctubre1675","","LED 150W","17 De Octubre 1675","Verde","Con base en buenas condiciones","DOMINGUEZ GRACIELA","2026-08-25 15:16:24","","","","Aéreo","2026-08-13 16:58:24",""
"Led17DeOctubre1615","","LED 150W","17 De Octubre 1625","Verde","Con base en buenas condiciones","DOMINGUEZ GRACIELA","2026-08-26 09:11:59","","","","Aéreo","2026-08-13 16:59:59",""
"LedPteChavez1825","","LED 150W","Pte Hugo Chávez 1825","Verde","Con base en buenas condiciones","DOMINGUEZ GRACIELA","2026-08-28 10:54:02","","","","Aéreo","2026-08-13 17:12:18",""
"LedPteChavez1855","","LED 150W","Pte Hugo Chávez 1855","Verde","Con base en buenas condiciones","DOMINGUEZ GRACIELA","2026-08-28 10:53:00","","","","Aéreo","2026-08-13 17:13:53",""
"LedPteChavez1785","","LED 150W","Pte Hugo Chávez 1785","Verde","Con base en buenas condiciones","DOMINGUEZ GRACIELA","2026-08-26 09:08:11","","","","Aéreo","2026-08-13 17:17:44",""
"LedPteChavez1745","","LED 150W","Pte Hugo Chávez 1745","Verde","Con base en buenas condiciones","DOMINGUEZ GRACIELA","2026-08-13 17:19:19","","","","Aéreo","2026-08-13 17:19:19",""
"LedPteChavez1665","","LED 150W","Pte Hugo Chávez 1665","Verde","Con base en buenas condiciones","DOMINGUEZ GRACIELA","2026-08-28 10:46:19","","","","Aéreo","2026-08-13 17:22:11",""
"LedCalleSN1","","LED 150W","Calle SN 1","Verde","Con base en buenas condiciones","DOMINGUEZ GRACIELA","2026-08-28 10:55:25","","","","Aéreo","2026-08-13 17:27:28",""
"LedCalleSN2","","LED 150W","Calle SN 2","Verde","Con base en buenas condiciones","DOMINGUEZ GRACIELA","2026-08-28 10:55:33","","","","Aéreo","2026-08-13 17:28:38",""
"LedRocamora1575","","LED 150W","Rocamora 1575","Norte","Con base en buenas condiciones","Lautaro Basilio","2026-08-14 15:12:47","","","","Aéreo","2026-08-14 15:10:32",""
"LedRocamora1525","","LED 150W","Rocamora 1525","Norte","Con base en malas condiciones","Lautaro Basilio","2026-08-14 15:15:45","","","","Aéreo","2026-08-14 15:15:23",""
"LedSalta2505","","LED 150W","Salta 2505","Norte","Sin base","Lautaro Basilio","2026-08-14 15:20:23","","","","Aéreo","2026-08-14 15:17:27",""
"LedSalta2595","","LED 150W","Salta 2595","Norte","Sin base","Lautaro Basilio","2026-08-14 15:21:04","","","","Aéreo","2026-08-14 15:19:49",""
"LedSalta2485","","LED 150W","Salta 2485","Norte","Con base en buenas condiciones","Lautaro Basilio","2026-08-14 15:25:08","","","","Aéreo","2026-08-14 15:25:08",""
"LedSalta2415","","LED 150W","Salta 2415","Norte","Con base en buenas condiciones","Lautaro Basilio","2026-08-14 15:27:14","","","","Aéreo","2026-08-14 15:27:14",""
"LedGuemes1524","","LED 150W","Güemes 1524","Norte","Con base en buenas condiciones","Lautaro Basilio","2026-08-14 15:30:42","","","","Aéreo","2026-08-14 15:30:42",""
"LedGuemes1575","","LED 150W","Güemes 1575","Norte","Con base en buenas condiciones","Lautaro Basilio","2026-08-14 15:32:24","","","","Aéreo","2026-08-14 15:32:24",""
"LedSalta2385","","LED 150W","Salta 2385","Norte","Con base en buenas condiciones","Lautaro Basilio","2026-08-14 15:35:57","","","","Aéreo","2026-08-14 15:35:57",""
"LedSalta2325","","LED 150W","Salta 2325","Norte","Sin base","Lautaro Basilio","2026-08-14 15:38:22","","","","Aéreo","2026-08-14 15:38:22",""
"LedPellegrini2315","","LED 150W","Pellegrini 2315","Norte","Con base en malas condiciones","Lautaro Basilio","2026-08-14 15:44:39","","","","Aéreo","2026-08-14 15:42:41",""
"LedPellegrini2374","","LED 150W","Pellegrini 2374","Norte","Con base en buenas condiciones","Lautaro Basilio","2026-08-14 15:46:44","","","","Aéreo","2026-08-14 15:46:44",""
"LedGuemes1420","","LED 150W","Güemes 1420","Norte","Con base en buenas condiciones","Lautaro Basilio","2026-08-14 15:48:49","","","","Aéreo","2026-08-14 15:48:49",""
"LedGuemes1485","","LED 150W","Güemes 1485","Norte","Con base en buenas condiciones","Lautaro Basilio","2026-08-14 15:50:55","","","","Aéreo","2026-08-14 15:50:55",""
"LedPellegrini2420","","LED 150W","Pellegrini 2420","Norte","Con base en buenas condiciones","Lautaro Basilio","2026-08-14 15:54:59","","","","Aéreo","2026-08-14 15:53:43",""
"LedPellegrini2485","","LED 150W","Pellegrini 2485","Norte","Con base en buenas condiciones","Lautaro Basilio","2026-08-14 15:56:38","","","","Aéreo","2026-08-14 15:56:38",""
"LedRocamora1425","","LED 150W","Rocamora 1425","Norte","Con base en buenas condiciones","Lautaro Basilio","2026-08-14 16:00:01","","","","Aéreo","2026-08-14 15:57:14",""
"LedRocamora1475","","LED 150W","Rocamora1475","Norte","Con base en buenas condiciones","Lautaro Basilio","2026-08-14 16:01:44","","","","Aéreo","2026-08-14 16:01:44",""
"LedElSalvador2915","","LED 150W","El Salvador 2915","Tagué","Con base en buenas condiciones","DOMINGUEZ GRACIELA","2026-08-18 09:20:56","","","","Aéreo","2026-08-18 09:20:56",""
"LedElSalvador2970","True","LED 150W","El Salvador 2970","Tagué","Con base en buenas condiciones","DOMINGUEZ GRACIELA","2026-08-18 09:23:04","","","","Aéreo","2026-08-18 09:23:04",""
"LedElSalvador3025","","LED 150W","El Salvador 3025","Tagué","Con base en buenas condiciones","DOMINGUEZ GRACIELA","2026-08-18 09:26:13","","","","Aéreo","2026-08-18 09:26:13",""
"LedElSalvador3125","","LED 150W","El Salvador 3125","Tagué","Con base en buenas condiciones","DOMINGUEZ GRACIELA","2026-08-18 09:27:57","","","","Aéreo","2026-08-18 09:27:57",""
"LedElSalvador3185","True","LED 150W","El Salvador 3185","Tagué","Con base en buenas condiciones","DOMINGUEZ GRACIELA","2026-08-18 09:29:51","","","","Aéreo","2026-08-18 09:29:51",""
"LedElSalvador3255","","LED 150W","El Salvador 3255","Tagué","Con base en buenas condiciones","DOMINGUEZ GRACIELA","2026-08-18 09:31:50","","","","Aéreo","2026-08-18 09:31:50",""
"LedElSalvador3385","","LED 150W","El Salvador 3385","Tagué","Con base en buenas condiciones","DOMINGUEZ GRACIELA","2026-08-18 09:34:29","","","","Aéreo","2026-08-18 09:34:29",""
"LedElSalvador3340","True","LED 150W","El Salvador 3340","Tagué","Con base en buenas condiciones","DOMINGUEZ GRACIELA","2026-08-18 09:36:17","","","","Aéreo","2026-08-18 09:36:17",""
"LedJDPeron1885","","LED 150W","Juan D Perón 1880","Verde","Con base en buenas condiciones","DOMINGUEZ GRACIELA","2026-08-25 15:25:04","","","","Aéreo","2026-08-18 12:53:23",""
"LedJDPeron1833","","LED 150W","Juan D Perón 1833","Verde","Con base en buenas condiciones","DOMINGUEZ GRACIELA","2026-08-28 10:34:35","","","","Aéreo","2026-08-18 12:56:05",""
"LedJDPeron1720","","LED 150W","Juan D Perón 1720","Verde","Con base en buenas condiciones","DOMINGUEZ GRACIELA","2026-08-28 10:35:43","","","","Aéreo","2026-08-18 12:58:35",""
"LedJDPeron1750","","LED 150W","Juan D Perón 1750","Verde","Con base en buenas condiciones","DOMINGUEZ GRACIELA","2026-08-18 13:00:31","","","","Aéreo","2026-08-18 13:00:31",""
"LedJDPeron1680","","LED 150W","Juan D Perón 1685","Verde","Con base en buenas condiciones","DOMINGUEZ GRACIELA","2026-08-28 10:42:04","","","","Aéreo","2026-08-18 13:04:25",""
"LedParaguay1880","","LED 150W","Paraguay 1880","Verde","Con base en buenas condiciones","DOMINGUEZ GRACIELA","2026-08-26 16:17:12","","","","Aéreo","2026-08-18 13:08:21",""
"LedParaguay1745","","LED 150W","Paraguay 1745","Verde","Con base en buenas condiciones","DOMINGUEZ GRACIELA","2026-08-28 10:29:33","","","","Aéreo","2026-08-18 13:09:48",""
"LedParaguay1620","","LED 150W","Paraguay 1620","Verde","Con base en buenas condiciones","DOMINGUEZ GRACIELA","2026-08-28 10:24:09","","","","Aéreo","2026-08-18 13:14:44",""
"LedParaguay1675","","LED 150W","Paraguay 1675","Verde","Con base en buenas condiciones","DOMINGUEZ GRACIELA","2026-08-28 10:21:57","","","","Aéreo","2026-08-18 13:15:53",""
"LedBolivia1650","","LED 150W","Bolivia 1650","Verde","Con base en buenas condiciones","DOMINGUEZ GRACIELA","2026-08-28 10:19:49","","","","Aéreo","2026-08-18 13:26:05",""
"LedBolivia1880","","LED 150W","Bolivia 1880","Verde","Con base en buenas condiciones","DOMINGUEZ GRACIELA","2026-08-28 10:14:55","","","","Aéreo","2026-08-18 13:35:34",""
"LedBolivia1825","","LED 150W","Bolivia 1825","Verde","Con base en buenas condiciones","DOMINGUEZ GRACIELA","2026-08-28 10:15:44","","","","Aéreo","2026-08-18 13:36:49",""
"LedBolivia1780","","LED 150W","Bolivia 1780","Verde","Con base en buenas condiciones","DOMINGUEZ GRACIELA","2026-08-26 16:20:01","","","","Aéreo","2026-08-18 13:38:22",""
"LedBolivia1710","","LED 150W","Bolivia 1710","Verde","Con base en buenas condiciones","DOMINGUEZ GRACIELA","2026-08-26 16:19:47","","","","Aéreo","2026-08-18 13:40:02",""
"LedPellegrini2595","","LED 150W","Pellegrini 2595","Norte","Sin base","Lautaro Basilio","2026-08-18 15:21:28","","","","Aéreo","2026-08-18 15:20:14",""
"LedRocamora1393","","LED 150W","Rocamora 1393","Norte","Con base en buenas condiciones","Lautaro Basilio","2026-08-18 15:23:22","","","","Aéreo","2026-08-18 15:23:22",""
"LedRocamora1323","","LED 150W","Rocamora 1323","Norte","Con base en buenas condiciones","Lautaro Basilio","2026-08-18 15:25:25","","","","Aéreo","2026-08-18 15:25:25",""
"LedPeru2520","","LED 150W","Perú 2520","Norte","Con base en malas condiciones","Lautaro Basilio","2026-08-18 15:29:17","","","","Aéreo","2026-08-18 15:29:17",""
"LedCepeda1385","","LED 150W","Cepeda 1315","Norte","Con base en buenas condiciones","Lautaro Basilio","2026-08-18 15:32:41","","","","Aéreo","2026-08-18 15:32:41",""
"LedPeru2480","","LED 150W","Perú 2480","Norte","Con base en buenas condiciones","Lautaro Basilio","2026-08-18 15:37:03","","","","Aéreo","2026-08-18 15:36:52",""
"LedPeru2420","","LED 150W","Perú 2420","Norte","Con base en buenas condiciones","Lautaro Basilio","2026-08-18 15:38:32","","","","Aéreo","2026-08-18 15:38:32",""
"LedPer2370","","LED 150W","Perú 2370","Norte","Con base en buenas condiciones","Lautaro Basilio","2026-08-18 15:42:06","","","","Aéreo","2026-08-18 15:42:06",""
"LedPasajeLena2","","LED 150W","Pasaje Lena 15","Norte","Con base en buenas condiciones","Lautaro Basilio","2026-08-24 10:28:00","","","","Aéreo","2026-08-18 15:45:12",""
"LedPasajeLena1","","LED 150W","Pasaje Sena 65","Norte","Con base en buenas condiciones","Lautaro Basilio","2026-08-24 10:26:58","","","","Aéreo","2026-08-18 15:47:48",""
"LedPeru2320","","LED 150W","Perú 2320","Norte","Con base en buenas condiciones","Lautaro Basilio","2026-08-18 15:50:45","","","","Aéreo","2026-08-18 15:50:45",""
"LedPasajeLena5","","LED 150W","Pasaje Sena 5","Norte","Con base en buenas condiciones","Lautaro Basilio","2026-08-24 10:27:13","","","","Aéreo","2026-08-18 15:58:34",""
"LedPasajeLena4","","LED 150W","Pasaje Sena 3","Norte","Con base en buenas condiciones","Lautaro Basilio","2026-08-24 10:27:33","","","","Aéreo","2026-08-18 16:00:34",""
"LedLena3","","LED 150W","Pasaje Lena 10","Norte","Con base en buenas condiciones","Lautaro Basilio","2026-08-18 16:02:24","","","","Aéreo","2026-08-18 16:02:24",""
"LedGuemes1215","","LED 150W","Güemes 1215","Norte","Con base en buenas condiciones","Lautaro Basilio","2026-08-18 16:05:54","","","","Aéreo","2026-08-18 16:04:48",""
"LedGuemes1265","","LED 150W","Güemes 1265","Norte","Con base en buenas condiciones","Lautaro Basilio","2026-08-18 16:07:40","","","","Aéreo","2026-08-18 16:07:40",""
"LedGuemes1325","","LED 150W","Güemes 1325","Norte","Con base en buenas condiciones","Lautaro Basilio","2026-08-18 16:09:40","","","","Aéreo","2026-08-18 16:09:40",""
"LedGuemes1375","","LED 150W","Güemes 1375","Norte","Con base en buenas condiciones","Lautaro Basilio","2026-08-18 16:12:29","","","","Aéreo","2026-08-18 16:12:29",""
"LedRocamora1225","","LED 150W","Rocamora 1225","Norte","Con base en buenas condiciones","Lautaro Basilio","2026-08-18 16:15:45","","","","Aéreo","2026-08-18 16:14:38",""
"LedRocamora1275","","LED 150W","Rocamora 1275","Norte","Con base en buenas condiciones","Lautaro Basilio","2026-08-18 16:17:51","","","","Aéreo","2026-08-18 16:17:51",""
"LedEcuador1885","","LED 150W","Ecuador 1885","Verde","Con base en buenas condiciones","DOMINGUEZ GRACIELA","2026-08-26 16:49:25","","","","Aéreo","2026-08-18 17:18:42",""
"LedEcuador1835","","LED 150W","Ecuador 1835","Verde","Con base en buenas condiciones","DOMINGUEZ GRACIELA","2026-08-28 10:11:35","","","","Aéreo","2026-08-18 17:33:44",""
"LedEcuador1710","","LED 150W","Ecuador 1710","Verde","Con base en buenas condiciones","DOMINGUEZ GRACIELA","2026-08-28 09:59:49","","","","Aéreo","2026-08-18 17:37:29",""
"LedEcuador1755","","LED 150W","Ecuador 1755","Verde","Con base en buenas condiciones","DOMINGUEZ GRACIELA","2026-08-28 09:57:39","","","","Aéreo","2026-08-18 17:41:07",""
"LedEcuador1635","","LED 150W","Ecuador 1635","Verde","Con base en buenas condiciones","DOMINGUEZ GRACIELA","2026-08-28 09:53:32","","","","Aéreo","2026-08-18 17:49:00",""
"LedEcuador1790","","LED 150W","Ecuador 1790","Verde","Con base en buenas condiciones","DOMINGUEZ GRACIELA","2026-08-28 09:58:43","","","","Aéreo","2026-08-18 17:51:52",""
"LedVDeLujan3830","","LED 150W","Virgen de Luján 3830","Verde","Con base en buenas condiciones","DOMINGUEZ GRACIELA","2026-08-18 18:06:23","","","","Aéreo","2026-08-18 18:06:23",""
"LedVDeLujan3750","","LED 150W","Virgen De Lujan 3750","Verde","Con base en buenas condiciones","DOMINGUEZ GRACIELA","2026-08-18 18:09:05","","","","Aéreo","2026-08-18 18:09:05",""
"LedVDeLujan3650","","LED 150W","Virgen de Lujan3650","Verde","Con base en buenas condiciones","DOMINGUEZ GRACIELA","2026-08-18 18:13:11","","","","Aéreo","2026-08-18 18:13:11",""
"LedVDLujan3545","","LED 150W","Virgen de Luján 3545","Verde","Con base en buenas condiciones","DOMINGUEZ GRACIELA","2026-08-18 18:15:15","","","","Aéreo","2026-08-18 18:15:15",""
"LedVDeLujan3425","","LED 150W","Virgen de Luján 3425","Verde","Con base en buenas condiciones","DOMINGUEZ GRACIELA","2026-08-18 18:16:52","","","","Aéreo","2026-08-18 18:16:52",""
"LedFochesatto3750","","LED 150W","Presbítero Fochezatto 3750","Verde","Con base en buenas condiciones","DOMINGUEZ GRACIELA","2026-08-18 18:21:05","","","","Aéreo","2026-08-18 18:18:42",""
"LedFochesatto3650","","LED 150W","Presbítero Fochezatto 3650","Verde","Con base en buenas condiciones","DOMINGUEZ GRACIELA","2026-08-18 18:22:50","","","","Aéreo","2026-08-18 18:22:50",""
"LedFochesatto3545","","LED 150W","Presbítero Fochezatto 3545","Verde","Con base en buenas condiciones","DOMINGUEZ GRACIELA","2026-08-18 18:24:22","","","","Aéreo","2026-08-18 18:24:22",""
"LedFochesatto3430","","LED 150W","Presbítero Fochesatto 3430","Verde","Con base en buenas condiciones","DOMINGUEZ GRACIELA","2026-08-28 10:01:49","","","","Aéreo","2026-08-18 18:26:35",""
"LedColombia1715","True","LED 150W","Colombia 1715","Verde","Con base en buenas condiciones","DOMINGUEZ GRACIELA","2026-08-28 09:50:34","","","","Aéreo","2026-08-20 13:33:13",""
"LedColombia1770","True","LED 150W","Colombia 1770","Verde","Con base en buenas condiciones","DOMINGUEZ GRACIELA","2026-08-28 09:49:39","","","","Aéreo","2026-08-20 13:36:04",""
"LedColombia1640","","LED 150W","Colombia 1640","Verde","Con base en buenas condiciones","DOMINGUEZ GRACIELA","2026-08-26 09:51:49","","","","Aéreo","2026-08-20 13:37:30",""
"LedVenezuela1715","","LED 150W","Venezuela 1715","Verde","Con base en buenas condiciones","DOMINGUEZ GRACIELA","2026-08-24 10:34:17","","","","Aéreo","2026-08-20 13:39:16",""
"LedVenezuela1880","True","LED 150W","Venezuela 1880","Verde","Con base en buenas condiciones","DOMINGUEZ GRACIELA","2026-08-28 09:43:27","","","","Aéreo","2026-08-20 13:42:25",""
"LedVenezuela1760","","LED 150W","Venezuela 1760","Verde","Con base en buenas condiciones","DOMINGUEZ GRACIELA","2026-08-28 09:38:26","","","","Aéreo","2026-08-20 13:43:38",""
"LedVenezuela1650","","LED 150W","Venezuela 1650","Verde","Con base en buenas condiciones","DOMINGUEZ GRACIELA","2026-08-28 09:36:22","","","","Aéreo","2026-08-20 13:44:50",""
"Led16DeAbril1835","","LED 150W","16 De Abril 1835","Verde","Con base en buenas condiciones","DOMINGUEZ GRACIELA","2026-08-28 09:28:45","","","","Aéreo","2026-08-20 13:51:27",""
"Led16DeAbril1725","","LED 150W","16 De Abril 1725","Verde","Con base en buenas condiciones","DOMINGUEZ GRACIELA","2026-08-26 09:25:26","","","","Aéreo","2026-08-20 13:56:25",""
"Led16DeAbril1650","","LED 150W","16 De Abril 1650","Verde","Con base en buenas condiciones","DOMINGUEZ GRACIELA","2026-08-28 09:33:24","","","","Aéreo","2026-08-20 13:57:49",""
"Led16DeAbril1770","","LED 150W","16 De Abril 1770","Verde","Con base en buenas condiciones","DOMINGUEZ GRACIELA","2026-08-26 09:25:10","","","","Aéreo","2026-08-20 13:59:36",""
"LedPanama1825","","LED 150W","Panamá 1825","Verde","Con base en buenas condiciones","DOMINGUEZ GRACIELA","2026-08-28 09:20:34","","","","Aéreo","2026-08-20 16:33:32",""
"LedPanama1725","","LED 150W","Panamá 1725","Verde","Con base en buenas condiciones","DOMINGUEZ GRACIELA","2026-08-26 09:30:12","","","","Aéreo","2026-08-20 16:34:50",""
"LedPanama1675","","LED 150W","Panamá 1675","Verde","Con base en buenas condiciones","DOMINGUEZ GRACIELA","2026-08-26 09:29:41","","","","Aéreo","2026-08-20 16:36:23",""
"LedPanama1880","","LED 150W","Panamá 1880","Verde","Con base en buenas condiciones","DOMINGUEZ GRACIELA","2026-08-26 09:28:46","","","","Aéreo","2026-08-20 16:37:40",""
"LedPanama1770","","LED 150W","Panamá 1770","Verde","Con base en buenas condiciones","DOMINGUEZ GRACIELA","2026-08-26 09:30:25","","","","Aéreo","2026-08-20 16:39:16",""
"LedPanama1620","","LED 150W","Panamá 1620","Verde","Con base en buenas condiciones","DOMINGUEZ GRACIELA","2026-08-26 09:29:16","","","","Aéreo","2026-08-20 16:40:19",""
"LedCostaRica1870","","LED 150W","Costa Rica 1870","Verde","Con base en buenas condiciones","DOMINGUEZ GRACIELA","2026-08-26 09:34:20","","","","Aéreo","2026-08-20 16:41:56",""
"LedCostaRica1770","","LED 150W","Costa Rica 1770","Verde","Con base en buenas condiciones","DOMINGUEZ GRACIELA","2026-08-28 09:18:21","","","","Aéreo","2026-08-20 16:43:34",""
"LedCostaRica1715","","LED 150W","Costa Rica 1715","Verde","Con base en buenas condiciones","DOMINGUEZ GRACIELA","2026-08-28 09:22:15","","","","Aéreo","2026-08-20 16:46:27",""
"LedCostaRica1645","","LED 150W","Costa Rica 1645","Verde","Con base en buenas condiciones","DOMINGUEZ GRACIELA","2026-08-26 09:35:41","","","","Aéreo","2026-08-20 16:48:15",""
"LedFochesatto3375","","LED 150W","Fochezatto 3375","Verde","Con base en buenas condiciones","DOMINGUEZ GRACIELA","2026-08-20 16:53:08","","","","Aéreo","2026-08-20 16:53:08",""
"LedFochesatto3255","","LED 150W","Fochezatto 3255","Verde","Con base en buenas condiciones","DOMINGUEZ GRACIELA","2026-08-20 16:56:07","","","","Aéreo","2026-08-20 16:56:07",""
"LedFochesatto3165","","LED 150W","Fochezatto 3165","Verde","Con base en buenas condiciones","DOMINGUEZ GRACIELA","2026-08-20 16:58:15","","","","Aéreo","2026-08-20 16:58:15",""
"LedFochesatto3075","","LED 150W","Fochezatto 3075","Verde","Con base en buenas condiciones","DOMINGUEZ GRACIELA","2026-08-20 17:00:13","","","","Aéreo","2026-08-20 17:00:13",""
"LedFochesatto3015","","LED 150W","Fochesatto 3015","Verde","Con base en buenas condiciones","DOMINGUEZ GRACIELA","2026-08-26 09:36:43","","","","Aéreo","2026-08-20 17:02:34",""
"LedFochesatto2935","","LED 150W","Fochezatto 2935","Verde","Con base en buenas condiciones","DOMINGUEZ GRACIELA","2026-08-20 17:04:46","","","","Aéreo","2026-08-20 17:04:46",""
"LedTurcoPampillon2445","","LED 150W","Pasaje Turco Pampillon 2445","Norte","Con base en buenas condiciones","Lautaro Basilio","2026-08-21 16:05:58","","","","Aéreo","2026-08-21 16:04:15",""
"LedTurcoPapillon 2480","","LED 150W","Pasaje Turco Pampillon 2480","Norte","Con base en buenas condiciones","Lautaro Basilio","2026-08-21 16:07:45","","","","Aéreo","2026-08-21 16:07:45",""
"LedTurcoPapillon2495","","","Pasaje Turco Pampillon 2495","Norte","Con base en buenas condiciones","Lautaro Basilio","2026-08-21 16:09:27","","","","Aéreo","2026-08-21 16:09:27",""
"LedCepeda1275","","LED 150W","Cepeda 1275","Norte","Con base en buenas condiciones","Lautaro Basilio","2026-08-21 16:11:25","","","","Aéreo","2026-08-21 16:10:35",""
"LedCepeda1225","","LED 150W","Cepeda 1225","Norte","Con base en malas condiciones","Lautaro Basilio","2026-08-21 16:13:04","","","","Aéreo","2026-08-21 16:13:04",""
"LedCepeda1175","","LED 150W","Cepeda 1175","Norte","Con base en buenas condiciones","Lautaro Basilio","2026-08-21 16:15:59","","","","Aéreo","2026-08-21 16:15:59",""
"LedCepeda1125","","LED 150W","Cepeda 1125","Norte","Con base en buenas condiciones","Lautaro Basilio","2026-08-21 16:17:52","","","","Aéreo","2026-08-21 16:16:31",""
"LedIslasMalvinas2600","","LED 150W","Islas Malvinas 2550","Norte","Con base en buenas condiciones","Lautaro Basilio","2026-08-21 16:20:17","","","","Aéreo","2026-08-21 16:19:30",""
"LedIslasMalvinas2575","","LED 150W","Islas Malvinas 2515","Norte","Con base en buenas condiciones","Lautaro Basilio","2026-08-21 16:22:53","","","","Aéreo","2026-08-21 16:22:04",""
"LedIslasMalvinas2530","","LED 150W","Islas malvinas 2530","Norte","Con base en buenas condiciones","Lautaro Basilio","2026-08-21 16:24:17","","","","Aéreo","2026-08-21 16:24:17",""
"LedPioXllSN1","","LED 150W","PioXllSN1","Verde","Con base en buenas condiciones","DOMINGUEZ GRACIELA","2026-08-23 18:00:02","","","","Aéreo","2026-08-23 18:00:02",""
"LedPioXIlSN2","","LED 150W","Pio XII 2","Verde","Con base en buenas condiciones","DOMINGUEZ GRACIELA","2026-08-23 18:02:46","","","","Aéreo","2026-08-23 18:02:46",""
"LedPioXIISN3","","LED 150W","Pio XII S N 3","Verde","Con base en buenas condiciones","DOMINGUEZ GRACIELA","2026-08-28 10:13:56","","","","Aéreo","2026-08-23 18:05:06",""
"LedPioXIISN4","","LED 150W","Pio XII SN 4","Verde","Con base en buenas condiciones","DOMINGUEZ GRACIELA","2026-08-28 09:44:22","","","","Aéreo","2026-08-23 18:06:55",""
"LedPioXIISN5","","LED 150W","Pio XII S N 5","Verde","Con base en buenas condiciones","DOMINGUEZ GRACIELA","2026-08-23 18:09:35","","","","Aéreo","2026-08-23 18:09:35",""
"LedPioXIISN6","","LED 150W","Pio XII SN 6","Verde","Con base en buenas condiciones","DOMINGUEZ GRACIELA","2026-08-28 09:26:36","","","","Aéreo","2026-08-23 18:25:43",""
"LedPioXIISN9","","LED 150W","Pio XII SN 9","Verde","Con base en buenas condiciones","DOMINGUEZ GRACIELA","2026-08-23 18:27:26","","","","Aéreo","2026-08-23 18:27:26",""
"LedPioXIISN10","","LED 150W","Pio XII SN 10","Verde","Con base en buenas condiciones","DOMINGUEZ GRACIELA","2026-08-23 18:29:05","","","","Aéreo","2026-08-23 18:29:05",""
"LedPioXIISN11","","LED 150W","Pio XII SN 11","Verde","Con base en buenas condiciones","DOMINGUEZ GRACIELA","2026-08-23 18:31:04","","","","Aéreo","2026-08-23 18:31:04",""
"LedPioXIISN12","","LED 150W","Pío XII SN 12","Verde","Con base en buenas condiciones","DOMINGUEZ GRACIELA","2026-08-23 18:33:05","","","","Aéreo","2026-08-23 18:33:05",""
"LedPioXIISN13","","LED 150W","Pio XII SN 13","Verde","Con base en buenas condiciones","DOMINGUEZ GRACIELA","2026-08-23 18:34:25","","","","Aéreo","2026-08-23 18:34:25",""
"LedVirgenDeLujan3385","","LED 150W","Virgen de Luján 3385","Verde","Con base en buenas condiciones","DOMINGUEZ GRACIELA","2026-08-23 18:44:29","","","","Aéreo","2026-08-23 18:44:29",""
"LedVirgenDeLujan3325","","LED 150W","Virgen de Luján 3325","Verde","Con base en buenas condiciones","DOMINGUEZ GRACIELA","2026-08-28 10:07:51","","","","Aéreo","2026-08-23 18:46:06",""
"LedVirgenDeLujan3280","","LED 150W","Virgen de Luján 3280","Verde","Con base en buenas condiciones","DOMINGUEZ GRACIELA","2026-08-23 18:47:54","","","","Aéreo","2026-08-23 18:47:54",""
"LedVirgenDeLujan3220","","LED 150W","Virgen de Luján 3220","Verde","Con base en buenas condiciones","DOMINGUEZ GRACIELA","2026-08-23 18:49:12","","","","Aéreo","2026-08-23 18:49:12",""
"LedVirgenDeLujan3185","","LED 150W","Virgen de Luján 3185","Verde","Con base en buenas condiciones","DOMINGUEZ GRACIELA","2026-08-23 18:53:19","","","","Aéreo","2026-08-23 18:53:19",""
"LedVirgenDeLujan3115","","LED 150W","Virgen de Luján 3115","Verde","Con base en buenas condiciones","DOMINGUEZ GRACIELA","2026-08-23 18:54:59","","","","Aéreo","2026-08-23 18:54:59",""
"LedVirgenDeLujan3080","","LED 150W","Virgen de Luján 3080","Verde","Con base en buenas condiciones","DOMINGUEZ GRACIELA","2026-08-23 18:58:03","","","","Aéreo","2026-08-23 18:58:03",""
"LedVirgenDeLujan3010","","LED 150W","Virgen de Luján 3010","Verde","Con base en buenas condiciones","DOMINGUEZ GRACIELA","2026-08-23 18:59:10","","","","Aéreo","2026-08-23 18:59:10",""
"LedVirgenDeLujan2975","","LED 150W","Virgen de Luján 2975","Verde","Con base en buenas condiciones","DOMINGUEZ GRACIELA","2026-08-23 19:00:26","","","","Aéreo","2026-08-23 19:00:26",""
"LedVirgenDeLujan2925","","LED 150W","Virgen De Lujan 2925","Verde","Con base en buenas condiciones","DOMINGUEZ GRACIELA","2026-08-23 19:02:02","","","","Aéreo","2026-08-23 19:02:02",""
"LedVirgenDeLujan2870","","LED 150W","Virgen de Luján 2870","Verde","Con base en buenas condiciones","DOMINGUEZ GRACIELA","2026-08-23 19:03:15","","","","Aéreo","2026-08-23 19:03:15",""
"LedVirgenDeLujan2820","","LED 150W","Virgen de Luján 2820","Verde","Con base en buenas condiciones","DOMINGUEZ GRACIELA","2026-08-23 19:04:26","","","","Aéreo","2026-08-23 19:04:26",""
"LedVillaLibertad1565","","LED 150W","Av. Villa Libertad 1565","Norte","Sin base","Lautaro Basilio","2026-08-24 15:54:08","","","","Aéreo","2026-08-24 15:52:27",""
"LedAvVillaLibertad1540","","LED 150W","Av. Villa Libertad 1540","Loteo Peñaloza","Sin base","Lautaro Basilio","2026-08-24 15:57:07","","","","Aéreo","2026-08-24 15:56:29",""
"AvVillaLibertad1470","","LED 150W","Av Villa Libertad 1470","Loteo Peñaloza","Sin base","Lautaro Basilio","2026-09-08 09:20:54","","","","Aéreo","2026-08-24 15:59:16",""
"LedVillaLibertad1420","","LED 150W","Av. Villa Libertad","Loteo Peñaloza","Con base en buenas condiciones","Lautaro Basilio","2026-08-24 16:01:24","","","","Aéreo","2026-08-24 16:01:24",""
"LedAvVillaLibertad1380","","LED 150W","Av. Villa Libertad","Loteo Peñaloza","Con base en buenas condiciones","Lautaro Basilio","2026-08-24 16:04:20","","","","No se puede identificar","2026-08-24 16:04:20",""
"LedAvVillaLibertad1320","","LED 150W","Av. Villa Libertad 1320","Loteo Peñaloza","Sin base","Lautaro Basilio","2026-08-24 16:07:03","","","","Aéreo","2026-08-24 16:07:03",""
"LedAvVillaLibertad1280","","LED 150W","Av. Villa Libertad 1280","Loteo Peñaloza","Sin base","Lautaro Basilio","2026-08-24 16:09:56","","","","Aéreo","2026-08-24 16:08:29",""
"LedAvVillaLibertad1240","","LED 150W","Av. Villa Libertad1240","Loteo Peñaloza","Con base en buenas condiciones","Lautaro Basilio","2026-08-24 16:11:54","","","","Aéreo","2026-08-24 16:11:54",""
"LedCostaRica1335","","LED 150W","Costa Rica 1335","Loteo Peñaloza","Con base en buenas condiciones","Lautaro Basilio","2026-08-24 16:17:05","","","","Aéreo","2026-08-24 16:17:05",""
"LedCostaRica1390","","LED 150W","Costa Rica 1390","Loteo Peñaloza","Con base en buenas condiciones","Lautaro Basilio","2026-08-24 16:18:54","","","","Aéreo","2026-08-24 16:18:54",""
"LedPellegriniSN","","LED 150W","Pellegrini SN","Loteo Peñaloza","Con base en buenas condiciones","Lautaro Basilio","2026-08-26 09:20:13","","","","Aéreo","2026-08-24 16:21:06",""
"LedCostaRica1415","","LED 150W","Costa Rica 1415","Loteo Peñaloza","Con base en buenas condiciones","Lautaro Basilio","2026-08-24 16:22:58","","","","Aéreo","2026-08-24 16:22:58",""
"LedSaltaSN","","LED 150W","Salta SN","Loteo Peñaloza","Sin base","Lautaro Basilio","2026-08-26 09:19:41","","","","Aéreo","2026-08-24 16:26:13",""
"LedCostaRica1515","","LED 150W","Costa Rica 1525","Loteo Peñaloza","Con base en buenas condiciones","Lautaro Basilio","2026-08-24 16:27:57","","","","Aéreo","2026-08-24 16:27:57",""
"LedBrasil2320","","LED 150W","Brasil 2320","Parque","Con base en buenas condiciones","Ana Celina Pozzi","2026-08-24 18:02:32","","","","Aéreo","2026-08-24 18:00:03",""
"LedBrasil2375","","LED 150W","Brasil 2375","Parque","Con base en buenas condiciones","Ana Celina Pozzi","2026-08-24 18:10:28","","","","Aéreo","2026-08-24 18:02:41",""
"LedBrasil2420","True","LED 150W","Brasil 2420","Parque","Sin base","Ana Celina Pozzi","2026-08-24 18:03:33","","","","Aéreo","2026-08-24 18:03:03",""
"LedBrasil2475","","LED 150W","Brasil 2475","Parque","Sin base","Ana Celina Pozzi","2026-08-24 18:04:28","","","","Aéreo","2026-08-24 18:04:08",""
"LedBrasil2530","","LED 150W","Brasil 2530","Parque","Sin base","Ana Celina Pozzi","2026-08-24 18:05:02","","","","Aéreo","2026-08-24 18:04:39",""
"LedBrasil2575","","LED 150W","Brasil 2575","Parque","Sin base","Ana Celina Pozzi","2026-08-24 18:05:42","","","","Aéreo","2026-08-24 18:05:25",""
"LedBrasil2630","","LED 150W","Brasil 2630","Parque","Sin base","Ana Celina Pozzi","2026-08-24 18:14:59","","","","Aéreo","2026-08-24 18:07:28",""
"LedBrasil2645","","LED 150W","Brasil 2645","Parque","Sin base","Ana Celina Pozzi","2026-08-24 18:15:53","","","","Aéreo","2026-08-24 18:15:12",""
"LedBrasil2660","","LED 150W","Brasil 2660","Parque","Sin base","Ana Celina Pozzi","2026-08-24 18:16:29","","","","Aéreo","2026-08-24 18:16:03",""
"LedBrasil2785","","LED 150W","Brasil 2785","Parque","Sin base","Ana Celina Pozzi","2026-08-24 18:17:27","","","","Aéreo","2026-08-24 18:16:38",""
"LedBrasil2848","","LED 150W","Brasil 2848","Los Lapachos","Con base en buenas condiciones","Ana Celina Pozzi","2026-08-26 10:18:08","","","","Aéreo","2026-08-24 18:17:31",""
"LedAvVillaLibertad2220","","LED 150W","Av Villa Libertad 2220","Pinar","Sin base","Ana Celina Pozzi","2026-08-24 18:58:06","","","","Aéreo","2026-08-24 18:58:06",""
"LedAvVillaLibertad2240","","LED 150W","Av Villa Libertad 2240","Pinar","Sin base","Ana Celina Pozzi","2026-08-24 18:58:37","","","","Aéreo","2026-08-24 18:58:14",""
"LedAvVillaLibertad2260","","LED 150W","Av Villa Libertad 2260","Pinar","Sin base","Ana Celina Pozzi","2026-08-24 19:01:19","","","","Aéreo","2026-08-24 18:58:43",""
"LedAvVillaLibertad2280","","LED 150W","Av Villa Libertad 2280","Pinar","Sin base","Ana Celina Pozzi","2026-08-24 19:01:01","","","","Aéreo","2026-08-24 18:59:14",""
"LedAvVillaLibertad2320","","LED 150W","Av Villa Libertad 2320","Pinar","Sin base","Ana Celina Pozzi","2026-08-24 19:30:33","","","","Aéreo","2026-08-24 19:30:33",""
"LedAvVillaLibertad2340","","LED 150W","Av Villa Libertad 2340","Pinar","Sin base","Ana Celina Pozzi","2026-08-24 19:30:59","","","","Aéreo","2026-08-24 19:30:41",""
"LedAvVillaLibertad2360","","LED 150W","Av Villa Libertad 2360","Pinar","Sin base","Ana Celina Pozzi","2026-08-24 19:32:12","","","","Aéreo","2026-08-24 19:31:03",""
"LedAvVillaLibertad2380","","LED 150W","Av Villa Libertad 2380","Pinar","Sin base","Ana Celina Pozzi","2026-09-05 09:28:32","","","","Aéreo","2026-08-24 19:32:17","Colocación de luminaria INGEMAR150W, 1fusible, 10mts de cable, morceto neutro y portafusible LCT y 4 retenciones LCT"
"LedAvVillaLibertad2420","","LED 150W","Av Villa Libertad 2420","Pinar","Sin base","Ana Celina Pozzi","2026-08-24 19:35:23","","","","Aéreo","2026-08-24 19:35:01",""
"LedAvVillaLibertad2440","","LED 150W","Av Villa Libertad 2440","Pinar","Sin base","Ana Celina Pozzi","2026-08-24 19:35:50","","","","Aéreo","2026-08-24 19:35:32",""
"LedAvVillaLibertad2460","","LED 150W","Av Villa Libertad 2460","Pinar","Sin base","Ana Celina Pozzi","2026-08-24 19:36:29","","","","Aéreo","2026-08-24 19:36:00",""
"LedAvVillaLibertad2480","","LED 150W","Av Villa Libertad 2480","Pinar","Sin base","Ana Celina Pozzi","2026-08-24 19:37:08","","","","Aéreo","2026-08-24 19:36:51",""
"LedAvVillaLibertad2520","","LED 150W","Av Villa Libertad 2520","Pinar","Sin base","Ana Celina Pozzi","2026-08-24 19:37:58","","","","Aéreo","2026-08-24 19:37:31",""
"LedAvVillaLibertad2540","","LED 150W","Av Villa Libertad 2540","Pinar","Sin base","Ana Celina Pozzi","2026-08-24 19:38:30","","","","Aéreo","2026-08-24 19:38:01",""
"LedAvVillaLibertad2560","","LED 150W","Av Villa Libertad 2560","Pinar","Sin base","Ana Celina Pozzi","2026-08-24 19:38:56","","","","Aéreo","2026-08-24 19:38:37",""
"LedAvVillaLibertad2580","","LED 150W","Av Villa Libertad 2580","Pinar","Sin base","Ana Celina Pozzi","2026-08-24 19:39:37","","","","Aéreo","2026-08-24 19:39:01",""
"LedAvVillaLibertad2525","","LED 150W","Av Villa Libertad 2625","Pinar","Sin base","Ana Celina Pozzi","2026-08-24 19:42:43","","","","Aéreo","2026-08-24 19:42:03",""
"LedAvVillaLibertad2555","","LED 150W","Av Villa Libertad 2655","Pinar","Sin base","Ana Celina Pozzi","2026-08-24 19:43:06","","","","Aéreo","2026-08-24 19:42:50",""
"LedAvVillaLibertad2675","","LED 150W","Av Villa Libertad 2675","Pinar","Sin base","Ana Celina Pozzi","2026-08-24 19:55:05","","","","Aéreo","2026-08-24 19:43:13",""
"LedAv1rodeMayo2690","","LED 150W","Av 1ro de Mayo 2690","Pinar","Con base en buenas condiciones","Ana Celina Pozzi","2026-08-26 17:19:01","","","","Aéreo","2026-08-26 17:11:14",""
"LedAv1rodeMayo2670","True","LED 150W","Av 1ro de Mayo 2670","Pinar","Sin base","Ana Celina Pozzi","2026-08-26 17:19:50","","","","Aéreo","2026-08-26 17:19:04",""
"LedAv1rodeMayo2620","","LED 150W","Av 1ro de Mayo 2620","Pinar","Sin base","Ana Celina Pozzi","2026-08-26 17:20:30","","","","Aéreo","2026-08-26 17:19:55",""
"LedAv1rodeMayo2590","","LED 150W","Av 1ro de Mayo 2590","Pinar","Sin base","Ana Celina Pozzi","2026-08-26 17:25:53","","","","Aéreo","2026-08-26 17:25:23",""
"LedAv1rodeMayo2570","","LED 150W","Av 1ro de Mayo 2570","Pinar","Con base en buenas condiciones","Ana Celina Pozzi","2026-08-26 17:26:40","","","","Aéreo","2026-08-26 17:26:04",""
"LedAv1rodeMayo2560","","LED 150W","Av 1ro de Mayo 2560","Pinar","Con base en buenas condiciones","Ana Celina Pozzi","2026-08-26 17:32:15","","","","Aéreo","2026-08-26 17:31:41",""
"LedAv1rodeMayo2540","","LED 150W","Av 1ro de Mayo 2540","Pinar","Sin base","Ana Celina Pozzi","2026-08-26 17:33:02","","","","Aéreo","2026-08-26 17:32:23",""
"LedAv1rodeMayo2510","","LED 150W","Av 1ro de Mayo 2510","Pinar","Sin base","Ana Celina Pozzi","2026-08-26 17:36:02","","","","Aéreo","2026-08-26 17:35:01",""
"LedAv1rodeMayo2480","","LED 150W","Av 1ro de Mayo 2480","Pinar","Sin base","Ana Celina Pozzi","2026-08-26 17:40:28","","","","Aéreo","2026-08-26 17:39:12",""
"LedAv1rodeMayo2430","","LED 150W","Av 1ro de Mayo 2430","Pinar","Sin base","Ana Celina Pozzi","2026-08-26 17:50:20","","","","Aéreo","2026-08-26 17:49:39",""
"LedAv1rodeMayo2390","","LED 150W","Av 1ro de Mayo 2390","Pinar","Con base en buenas condiciones","Ana Celina Pozzi","2026-08-26 17:55:30","","","","Aéreo","2026-08-26 17:54:50",""
"LedAv1rodeMayo2330","","LED 150W","Av 1ro de Mayo 2330","Pinar","Sin base","Ana Celina Pozzi","2026-08-26 17:58:31","","","","Aéreo","2026-08-26 17:57:26",""
"LedAv1rodeMayo2310","","LED 150W","Av 1ro de Mayo 2310","Pinar","Sin base","Ana Celina Pozzi","2026-08-26 18:03:34","","","","Aéreo","2026-08-26 18:02:27",""
"LedAv1rodeMayo2270","","LED 150W","Av 1ro de Mayo 2270","Pinar","Sin base","Ana Celina Pozzi","2026-08-26 18:04:45","","","","Aéreo","2026-08-26 18:03:43",""
"LedAv1rodeMayo2220","","LED 150W","Av 1ro de Mayo 2220","Pinar","Con base en buenas condiciones","Ana Celina Pozzi","2026-08-26 18:05:29","","","","Aéreo","2026-08-26 18:05:07",""
"LedAv1rodeMayo2008","","LED 150W","Av 1ro de Mayo 2008","Parque","Con base en buenas condiciones","Ana Celina Pozzi","2026-08-26 18:16:33","","","","Aéreo","2026-08-26 18:13:21",""
"LedAv1rodeMayo2050","","LED 150W","Av 1ro de Mayo 2050","Parque","Con base en buenas condiciones","Ana Celina Pozzi","2026-08-26 18:17:05","","","","Aéreo","2026-08-26 18:16:42",""
"LedAv1rodeMayo2104","","LED 150W","Av 1ro de Mayo 2105","Parque","Con base en buenas condiciones","Ana Celina Pozzi","2026-08-26 18:22:22","","","","Aéreo","2026-08-26 18:21:51",""
"LedAv1rodeMayo2190","","LED 150W","Av 1ro de Mayo 2190","Parque","Sin base","Ana Celina Pozzi","2026-08-26 18:23:19","","","","Aéreo","2026-08-26 18:22:42",""
"LedPjeLosCeibos25","","LED 150W","Pje Lo sCeibos 25","Parque","Sin base","Lautaro Basilio","2026-08-27 18:21:00","","","","Subterráneo","2026-08-27 18:21:00",""
"LedFochesatto2310","","LED 150W","Fochesatto 2310","Parque","Con base en buenas condiciones","Lautaro Basilio","2026-08-27 18:24:34","","","","Subterráneo","2026-08-27 18:22:01",""
"LedPjeLosCeibos75","","LED 150W","Pje Los Ceibos 75","Parque","Sin base","Lautaro Basilio","2026-08-27 18:23:37","","","","Subterráneo","2026-08-27 18:23:37",""
"LedFochesatto2340","","LED 150W","Fochesatto 2340","Parque","Sin base","Lautaro Basilio","2026-08-27 18:26:30","","","","Aéreo","2026-08-27 18:24:39",""
"LedFochesatto2470","","LED 150W","Fochesatto 2470","Parque","Con base en buenas condiciones","Lautaro Basilio","2026-08-27 18:28:45","","","","Subterráneo","2026-08-27 18:26:47",""
"LedFochesatto2420","","LED 150W","Fochesatto 2420","Parque","Con base en buenas condiciones","Lautaro Basilio","2026-09-05 09:13:44","","","","Subterráneo","2026-08-27 18:27:27","Cambio de fotocélula LUMNIA"
"LedFochesatto2520","","LED 150W","Fochesatto 2250","Parque","Con base en buenas condiciones","Lautaro Basilio","2026-08-27 18:31:03","","","","Subterráneo","2026-08-27 18:29:22",""
"LedFochesatto2605","","LED 150W","Fochesatto 2605","Parque","Con base en buenas condiciones","Lautaro Basilio","2026-08-27 18:31:37","","","","Aéreo","2026-08-27 18:31:15",""
"LedFochesatto2670","","LED 150W","Fochesatto 2670","Parque","Con base en buenas condiciones","Lautaro Basilio","2026-08-27 18:32:54","","","","Aéreo","2026-08-27 18:31:43",""
"LedFochesatto2710","","LED 150W","Fochesatto 2710","Parque","Sin base","Lautaro Basilio","2026-08-27 18:34:05","","","","Aéreo","2026-08-27 18:33:01",""
"LedFochesatto2785","","LED 150W","Fochesatto 2785","Parque","Sin base","Lautaro Basilio","2026-08-27 18:33:47","","","","Aéreo","2026-08-27 18:33:33",""
"LedFochesatto2815","","LED 150W","Fochesatto 2815","Parque","Sin base","Lautaro Basilio","2026-08-27 18:34:57","","","","Aéreo","2026-08-27 18:34:35",""
"LedFochesatto2845","","LED 150W","Fochesatto 2845","Parque","Sin base","Lautaro Basilio","2026-08-27 18:35:28","","","","Aéreo","2026-08-27 18:35:03",""
"LedFochesatto2860","","LED 150W","Fochesatto 2860","Parque","Sin base","Lautaro Basilio","2026-08-27 18:35:57","","","","Aéreo","2026-08-27 18:35:33",""
"LedFochesatto2885","","LED 150W","Fochesatto 2885","Parque","Sin base","Lautaro Basilio","2026-08-27 18:36:17","","","","Aéreo","2026-08-27 18:36:01",""
"LedGuemes2425","","LED 150W","Guemes 2425","Pinar","Sin base","Lautaro Basilio","2026-08-27 18:46:29","","","","Aéreo","2026-08-27 18:46:29",""
"LedGuemes2470","","LED 150W","Guemes 2470","Pinar","Con base en buenas condiciones","Lautaro Basilio","2026-08-27 18:46:49","","","","Aéreo","2026-08-27 18:46:34",""
"LedAvVLibertad1860","","LED 150W","Av Villa Libertad 1860","Verde","Con base en buenas condiciones","Alejandro Saposnik","2026-08-28 09:15:34","","","","Aéreo","2026-08-28 09:15:15",""
"Led16DeAbril1880","","LED 150W","16 De Abril 1880","Verde","Con base en buenas condiciones","Alejandro Saposnik","2026-08-28 09:28:23","","","","Aéreo","2026-08-28 09:28:04",""
"LedVenezuela1825","","LED 150W","Venezuela 1825","Verde","Con base en buenas condiciones","Alejandro Saposnik","2026-08-28 09:42:41","","","","Aéreo","2026-08-28 09:42:22",""
"LedColombia1870","","LED 150W","Colombia 1870","Verde","Con base en buenas condiciones","Alejandro Saposnik","2026-08-28 09:46:00","","","","Aéreo","2026-08-28 09:45:21",""
"LedColombia1825","","LED 150W","Colombia 1825","Verde","Con base en buenas condiciones","Alejandro Saposnik","2026-08-28 09:48:17","","","","Aéreo","2026-08-28 09:47:41",""
"LedEcuador1880","","LED 150W","Ecuador 1880","Verde","Con base en buenas condiciones","Alejandro Saposnik","2026-08-28 10:12:48","","","","Aéreo","2026-08-28 10:12:32",""
"LedBolivia1750","","LED 150W","Bolivia 1750","Verde","Con base en buenas condiciones","Alejandro Saposnik","2026-08-28 10:17:26","","","","Aéreo","2026-08-28 10:17:02",""
"LedParaguay1710","","LED 150W","Paraguay 1710","Verde","Con base en buenas condiciones","Alejandro Saposnik","2026-08-28 10:31:32","","","","Aéreo","2026-08-28 10:31:32",""
"LedParaguay1790","","LED 150W","Paraguay 1790","Verde","Con base en buenas condiciones","Alejandro Saposnik","2026-08-28 10:32:01","","","","Aéreo","2026-08-28 10:31:45",""
"LedParaguay1835","","LED 150W","Paraguay 1835","Verde","Con base en buenas condiciones","Alejandro Saposnik","2026-08-28 10:33:29","","","","Aéreo","2026-08-28 10:33:29",""
"LedJDPeron1780","","LED 150W","J D Peron 1780","Verde","Con base en buenas condiciones","Alejandro Saposnik","2026-08-28 10:39:11","","","","Aéreo","2026-08-28 10:39:11",""
"LedJDPeron1610","","LED 150W","J D Peron1610","Verde","Con base en buenas condiciones","Alejandro Saposnik","2026-08-28 10:44:35","","","","Aéreo","2026-08-28 10:43:44",""
"LedPteChavez1715","","LED 150W","Pte Chavez 1715","Verde","Con base en buenas condiciones","Alejandro Saposnik","2026-08-28 10:49:22","","","","Aéreo","2026-08-28 10:49:22",""
"LedAv25DeMayo4025","","LED 150W","Av 25 De Mayo 4025","Verde","Con base en buenas condiciones","Alejandro Saposnik","2026-08-28 11:00:40","","","","Aéreo","2026-08-28 10:59:46",""
"LedAv25DeMayo4095","","LED 150W","Av 25 De Mayo 4095","Verde","Con base en buenas condiciones","Alejandro Saposnik","2026-08-28 11:01:22","","","","Aéreo","2026-08-28 11:01:03",""
"LedAv28DeMayoSN3","","LED 150W","Av 28 de Mayo SN3","Verde","Con base en buenas condiciones","Alejandro Saposnik","2026-08-28 11:06:29","","","","Aéreo","2026-08-28 11:05:59",""
"LedPjeRocamora5","","LED 150W","Pje Rocamora 5","Pinar","Sin base","Ana Celina Pozzi","2026-08-28 17:51:37","","","","Aéreo","2026-08-28 17:51:37",""
"LedPjeRocamora8","","LED 150W","Pje Rocamora 8","Pinar","Sin base","Ana Celina Pozzi","2026-08-28 17:54:39","","","","Aéreo","2026-08-28 17:51:48",""
"LedPjeRocamora40","","LED 150W","Pje Rocamora 40","Pinar","Sin base","Ana Celina Pozzi","2026-08-28 17:54:27","","","","Aéreo","2026-08-28 17:52:40",""
"LedVirgendeLujan2326","","LED 150W","Virgen de Lujan 2326","Parque","Con base en buenas condiciones","Ana Celina Pozzi","2026-08-28 17:58:05","","","","Aéreo","2026-08-28 17:58:05",""
"LedVirgendeLujan2375","","LED 150W","Virgen de Lujan 2375","Parque","Sin base","Ana Celina Pozzi","2026-09-05 09:08:06","","","","Aéreo","2026-08-28 17:58:13","Cambio de fotocélula LUMNIA"
"LedGuemes1710","","LED 150W","Guemes 1710","Parque","Con base en buenas condiciones","Ana Celina Pozzi","2026-08-28 18:02:08","","","","Aéreo","2026-08-28 17:59:09",""
"LedGuemes1670","","LED 150W","Guemes 1670","Parque","Con base en buenas condiciones","Ana Celina Pozzi","2026-08-28 18:00:24","","","","Aéreo","2026-08-28 18:00:24",""
"LedGuemes1750","","LED 150W","Guemes 1750","Parque","Con base en buenas condiciones","Ana Celina Pozzi","2026-08-28 18:03:36","","","","Aéreo","2026-08-28 18:02:38",""
"LedGuemes1780","","LED 150W","Guemes 1780","Parque","Con base en buenas condiciones","Ana Celina Pozzi","2026-08-28 18:08:11","","","","Aéreo","2026-08-28 18:07:44",""
"LedGuemes1810","","LED 150W","Guemes 1810","Parque","Con base en buenas condiciones","Ana Celina Pozzi","2026-08-28 18:09:03","","","","Subterráneo","2026-08-28 18:08:20",""
"LedGuemes1850","","LED 150W","Guemes 1850","Parque","Con base en buenas condiciones","Ana Celina Pozzi","2026-08-28 18:11:38","","","","Subterráneo","2026-08-28 18:10:59",""
"LedGuemes1880","","LED 150W","Guemes 1880","Parque","Sin base","Ana Celina Pozzi","2026-08-28 18:12:08","","","","Subterráneo","2026-08-28 18:11:50",""
"LedGuemes1931","","LED 150W","Guemes 1931","Parque","Con base en buenas condiciones","Ana Celina Pozzi","2026-08-28 18:15:32","","","","Aéreo","2026-08-28 18:12:33",""
"LedGuemes1955","","LED 150W","Guemes 1955","Parque","Sin base","Ana Celina Pozzi","2026-08-28 18:14:56","","","","Aéreo","2026-08-28 18:13:21",""
"LedGuemes1995","","LED 150W","Guemes 1995","Parque","Sin base","Ana Celina Pozzi","2026-08-28 18:16:07","","","","Aéreo","2026-08-28 18:15:42",""
"LedGuemes2030","","LED 150W","Guemes 2030","Parque","Sin base","Ana Celina Pozzi","2026-08-28 18:18:14","","","","Aéreo","2026-08-28 18:17:35",""
"LedGuemes2170","","LED 150W","Guemes 2170","Parque","Sin base","Ana Celina Pozzi","2026-08-28 18:22:49","","","","Aéreo","2026-08-28 18:18:24",""
"LedGuemes2045","","LED 150W","Guemes 2045","Parque","Sin base","Ana Celina Pozzi","2026-08-28 18:19:53","","","","Aéreo","2026-08-28 18:19:53",""
"LedPjeLosAromos40","","LED 150W","Pje Lo sAromos 40","Parque","Sin base","Ana Celina Pozzi","2026-08-28 18:24:00","","","","Subterráneo","2026-08-28 18:23:09",""
"LedPjeLosAromos80","","LED 150W","Pje Los Aromos 80","Parque","Con base en buenas condiciones","Ana Celina Pozzi","2026-08-28 18:24:47","","","","Subterráneo","2026-08-28 18:24:06",""
"LedPjeLosSauces50","","LED 150W","Pje Los Sauces 50","Parque","Sin base","Ana Celina Pozzi","2026-08-28 18:26:22","","","","Aéreo","2026-08-28 18:25:00",""
"LedPjeLosFresnos50","","LED 150W","Pje Los Fresnos 50","Parque","Con base en buenas condiciones","Ana Celina Pozzi","2026-08-28 18:27:12","","","","Subterráneo","2026-08-28 18:26:35",""
"LedLosOlivos1935","","LED 150W","Los Olivos 1935","Parque","Con base en buenas condiciones","Lautaro Basilio","2026-08-29 17:06:44","","","","No se puede identificar","2026-08-29 17:06:44",""
"LedLosOlivos1885","","LED 150W","Los Olivos 1885","Parque","Con base en buenas condiciones","Lautaro Basilio","2026-08-29 17:08:16","","","","Aéreo","2026-08-29 17:08:16",""
"LedLosOlivos1840","","LED 150W","Los Olivos 1840","Parque","Con base en buenas condiciones","Lautaro Basilio","2026-08-29 17:10:29","","","","Aéreo","2026-08-29 17:10:29",""
"LedLosOlivos1775","","LED 150W","Los Olivos 1775","Parque","Con base en buenas condiciones","Lautaro Basilio","2026-08-29 17:12:39","","","","Aéreo","2026-08-29 17:12:39",""
"LedLosOlivos1730","","LED 150W","Los Olivos 1730","Parque","Con base en buenas condiciones","Lautaro Basilio","2026-08-29 17:14:16","","","","Aéreo","2026-08-29 17:14:16",""
"LedLosOlivos1685","","LED 150W","Los Olivos 1685","Parque","Con base en buenas condiciones","Lautaro Basilio","2026-08-29 17:16:02","","","","Aéreo","2026-08-29 17:16:02",""
"LedLosOlivos1620","","LED 150W","Los Olivos 1620","Parque","Con base en buenas condiciones","Lautaro Basilio","2026-08-29 17:17:28","","","","Aéreo","2026-08-29 17:17:28",""
"LedAv25DeMayo2899","","LED 150W","Av. 25 de Mayo 2899","Parque","Con base en buenas condiciones","Lautaro Basilio","2026-08-29 17:57:11","","","","No se puede identificar","2026-08-29 17:20:12",""
"LedAv25DeMayo2891","","LED 150W","Av. 25 de Mayo 2891","Parque","Con base en buenas condiciones","Lautaro Basilio","2026-08-29 17:57:40","","","","No se puede identificar","2026-08-29 17:21:38",""
"LedDrPlanas2485","","LED 150W","Dr planas 2485","Parque","Con base en buenas condiciones","Lautaro Basilio","2026-08-29 17:41:52","","","","Aéreo","2026-08-29 17:34:58",""
"LedAv25DeMayo2861","","LED 150W","Av. 25 De Mayo 2861","Parque","Con base en buenas condiciones","Lautaro Basilio","2026-08-29 18:00:00","","","","No se puede identificar","2026-08-29 17:58:35",""
"LedAv25DeMayo2825","","LED 150W","Av. 25 De Mayo 2825","Parque","Con base en buenas condiciones","Lautaro Basilio","2026-08-29 18:12:36","","","","No se puede identificar","2026-08-29 18:07:57",""
"LedAv25DeMayo2851","","LED 150W","Av. 25 De Mayo 2851","Parque","Con base en buenas condiciones","Lautaro Basilio","2026-08-29 18:10:32","","","","No se puede identificar","2026-08-29 18:10:32",""
"LedAv25DeMayo2801","","","Av. 25 De Mayo 2801","Parque","Con base en buenas condiciones","Lautaro Basilio","2026-08-29 18:14:15","","","","No se puede identificar","2026-08-29 18:13:42",""
"LedAv25DeMayo2791","","","Av. 25 De Mayo 2791","Parque","Con base en buenas condiciones","Lautaro Basilio","2026-08-29 18:15:29","","","","No se puede identificar","2026-08-29 18:15:29",""
"LedAv25DeMayo2711","","LED 150W","Av. 25 De Mayo 2711","Parque","Con base en buenas condiciones","Lautaro Basilio","2026-08-29 18:16:33","","","","No se puede identificar","2026-08-29 18:16:26",""
"LedAv25DeMayo2701","","","Av. 25 De Mayo 2701","Parque","Con base en buenas condiciones","Lautaro Basilio","2026-08-29 18:23:04","","","","No se puede identificar","2026-08-29 18:22:05",""
"LedAv25DeMayo2675","","LED 150W","Av. 25 De Mayo 2675","Parque","Con base en buenas condiciones","Lautaro Basilio","2026-08-29 18:24:17","","","","No se puede identificar","2026-08-29 18:24:17",""
"LedAv25DeMayo2651","","LED 150W","Av. 25 De Mayo 2651","Parque","Con base en buenas condiciones","Lautaro Basilio","2026-08-29 18:26:00","","","","No se puede identificar","2026-08-29 18:25:10",""
"LedAv25DeMayo2625","","LED 150W","Av. 25 De Mayo 2625","Parque","Con base en buenas condiciones","Lautaro Basilio","2026-08-29 18:29:43","","","","No se puede identificar","2026-08-29 18:27:35",""
"LedAv25DeMayo2601","","LED 150W","Av. 25 De Mayo 2601","Parque","Con base en buenas condiciones","Lautaro Basilio","2026-08-29 18:32:38","","","","No se puede identificar","2026-08-29 18:32:31",""
"LedAv25DeMayo2585","","LED 150W","Av. 25 De Mayo 2585","Parque","Con base en buenas condiciones","Lautaro Basilio","2026-08-29 18:52:36","","","","No se puede identificar","2026-08-29 18:48:16",""
"LedAv25DeMayo2595","","LED 150W","Av. 25 De Mayo 2595","Parque","Con base en buenas condiciones","Lautaro Basilio","2026-08-29 18:54:09","","","","No se puede identificar","2026-08-29 18:52:57",""
"LedAv25DeMayo2521","","LED 150W","Av. 25 De Mayo 2521","Parque","Con base en buenas condiciones","Lautaro Basilio","2026-08-29 18:55:38","","","","No se puede identificar","2026-08-29 18:55:07",""
"LedAv25DeMayo2501","","LED 150W","Av. 25 De Mayo 2595","Parque","Con base en buenas condiciones","Lautaro Basilio","2026-08-29 18:56:31","","","","No se puede identificar","2026-08-29 18:56:31",""
"LedAv25DeMayo2491","","LED 150W","Av. 25 De Mayo 2491","Parque","Con base en buenas condiciones","Lautaro Basilio","2026-08-29 18:58:32","","","","No se puede identificar","2026-08-29 18:57:47",""
"LedAv25DeMayo2451","","LED 150W","Av. 25 De Mayo 2451","Parque","Con base en buenas condiciones","Lautaro Basilio","2026-08-29 19:02:23","","","","No se puede identificar","2026-08-29 18:59:20",""
"LedAv25DeMayo2401","","LED 150W","Av. 25 De Mayo 2401","Parque","Con base en buenas condiciones","Lautaro Basilio","2026-08-29 19:01:16","","","","No se puede identificar","2026-08-29 19:01:07",""
"LedAv25DeMayo2381","","LED 150W","Av. 25 De Mayo 2381","Parque","Con base en buenas condiciones","Lautaro Basilio","2026-08-29 19:04:00","","","","No se puede identificar","2026-08-29 19:03:23",""
"LedAv25DeMayo2355","","LED 150W","Av. 25 De Mayo 2355","Parque","Con base en buenas condiciones","Lautaro Basilio","2026-08-29 19:05:40","","","","No se puede identificar","2026-08-29 19:05:13",""
"LedAv25DeMayo2331","","LED 150W","Av. 25 De Mayo 2331","Parque","Con base en buenas condiciones","Lautaro Basilio","2026-08-29 19:09:23","","","","No se puede identificar","2026-08-29 19:06:30",""
"LedAv25DeMayo2301","","LED 150W","Av. 25 De Mayo 2301","Parque","Con base en buenas condiciones","Lautaro Basilio","2026-08-29 19:08:41","","","","No se puede identificar","2026-08-29 19:08:41",""
"LedVirgenDelLujan2715","","LED 150W","Virgen del Lujan 2715","Parque","Sin base","Lautaro Basilio","2026-08-30 18:14:22","","","","Aéreo","2026-08-30 18:14:22",""
"LedVirgenDelLujan2796","","LED 150W","Virgen del Lujan 2796","Parque","Sin base","Lautaro Basilio","2026-08-30 18:16:41","","","","Aéreo","2026-08-30 18:16:41",""
"LedVirgenDelLujan2863","","LED 150W","Virgen del Lujan 2863","Parque","Sin base","Lautaro Basilio","2026-08-30 18:18:46","","","","Aéreo","2026-08-30 18:17:33",""
"LedVirgendelLujan 2896","","LED 150W","Virgen del Lujan 2896","Parque","Sin base","Lautaro Basilio","2026-08-30 18:20:14","","","","Aéreo","2026-08-30 18:20:14",""
"LedAvVillaLibertad1910","","LED 150W","Av. Villa Libertad 1910","Parque","Con base en buenas condiciones","Lautaro Basilio","2026-08-30 18:25:43","","","","Aéreo","2026-08-30 18:24:47",""
"LedAvVillaLibertad1949","","LED 150W","Av. Villa Libertad 1940","Parque","Con base en buenas condiciones","Lautaro Basilio","2026-08-30 18:27:06","","","","Aéreo","2026-08-30 18:27:06",""
"LedAvVillaLibertad1966","","LED 150W","Av. Villa Libertad 1960","Parque","Con base en buenas condiciones","Lautaro Basilio","2026-08-30 18:28:07","","","","Aéreo","2026-08-30 18:28:07",""
"LedAvVillaLibertad1990","","LED 150W","Av. Villa Libertad 1990","Parque","Con base en buenas condiciones","Lautaro Basilio","2026-08-30 18:28:49","","","","Aéreo","2026-08-30 18:28:49",""
"LedMandisovi1980","","LED 150W","Mandisoví 1980","Parque","Con base en buenas condiciones","Lautaro Basilio","2026-08-30 18:33:07","","","","Aéreo","2026-08-30 18:30:58",""
"LedMandisovi1935","","LED 150W","Mandisoví 1935","Parque","Con base en buenas condiciones","Lautaro Basilio","2026-08-30 18:34:24","","","","Aéreo","2026-08-30 18:34:24",""
"LedMandisovi1870","","LED 150W","Mandisoví 1870","Parque","Con base en buenas condiciones","Lautaro Basilio","2026-08-30 18:36:32","","","","Aéreo","2026-08-30 18:36:32",""
"LedMandisovi1825","","LED 150W","Mandisoví 1825","Parque","Con base en buenas condiciones","Lautaro Basilio","2026-08-30 18:38:19","","","","Aéreo","2026-08-30 18:38:19",""
"LedMandisovi1760","","LED 150W","Mandisoví 1760","Parque","Con base en buenas condiciones","Lautaro Basilio","2026-08-30 18:40:02","","","","Aéreo","2026-08-30 18:40:02",""
"LedMandisovi1725","","LED 150W","Mandisoví 1725","Parque","Con base en buenas condiciones","Lautaro Basilio","2026-08-30 18:42:31","","","","Aéreo","2026-08-30 18:42:13",""
"LedMandisovi1676","","LED 150W","Mandisoví 1676","Parque","Con base en buenas condiciones","Lautaro Basilio","2026-08-30 18:45:02","","","","Aéreo","2026-08-30 18:45:02",""
"LedMandisoví1616","","LED 150W","Mandisoví 1616","Parque","Sin base","Lautaro Basilio","2026-08-30 18:46:21","","","","Aéreo","2026-08-30 18:46:21",""
"LedTratadoDelPilar1885","","LED 150W","Tratado del Pilar 1885","Parque","Con base en buenas condiciones","Lautaro Basilio","2026-08-30 18:51:53","","","","Aéreo","2026-08-30 18:51:53",""
"LedTratadoDelPilar1925","","LED 150W","Tratado del Pilar 1925","Parque","Con base en buenas condiciones","Lautaro Basilio","2026-08-30 18:54:55","","","","Aéreo","2026-08-30 18:53:40",""
"LedTratadoDelPilar1975","True","LED 150W","Tratado del Pilar 1975","Parque","Con base en buenas condiciones","Lautaro Basilio","2026-08-30 18:56:50","","","","Aéreo","2026-08-30 18:56:16",""
"LedTratadoDelPilar2030","","LED 150W","Tratado del Pilar 2030","Parque","Con base en buenas condiciones","Lautaro Basilio","2026-08-30 18:59:54","","","","Aéreo","2026-08-30 18:59:54",""
"LedTratadoDelPilar2075","","LED 150W","Tratado del Pilar 2075","Parque","Con base en buenas condiciones","Lautaro Basilio","2026-08-30 19:01:12","","","","Aéreo","2026-08-30 19:01:12",""
"LedTratadoDelPilar2130","","LED 150W","Tratado del Pilar 2130","Parque","Con base en buenas condiciones","Lautaro Basilio","2026-08-30 19:03:03","","","","Aéreo","2026-08-30 19:03:03",""
"LedRocamora1790","","LED 150W","Rocamora 1790","Parque","Con base en buenas condiciones","Ana Celina Pozzi","2026-08-31 19:36:17","","","","Aéreo","2026-08-31 19:36:17",""
"LedRocamora1710","","LED 150W","Rocamora 1710","Parque","Con base en buenas condiciones","Ana Celina Pozzi","2026-08-31 19:37:15","","","","Aéreo","2026-08-31 19:36:34",""
"LedRocamora1800","","LED 150W","Rocamora 1800","Parque","Con base en buenas condiciones","Ana Celina Pozzi","2026-08-31 19:39:07","","","","Subterráneo","2026-08-31 19:37:55",""
"LedRocamora1850","","LED 150W","Rocamora 1850","Parque","Con base en buenas condiciones","Ana Celina Pozzi","2026-08-31 19:40:34","","","","Subterráneo","2026-08-31 19:39:59",""
"LedRocamora1880","","LED 150W","Rocamora 1880","Parque","Con base en buenas condiciones","Ana Celina Pozzi","2026-08-31 19:41:06","","","","Subterráneo","2026-08-31 19:40:43",""
"LedRocamora1920","","LED 150W","Rocamora 1920","Parque","Con base en buenas condiciones","Ana Celina Pozzi","2026-08-31 19:41:56","","","","Subterráneo","2026-08-31 19:41:15",""
"LedPjeLosFresnos70","","LED 150W","Pje Los Fresnos 70","Parque","Con base en buenas condiciones","Ana Celina Pozzi","2026-08-31 19:43:11","","","","Subterráneo","2026-08-31 19:42:40",""
"LedRocamora1980","","LED 150W","Rocamora 1980","Parque","Con base en buenas condiciones","Ana Celina Pozzi","2026-08-31 19:45:03","","","","Aéreo","2026-08-31 19:44:16",""
"LedRocamora2080","","LED 150W","Rocamora 2080","Parque","Sin base","Ana Celina Pozzi","2026-09-03 17:53:04","","","","Aéreo","2026-08-31 19:45:12",""
"LedSantaFe1425","","LED 150W","Santa Fe 1425","San Clemente","Con base en buenas condiciones","Alejandro Saposnik","2026-09-02 22:35:36","","","","Aéreo","2026-09-02 11:03:45",""
"LedAv1DeMayo985","","LED 150W","Av. 1 de Mayo 985","Curiyú","Con base en buenas condiciones","Lautaro Basilio","2026-09-04 18:33:21","","","","Aéreo","2026-09-03 16:11:31",""
"LedAv1deMayo925","","LED 150W","Av. 1 de Mayo 925","Curiyú","Con base en buenas condiciones","Lautaro Basilio","2026-09-04 18:33:00","","","","Aéreo","2026-09-03 16:12:29",""
"LedAv1DeMayo855","","LED 150W","Av. 1 de Mayo 855","Curiyú","Con base en buenas condiciones","Lautaro Basilio","2026-09-04 18:32:45","","","","Aéreo","2026-09-03 16:13:55",""
"LedAv1DeMayo815","","LED 150W","Av. 1 de Mayo 815","Curiyú","Con base en buenas condiciones","Lautaro Basilio","2026-09-04 18:34:21","","","","Aéreo","2026-09-03 16:15:07",""
"LedAv1DeMayo775","","LED 150W","Av. 1 de Mayo 775","Curiyú","Con base en buenas condiciones","Lautaro Basilio","2026-09-04 18:39:58","","","","Subterráneo","2026-09-03 16:16:02",""
"LedAv1DeMayo735","","LED 150W","Av. 1 de Mayo 735","Curiyú","Con base en buenas condiciones","Lautaro Basilio","2026-09-04 18:40:28","","","","Subterráneo","2026-09-03 16:16:47",""
"LedAv1DeMayo585","","LED 150W","Av. 1 de Mayo 585","Curiyú","Con base en buenas condiciones","Lautaro Basilio","2026-09-04 18:41:09","","","","Subterráneo","2026-09-03 16:19:51",""
"LedAv1DeMayo555","","LED 150W","Av. 1 de Mayo 555","Curiyú","Con base en buenas condiciones","Lautaro Basilio","2026-09-04 18:42:35","","","","Subterráneo","2026-09-03 16:20:15",""
"LedAv1DeMayo525","","LED 150W","Av. 1 de Mayo 525","Curiyú","Con base en buenas condiciones","Lautaro Basilio","2026-09-04 18:43:03","","","","Subterráneo","2026-09-03 16:20:36",""
"LedLombardia1775","","LED 150W","Lombardia 1775","Curiyú","Sin base","Lautaro Basilio","2026-09-04 18:45:45","","","","Aéreo","2026-09-03 16:25:53",""
"LedLombardia1755","","LED 150W","Lombardia1755","Curiyú","Sin base","Lautaro Basilio","2026-09-04 18:46:22","","","","Aéreo","2026-09-03 16:27:17",""
"LedAv9DeJulio625","","LED 150W","Av. 9 de Julio 625","Curiyú","Con base en buenas condiciones","Lautaro Basilio","2026-09-04 18:53:06","","","","Subterráneo","2026-09-03 16:34:30",""
"LedAv9DeJulio650","","LED 150W","Av. 9 de Julio 650","Curiyú","Con base en buenas condiciones","Lautaro Basilio","2026-09-04 18:53:55","","","","Subterráneo","2026-09-03 16:36:04",""
"LedAv9DeJulio680","True","LED 150W","Av. 9 de Julio 680","Curiyú","Con base en buenas condiciones","Lautaro Basilio","2026-09-04 19:00:07","","","","Subterráneo","2026-09-03 16:36:46",""
"LedAv9DeJulio730","","LED 150W","Av. 9 de Julio 730","Curiyú","Con base en buenas condiciones","Lautaro Basilio","2026-09-04 19:01:45","","","","Subterráneo","2026-09-03 16:40:51",""
"LedAv9DeJulio770","","LED 150W","Av. 9 de Julio 770","Curiyú","Con base en buenas condiciones","Lautaro Basilio","2026-09-04 19:03:41","","","","Subterráneo","2026-09-03 16:41:15",""
"LedAv9DeJulio850","","LED 150W","Av. 9 de Julio 850","Curiyú","Con base en buenas condiciones","Lautaro Basilio","2026-09-04 19:04:43","","","","Subterráneo","2026-09-03 16:41:35",""
"LedAv9DeJulio930","","LED 150W","Av. 9 de Julio","Curiyú","Con base en buenas condiciones","Lautaro Basilio","2026-09-04 19:05:44","","","","Subterráneo","2026-09-03 16:42:45",""
"LedAv9DeJulio970","","LED 150W","Av. 9 de Julio 970","Curiyú","Con base en buenas condiciones","Lautaro Basilio","2026-09-04 19:06:37","","","","Subterráneo","2026-09-03 16:43:05",""
"LedAvJoseIglesias1720","","LED 150W","Av. José Iglesias 1720","Curiyú","Con base en buenas condiciones","Lautaro Basilio","2026-09-04 19:09:37","","","","Aéreo","2026-09-03 16:44:10",""
"LedAvJoseIglesias1790","","LED 150W","Av. José Iglesias 1790","Curiyú","Con base en buenas condiciones","Lautaro Basilio","2026-09-04 19:10:28","","","","Aéreo","2026-09-03 16:45:49",""
"LedAvJoseIglesias1820","","LED 150W","Av. José Iglesias 1820","Curiyú","Con base en buenas condiciones","Lautaro Basilio","2026-09-04 19:10:53","","","","Aéreo","2026-09-03 16:47:22",""
"LedAvJoseIglesias1860","","LED 150W","Av. José Iglesias 1860","Curiyú","Con base en buenas condiciones","Lautaro Basilio","2026-09-04 19:11:21","","","","Aéreo","2026-09-03 16:47:46",""
"LedAvJoseIglesias2110","","LED 150W","Av. José Iglesias 2110","Curiyú","Con base en buenas condiciones","Lautaro Basilio","2026-09-04 19:11:49","","","","Aéreo","2026-09-03 16:50:45",""
"LedAvJoseIglesias2130","","LED 150W","Av. José Iglesias 2130","Curiyú","Con base en buenas condiciones","Lautaro Basilio","2026-09-04 19:12:20","","","","Aéreo","2026-09-03 16:51:42",""
"LedAvJoseIglesias2160","","LED 150W","Av. José Iglesias 2160","Curiyú","Con base en buenas condiciones","Lautaro Basilio","2026-09-04 19:12:56","","","","Aéreo","2026-09-03 16:52:09",""
"LedAvJoseIglesias2202","","LED 150W","Av. José Iglesias 2202","Curiyú","Con base en buenas condiciones","Lautaro Basilio","2026-09-04 19:13:19","","","","Aéreo","2026-09-03 16:52:26",""
"LedAvJoseIglesias2250","","LED 150W","Av. José Iglesias 2250","Curiyú","Con base en buenas condiciones","Lautaro Basilio","2026-09-04 19:13:44","","","","Aéreo","2026-09-03 16:53:29",""
"LedAvJoseIglesias2280","","LED 150W","Av. José Iglesias 2280","Curiyú","Con base en buenas condiciones","Lautaro Basilio","2026-09-04 19:08:58","","","","Aéreo","2026-09-03 16:54:58",""
"LedLosOlivos2030","","LED 150W","Los Olivos 2030","Los Lapachos","Con base en buenas condiciones","Ana Celina Pozzi","2026-09-03 17:24:33","","","","Aéreo","2026-09-03 17:24:33",""
"LedLosOlivos2080","","LED 150W","Los Olivos 2080","Los Lapachos","Con base en buenas condiciones","Ana Celina Pozzi","2026-09-03 17:24:57","","","","Aéreo","2026-09-03 17:24:39",""
"LedLosOlivos2145","","LED 150W","Los Olivos 2145","Los Lapachos","Con base en buenas condiciones","Ana Celina Pozzi","2026-09-03 17:25:46","","","","Aéreo","2026-09-03 17:25:05",""
"LedMandisovi2140","","LED 150W","Mandisovi 2140","Los Lapachos","Con base en buenas condiciones","Ana Celina Pozzi","2026-09-03 17:26:42","","","","Aéreo","2026-09-03 17:26:04",""
"LedMandisovi2041","","LED 150W","Mandisovi 2041","Los Lapachos","Con base en buenas condiciones","Ana Celina Pozzi","2026-09-03 17:27:18","","","","Aéreo","2026-09-03 17:26:51",""
"LedMandisovi2025","","LED 150W","Mandisovi 2025","Los Lapachos","Con base en buenas condiciones","Ana Celina Pozzi","2026-09-03 17:27:47","","","","Aéreo","2026-09-03 17:27:27",""
"LedAvVillaLibertad2010","","LED 150W","Av Villa Libertad 2010","Los Lapachos","Con base en buenas condiciones","Ana Celina Pozzi","2026-09-03 17:31:48","","","","Aéreo","2026-09-03 17:30:38",""
"LedAvVillaLibertad2040","","LED 150W","Av Villa Libertad 2040","Los Lapachos","Con base en buenas condiciones","Ana Celina Pozzi","2026-09-03 17:32:04","","","","Aéreo","2026-09-03 17:31:52",""
"LedAvVillaLibertad2120","","LED 150W","Av Villa Libertad 2120","Los Lapachos","Con base en buenas condiciones","Ana Celina Pozzi","2026-09-03 17:33:38","","","","Aéreo","2026-09-03 17:32:07",""
"LedAvVillaLibertad2140","","LED 150W","Av Villa Libertad 2140","Los Lapachos","Con base en buenas condiciones","Ana Celina Pozzi","2026-09-03 17:34:07","","","","Aéreo","2026-09-03 17:33:53",""
"LedCepeda1830","","LED 150W","Cepeda 1830","Parque","Con base en buenas condiciones","Ana Celina Pozzi","2026-09-03 17:38:22","","","","Aéreo","2026-09-03 17:37:29",""
"LedCepeda1875","","LED 150W","Cepeda 1875","Parque","Con base en buenas condiciones","Ana Celina Pozzi","2026-09-05 09:16:31","","","","Aéreo","2026-09-03 17:38:26","Cambio de fotocelula LUMNIA"
"LedCepeda1915","","LED 150W","Cepeda 1915","Parque","Sin base","Ana Celina Pozzi","2026-09-03 17:39:16","","","","Aéreo","2026-09-03 17:38:52",""
"LedCepeda1975","","LED 150W","Cepeda 1975","Parque","Con base en buenas condiciones","Ana Celina Pozzi","2026-09-03 17:39:40","","","","Aéreo","2026-09-03 17:39:21",""
"LedCepeda2075","","LED 150W","Cepeda 2075","Parque","Con base en buenas condiciones","Ana Celina Pozzi","2026-09-03 17:40:14","","","","Aéreo","2026-09-03 17:39:45",""
"LedCepeda2150","","LED 150W","Cepeda 2150","Parque","Con base en buenas condiciones","Ana Celina Pozzi","2026-09-03 17:41:02","","","","Aéreo","2026-09-03 17:40:36",""
"LedLosNaranjos1830","","LED 150W","Los Naranjos 1830","Parque","Con base en buenas condiciones","Ana Celina Pozzi","2026-09-03 17:51:04","","","","Aéreo","2026-09-03 17:41:19",""
"LedLosNaranjos1870","","LED 150W","Los Naranjos 1870","Parque","Con base en buenas condiciones","Ana Celina Pozzi","2026-09-03 17:42:28","","","","Aéreo","2026-09-03 17:42:07",""
"LedLosNaranjos1930","","LED 150W","Los Naranjos 1930","Parque","Con base en buenas condiciones","Ana Celina Pozzi","2026-09-05 09:15:12","","","","Aéreo","2026-09-03 17:42:34","Cambio de fotocelula LUMNIA"
"LedLosNaranjos2025","","LED 150W","Los Naranjos 2025","Parque","Con base en buenas condiciones","Ana Celina Pozzi","2026-09-03 17:43:23","","","","Aéreo","2026-09-03 17:42:57",""
"LedLosNaranjos2070","","LED 150W","Los Naranjos 2070","Parque","Con base en buenas condiciones","Ana Celina Pozzi","2026-09-03 17:45:43","","","","Aéreo","2026-09-03 17:45:19",""
"LedLosNaranjos2141","","LED 150W","Los Naranjos 2141","Parque","Con base en buenas condiciones","Ana Celina Pozzi","2026-09-03 17:46:07","","","","Aéreo","2026-09-03 17:45:48",""
"LedRocamora2149","","LED 150W","Rocamora 2149","Parque","Sin base","Ana Celina Pozzi","2026-09-03 17:53:40","","","","Aéreo","2026-09-03 17:53:20",""
"LedPioXII2335","","LED 150W","Pio XXII 2335","Parque","Sin base","Ana Celina Pozzi","2026-09-03 17:55:25","","","","Aéreo","2026-09-03 17:55:07",""
"LedLealtad910","","LED 150W","Lealtad 910","Curiyú","Con base en buenas condiciones","Lautaro Basilio","2026-09-07 17:53:09","","","","Aéreo","2026-09-07 17:52:06",""
"LedLealtad880","","LED 150W","Lealtad 880","Curiyú","Con base en malas condiciones","Lautaro Basilio","2026-09-07 17:55:01","","","","Aéreo","2026-09-07 17:55:01",""
"LedLealtad830","","LED 150W","Lealtad 830","Curiyú","Con base en buenas condiciones","Lautaro Basilio","2026-09-07 17:56:19","","","","Aéreo","2026-09-07 17:56:19",""
"LedRepetto930","","LED 150W","Repetto 930","Bicentenario","Con base en buenas condiciones","Ana Celina Pozzi","2026-09-07 17:56:50","","","","Aéreo","2026-09-07 17:56:50",""
"LedRepetto860","","LED 150W","Repetto 860","Bicentenario","Sin base","Ana Celina Pozzi","2026-09-07 17:58:04","","","","Aéreo","2026-09-07 17:57:01",""
"LedLealtad760","","LED 150W","Lealtad 760","Curiyú","Con base en buenas condiciones","Lautaro Basilio","2026-09-07 17:57:54","","","","Aéreo","2026-09-07 17:57:54",""
"LedRepetto820","","LED 150W","Repetto 820","Bicentenario","Con base en buenas condiciones","Ana Celina Pozzi","2026-09-07 17:58:39","","","","Aéreo","2026-09-07 17:58:07",""
"LedLealtad710","True","LED 150W","Lealtad 710","Curiyú","Con base en buenas condiciones","Lautaro Basilio","2026-09-07 17:59:10","","","","Aéreo","2026-09-07 17:59:10",""
"LedRepetto790","","LED 150W","Repetto 790","Domingo Cano","Con base en buenas condiciones","Ana Celina Pozzi","2026-09-08 08:04:55","","","","Aéreo","2026-09-07 17:59:36",""
"LedRepetto750","","LED 150W","Repetto 750","Domingo Cano","Con base en buenas condiciones","Ana Celina Pozzi","2026-09-08 08:04:28","","","","No se puede identificar","2026-09-07 18:00:09",""
"LedLealtad665","","LED 150W","Lealtad 665","Curiyú","Con base en buenas condiciones","Lautaro Basilio","2026-09-07 18:00:31","","","","Aéreo","2026-09-07 18:00:31",""
"LedRepetto720","","LED 150W","Repetto 720","Domingo Cano","Con base en buenas condiciones","Ana Celina Pozzi","2026-09-08 08:04:03","","","","No se puede identificar","2026-09-07 18:00:51",""
"LedMigoya685","","LED 150W","Migoya 685","Domingo Cano","Con base en buenas condiciones","Ana Celina Pozzi","2026-09-08 08:07:38","","","","Aéreo","2026-09-07 18:01:39",""
"LedLealtad620","","LED 150W","Lealtad 620","Curiyú","Con base en buenas condiciones","Lautaro Basilio","2026-09-07 18:02:17","","","","Aéreo","2026-09-07 18:02:17",""
"LedCorrientes630","","LED 150W","Corrientes 630","Curiyú","Con base en buenas condiciones","Lautaro Basilio","2026-09-07 18:04:35","","","","Aéreo","2026-09-07 18:04:35",""
"LedCorrientes675","True","LED 150W","Corrientes 675","Curiyú","Con base en buenas condiciones","Lautaro Basilio","2026-09-07 18:06:20","","","","Aéreo","2026-09-07 18:06:20",""
"LedMigoya615","","LED 150W","Migoya 615","Domingo Cano","Con base en buenas condiciones","Ana Celina Pozzi","2026-09-08 08:06:34","","","","Aéreo","2026-09-07 18:07:27",""
"LedCorrientes725","","LED 150W","Corrientes 725","Curiyú","Con base en buenas condiciones","Lautaro Basilio","2026-09-07 18:07:47","","","","Aéreo","2026-09-07 18:07:47",""
"LedMigoya655","","LED 150W","Migoya 655","Domingo Cano","Con base en buenas condiciones","Ana Celina Pozzi","2026-09-08 08:07:07","","","","Aéreo","2026-09-07 18:08:13",""
"LedCorrientes765","","LED 150W","Corrientes 765","Curiyú","Con base en buenas condiciones","Lautaro Basilio","2026-09-07 18:09:18","","","","Aéreo","2026-09-07 18:09:18",""
"LedCorrientes815","","LED 150W","Corrientes 815","Curiyú","Con base en buenas condiciones","Lautaro Basilio","2026-09-07 18:10:35","","","","Aéreo","2026-09-07 18:10:35",""
"LedMigoya811","","LED 150W","Migoya 811","Bicentenario","Con base en buenas condiciones","Ana Celina Pozzi","2026-09-07 18:13:48","","","","Aéreo","2026-09-07 18:10:43",""
"LedCorrientes885","","LED 150W","Corrientes 885","Curiyú","Con base en buenas condiciones","Lautaro Basilio","2026-09-07 18:11:47","","","","Aéreo","2026-09-07 18:11:47",""
"LedCorrientes950","","LED 150W","Corrientes 950","Curiyú","Con base en buenas condiciones","Lautaro Basilio","2026-09-07 18:13:17","","","","Aéreo","2026-09-07 18:13:17",""
"LedMigoya845","","LED 150W","Migoya 845","Bicentenario","Con base en buenas condiciones","Ana Celina Pozzi","2026-09-07 18:16:48","","","","Aéreo","2026-09-07 18:13:54",""
"LedPjeBrunini840","","LED 150W","Pasaje Brunini 840","Curiyú","Con base en buenas condiciones","Lautaro Basilio","2026-09-07 18:16:46","","","","Aéreo","2026-09-07 18:15:20",""
"LedMigoya875","","LED 150W","Migoya 875","Bicentenario","Sin base","Ana Celina Pozzi","2026-09-07 18:17:16","","","","Aéreo","2026-09-07 18:16:54",""
"LedMigoya975","","LED 150W","Migoya 975","Bicentenario","Con base en buenas condiciones","Ana Celina Pozzi","2026-09-07 18:17:51","","","","Aéreo","2026-09-07 18:17:25",""
"LedPjeBrunini815","","LED 150W","Pasaje Brunini 815","Curiyú","Con base en buenas condiciones","Lautaro Basilio","2026-09-07 18:18:11","","","","Aéreo","2026-09-07 18:18:11",""
"LesPjeBrunini760","","LED 150W","Pasaje Brunini 760 o casa 8","Curiyú","Con base en buenas condiciones","Lautaro Basilio","2026-09-07 18:20:13","","","","Aéreo","2026-09-07 18:20:13",""
"LedPjeBrunini720","","LED 150W","Pasaje Brunini 720","Curiyú","Con base en buenas condiciones","Lautaro Basilio","2026-09-07 18:21:55","","","","Aéreo","2026-09-07 18:21:55",""
"LedPjeBrunini679","","LED 150W","Pasaje Brunini 679","Curiyú","Con base en buenas condiciones","Lautaro Basilio","2026-09-07 18:23:33","","","","Aéreo","2026-09-07 18:23:33",""
"LedGuarumba","","LED 150W","Migoya 975","Bicentenario","Con base en buenas condiciones","Ana Celina Pozzi","2026-09-07 18:24:47","","","","Aéreo","2026-09-07 18:24:06",""
"LedPjeBrunini641","","LED 150W","Pasaje Brunini 641","Curiyú","Con base en buenas condiciones","Lautaro Basilio","2026-09-07 18:24:53","","","","Aéreo","2026-09-07 18:24:53",""
"LedPjeBrunini611","True","LED 150W","Pasaje Brunini 611","Curiyú","Con base en buenas condiciones","Lautaro Basilio","2026-09-07 18:26:01","","","","Aéreo","2026-09-07 18:26:01",""
"LedMartinFierro618","","LED 150W","Martin Fierro 618","Curiyú","Con base en buenas condiciones","Lautaro Basilio","2026-09-07 18:28:04","","","","Aéreo","2026-09-07 18:28:04",""
"LedMartinFierro650","","LED 150W","Martin Fierro 650","Curiyú","Con base en buenas condiciones","Lautaro Basilio","2026-09-07 18:29:42","","","","Aéreo","2026-09-07 18:28:59",""
"LedMartinFierro682","","LED 150W","Martin Fierro 682","Curiyú","Con base en buenas condiciones","Lautaro Basilio","2026-09-07 18:30:59","","","","Aéreo","2026-09-07 18:30:59",""
"LedMartinFierro720","","LED 150W","Martin Fierro 720","Curiyú","Con base en buenas condiciones","Lautaro Basilio","2026-09-07 18:32:45","","","","Aéreo","2026-09-07 18:32:45",""
"LedMartinFierro760","","LED 150W","Martin Fierro 760","Curiyú","Con base en buenas condiciones","Lautaro Basilio","2026-09-07 18:34:28","","","","Aéreo","2026-09-07 18:34:28",""
"LedMartinFierro810","","LED 150W","Martin Fierro 810","Curiyú","Con base en buenas condiciones","Lautaro Basilio","2026-09-07 18:36:08","","","","Aéreo","2026-09-07 18:36:08",""
"LedGuarumba990","","LED 150W","Guarumba 990","Bicentenario","Sin base","Ana Celina Pozzi","2026-09-07 18:36:30","","","","Aéreo","2026-09-07 18:36:30",""
"LedGuarumba965","","LED 150W","Guarumba 965","Bicentenario","Sin base","Ana Celina Pozzi","2026-09-07 18:37:09","","","","Aéreo","2026-09-07 18:36:39",""
"LedGuarumba915","","LED 150W","Guarumba 915","Bicentenario","Sin base","Ana Celina Pozzi","2026-09-07 18:37:56","","","","Aéreo","2026-09-07 18:37:13",""
"LedMartinFierro870","True","LED 150W","Martín Fierro 870","Curiyú","Con base en buenas condiciones","Lautaro Basilio","2026-09-07 18:37:27","","","","Aéreo","2026-09-07 18:37:27",""
"LedGuarumba842","","LED 150W","Guarumba 842","Bicentenario","Con base en buenas condiciones","Ana Celina Pozzi","2026-09-07 18:38:36","","","","Aéreo","2026-09-07 18:38:01",""
"LedGuarumba821","","Sodio","Guarumba 821","Bicentenario","Con base en buenas condiciones","Ana Celina Pozzi","2026-09-07 18:39:12","","","","Aéreo","2026-09-07 18:38:42",""
"LedGuarumba795","","LED 150W","Guarumba 795","Domingo Cano","Con base en buenas condiciones","Ana Celina Pozzi","2026-09-08 08:10:18","","","","Aéreo","2026-09-07 18:39:48",""
"LedCorrientes940","","LED 150W","Corrientes 840","Curiyú","Con base en buenas condiciones","Lautaro Basilio","2026-09-07 18:43:27","","","","Aéreo","2026-09-07 18:41:07",""
"LedGuarumba765","","LED 150W","Guarumba 765","Domingo Cano","Con base en buenas condiciones","Ana Celina Pozzi","2026-09-08 08:09:23","","","","Aéreo","2026-09-07 18:41:41",""
"LedGuarumba705","","LED 150W","Guarumba 705","Domingo Cano","Con base en buenas condiciones","Ana Celina Pozzi","2026-09-08 08:10:41","","","","Aéreo","2026-09-07 18:41:58",""
"LedHnaTeofilia2045","","LED 150W","Hna Teofilia 2045","Bicentenario","Con base en buenas condiciones","Ana Celina Pozzi","2026-09-07 18:44:15","","","","Aéreo","2026-09-07 18:42:53",""
"LedHnaTeofilia2045","","LED 150W","Hna Teofilia 2045","Bicentenario","Con base en buenas condiciones","Ana Celina Pozzi","2026-09-07 18:45:31","","","","Aéreo","2026-09-07 18:44:34",""
"LedHnaTeofilia2075","","LED 150W","Hna Teofilia 2075","Bicentenario","Con base en buenas condiciones","Ana Celina Pozzi","2026-09-07 18:46:34","","","","Aéreo","2026-09-07 18:46:06",""
"LedTratadodelPilar3290","","LED 150W","Tratado del Pilar 3290","San Jose Obrero","Con base en buenas condiciones","Emanuel Noriega Sosa","2026-09-08 07:54:26","","","","Aéreo","2026-09-08 07:52:35",""
"LedTratadodelPilar3230","","LED 150W","Tratado del Pilar 3230","San Jose Obrero","Con base en buenas condiciones","Emanuel Noriega Sosa","2026-09-08 09:41:09","","","","Aéreo","2026-09-08 07:54:31",""
"LedTratadodelPilar3210","","LED 150W","Tratado del Pilar","San Jose Obrero","Con base en buenas condiciones","Emanuel Noriega Sosa","2026-09-08 07:57:21","","","","Aéreo","2026-09-08 07:57:21",""
"LedTratadodelPilar3190","","LED 150W","Tratado del Pilar 3190","San Jose Obrero","Sin base","Emanuel Noriega Sosa","2026-09-08 08:02:19","","","","Aéreo","2026-09-08 08:01:21",""
"LedTratadodelPilar3150","","LED 150W","Tratado del Pilar 3150","San Jose Obrero","Sin base","Emanuel Noriega Sosa","2026-09-08 08:03:52","","","","Aéreo","2026-09-08 08:02:54",""
"LedTratadodelPilar3110","","LED 150W","Tratado del Pilar 3110","San Jose Obrero","Sin base","Emanuel Noriega Sosa","2026-09-08 08:26:18","","","","Aéreo","2026-09-08 08:25:38",""
"LedTratadodelPilar3090","","LED 150W","Tratado del Pilar 3090","San Jose Obrero","Con base en buenas condiciones","Emanuel Noriega Sosa","2026-09-08 08:29:23","","","","Aéreo","2026-09-08 08:26:26",""
"LedTratadodelPilar3005","","LED 150W","Tratado del Pilar 3005","San Jose Obrero","Sin base","Emanuel Noriega Sosa","2026-09-08 08:31:47","","","","Aéreo","2026-09-08 08:29:54",""
"LedMandisovi3290","","LED 150W","Mandisovi 3290","San Jose Obrero","Con base en buenas condiciones","Emanuel Noriega Sosa","2026-09-08 09:01:47","","","","Aéreo","2026-09-08 09:01:47",""
"LedMandisovi3250","","LED 150W","Mandisovi 3250","San Jose Obrero","Con base en buenas condiciones","Emanuel Noriega Sosa","2026-09-08 09:02:32","","","","Aéreo","2026-09-08 09:02:32",""
"LedMandisovi3210","","LED 150W","Mandisovi 3210","San Jose Obrero","Con base en buenas condiciones","Emanuel Noriega Sosa","2026-09-08 09:03:14","","","","Aéreo","2026-09-08 09:03:14",""
"LedMandisovi3185","","LED 150W","Mandisovi 3185","San Jose Obrero","Sin base","Emanuel Noriega Sosa","2026-09-08 09:45:13","","","","Aéreo","2026-09-08 09:04:38",""
"LedMandisovi3155","","LED 150W","Mandisovi 31550","San Jose Obrero","Sin base","Emanuel Noriega Sosa","2026-09-08 09:12:06","","","","Aéreo","2026-09-08 09:12:06",""
"LedMandisovi3115","","LED 150W","Mandisovi 3115","San Jose Obrero","Sin base","Emanuel Noriega Sosa","2026-09-08 09:13:32","","","","Aéreo","2026-09-08 09:13:32",""
"LedAvVillaLibertad3295","","LED 150W","Av Villa Libertad 3295","San Jose Obrero","Sin base","Emanuel Noriega Sosa","2026-09-08 09:20:43","","","","Aéreo","2026-09-08 09:17:25",""
"LedAvVillaLibertad3255","","LED 150W","Av. Villa Libertad 3255","San Jose Obrero","Sin base","Emanuel Noriega Sosa","2026-09-08 09:21:44","","","","Aéreo","2026-09-08 09:21:44",""
"LedAvVillaLibertad3215","","LED 150W","Av Villa Libertad 3215","San Jose Obrero","Sin base","Emanuel Noriega Sosa","2026-09-08 09:58:06","","","","Aéreo","2026-09-08 09:27:09",""
"LedAvVillaLibertad3195","","LED 150W","Av. Villa Libertad 3195","San Jose Obrero","Sin base","Emanuel Noriega Sosa","2026-09-08 09:29:54","","","","Aéreo","2026-09-08 09:29:07",""
"LedAvVillaLibertad3155","","LED 150W","Av. Villa Libertad 3155","San Jose Obrero","Sin base","Emanuel Noriega Sosa","2026-09-08 09:33:16","","","","Aéreo","2026-09-08 09:32:33",""
"LedAvVillaLibertad3115","","LED 150W","Av. Villa Libertad 3115","San Jose Obrero","Sin base","Emanuel Noriega Sosa","2026-09-08 09:34:28","","","","Aéreo","2026-09-08 09:34:28",""
"LedPjeYankiGonzalez625","","LED 150W","Pasaje Tranki González 625","Curiyú","Con base en buenas condiciones","Lautaro Basilio","2026-09-08 17:19:14","","","","Aéreo","2026-09-08 17:15:38",""
"LedPjeYankiGonzalez665","","LED 150W","Pasaje Tranki González 665","Curiyú","Con base en buenas condiciones","Lautaro Basilio","2026-09-08 17:19:35","","","","Aéreo","2026-09-08 17:18:11",""
"LedPjeYankiGonzales685","","LED 150W","Pasaje Yanki Gonzáles 685","Curiyú","Con base en buenas condiciones","Lautaro Basilio","2026-09-08 17:21:15","","","","Aéreo","2026-09-08 17:21:15",""
"LedGuarumba680","","LED 150W","Guarumba 680","Curiyú","Con base en buenas condiciones","Lautaro Basilio","2026-09-08 17:23:14","","","","Aéreo","2026-09-08 17:23:14",""
"LedGuarumba664","","LED 150W","Guarumba 664","Curiyú","Con base en buenas condiciones","Lautaro Basilio","2026-09-08 17:24:22","","","","Aéreo","2026-09-08 17:24:22",""
"LedGuarumba620","","LED 150W","Guarumba 620","Curiyú","Con base en buenas condiciones","Lautaro Basilio","2026-09-08 17:25:44","","","","Aéreo","2026-09-08 17:25:44",""
"LedRepetto485","","LED 150W","Repetto 485","Curiyú","Sin base","Lautaro Basilio","2026-09-08 17:30:47","","","","Aéreo","2026-09-08 17:30:47",""
"LedRepeto565","","LED 150W","Repetto 565","Curiyú","Con base en buenas condiciones","Lautaro Basilio","2026-09-08 17:33:12","","","","Aéreo","2026-09-08 17:33:12",""
"LedRepetto624","","LED 150W","Repetto 624","Curiyú","Con base en buenas condiciones","Lautaro Basilio","2026-09-08 17:35:37","","","","Aéreo","2026-09-08 17:35:18",""
"LedRepeto656","","LED 150W","Repetto 656","Curiyú","Con base en buenas condiciones","Lautaro Basilio","2026-09-08 17:37:17","","","","Aéreo","2026-09-08 17:37:17",""
"LedRepetto692","","LED 150W","Repetto 692","Curiyú","Con base en buenas condiciones","Lautaro Basilio","2026-09-08 17:38:08","","","","Aéreo","2026-09-08 17:38:08",""
"LedPjeMigoya685","","LED 150W","Pasaje Migoya 685","Curiyú","Con base en buenas condiciones","Lautaro Basilio","2026-09-08 17:41:41","","","","Aéreo","2026-09-08 17:41:41",""
"LedPjeMigoya655","","LED 150W","Pasaje Migoya 655","Curiyú","Con base en buenas condiciones","Lautaro Basilio","2026-09-08 17:42:39","","","","Aéreo","2026-09-08 17:42:39",""
"LedPjeMigoya615","","LED 150W","Pasaje Migoya 615","Curiyú","Con base en buenas condiciones","Lautaro Basilio","2026-09-08 17:43:19","","","","Aéreo","2026-09-08 17:43:19",""
"LedPjePublico625","","LED 150W","Pasaje Público","Curiyú","Sin base","Lautaro Basilio","2026-09-08 17:47:12","","","","Aéreo","2026-09-08 17:45:51",""
"LedPjePublico650","","LED 150W","Pasaje Público 650","Curiyú","Sin base","Lautaro Basilio","2026-09-08 17:47:58","","","","Aéreo","2026-09-08 17:47:58",""
"LedPjePublico695","","LED 150W","Pasaje Público 695","Curiyú","Sin base","Lautaro Basilio","2026-09-08 17:48:40","","","","Aéreo","2026-09-08 17:48:40",""
"LedEstrada685","","LED 150W","Estrada 685","Curiyú","Sin base","Lautaro Basilio","2026-09-08 17:51:14","","","","Aéreo","2026-09-08 17:51:14",""
"LedEstrada650","","LED 150W","Estrada 650","Curiyú","Sin base","Lautaro Basilio","2026-09-08 17:52:38","","","","Aéreo","2026-09-08 17:52:38",""
"LedEstrada615","","LED 150W","Estrada 615","Curiyú","Sin base","Lautaro Basilio","2026-09-08 17:53:13","","","","Aéreo","2026-09-08 17:53:13",""
"LedEstrada580","","LED 150W","Estrada 580","Curiyú","Con base en buenas condiciones","Lautaro Basilio","2026-09-08 17:54:41","","","","Aéreo","2026-09-08 17:54:41",""
"LedEstrada520","","LED 150W","Estrada 520","Curiyú","Con base en buenas condiciones","Lautaro Basilio","2026-09-08 17:56:07","","","","Aéreo","2026-09-08 17:56:07",""
"LedEstrada486","","LED 150W","Estrada 486","Curiyú","Con base en buenas condiciones","Lautaro Basilio","2026-09-08 17:58:26","","","","Aéreo","2026-09-08 17:58:26",""
"LedEstrada410","","LED 150W","Estrada","Curiyú","Con base en buenas condiciones","Lautaro Basilio","2026-09-08 17:59:32","","","","Aéreo","2026-09-08 17:59:32",""
